track_id,track_name,artist_name,collection_name,genre,track_price,collection_price,release_date,track_time_millis
1624932774,POP!,NAYEON,IM NAYEON,Dance,1.29,6.99,2022-06-24 12:00:00+00:00,168107
1022164261,Riptide,Vance Joy,Dream Your Life Away (Special Edition),Alternative,1.29,9.99,2013-03-22 07:00:00+00:00,202019
1207120448,Something Just Like This,The Chainsmokers & Coldplay,Memories...Do Not Open,Dance,1.29,9.99,2017-02-22 08:00:00+00:00,247165
1369380479,lovely,Billie Eilish & Khalid,lovely - Single,Pop,1.29,1.29,2018-04-19 12:00:00+00:00,200187
1450695872,when the party's over,Billie Eilish,"WHEN WE ALL FALL ASLEEP, WHERE DO WE GO?",Alternative,1.29,10.99,2018-10-17 07:00:00+00:00,196077
1440899467,ocean eyes,Billie Eilish,dont smile at me,Alternative,1.29,8.99,2016-05-18 12:00:00+00:00,200379
1468058171,Cruel Summer,Taylor Swift,Lover,Pop,1.29,11.99,2019-08-23 07:00:00+00:00,178426
303178994,Pop,*NSYNC,Celebrity,Pop,1.29,9.99,2001-07-24 07:00:00+00:00,238427
1691699836,Lose Control,Teddy Swims,I've Tried Everything But Therapy (Part 1),Pop,1.29,9.99,2023-06-23 12:00:00+00:00,210689
573962555,When I Was Your Man,Bruno Mars,Unorthodox Jukebox,Pop,1.29,10.99,2012-12-07 08:00:00+00:00,213827
1440843496,One Dance (feat. Wizkid & Kyla),Drake,Views,Hip-Hop/Rap,1.29,11.99,2016-04-05 12:00:00+00:00,173985
1441154437,Umbrella (feat. JAY-Z),Rihanna,Good Girl Gone Bad: Reloaded,Pop,1.29,9.99,2007-03-29 07:00:00+00:00,276136
1147252591,Say You Won't Let Go,James Arthur,Back from the Edge (Deluxe Edition),Pop,1.29,13.99,2016-09-09 07:00:00+00:00,211477
1703217516,I Remember Everything (feat. Kacey Musgraves),Zach Bryan,Zach Bryan,Country,1.29,11.99,2023-01-27 12:00:00+00:00,227196
1468058173,Lover,Taylor Swift,Lover,Pop,1.29,11.99,2019-08-16 07:00:00+00:00,221300
1050204631,Thinking Out Loud,Ed Sheeran,x (Wembley Edition),Pop,1.29,12.99,2014-06-20 07:00:00+00:00,281560
1411629089,Thunder,Imagine Dragons,Evolve,Alternative,,9.99,2017-04-27 07:00:00+00:00,187145
1536646948,Too Good at Goodbyes,Sam Smith,The Thrill of It All (Special Video Edition),Pop,1.29,13.99,2017-09-08 07:00:00+00:00,201000
309066884,No Scrubs,TLC,FanMail,R&B/Soul,1.29,9.99,1999-02-02 08:00:00+00:00,214400
1450695881,bury a friend,Billie Eilish,"WHEN WE ALL FALL ASLEEP, WHERE DO WE GO?",Alternative,1.29,10.99,2019-01-29 08:00:00+00:00,193149
1226034393,Sign of the Times,Harry Styles,Harry Styles,Pop,1.29,9.99,2017-04-07 07:00:00+00:00,340707
1544491988,Set Fire to the Rain,Adele,21,Pop,1.29,10.99,2011-01-19 12:00:00+00:00,242974
1516339167,The Bones,Maren Morris,GIRL,Country,,,2019-02-22 12:00:00+00:00,197299
1445007713,Party In the U.S.A.,Miley Cyrus,Party In the U.S.A. - Single,Pop,0.69,0.69,2009-08-11 07:00:00+00:00,202760
1193701328,Castle on the Hill,Ed Sheeran,÷ (Deluxe),Pop,1.29,12.99,2017-01-06 08:00:00+00:00,261154
1440935808,Blank Space,Taylor Swift,1989,Pop,1.29,10.99,2014-10-27 07:00:00+00:00,231833
1793663645,Ordinary,Alex Warren,Ordinary - Single,Pop,0.69,0.69,2024-09-26 12:00:00+00:00,186964
1445043157,Stay,Zedd & Alessia Cara,Stay - Single,Dance,1.29,1.29,2017-02-23 12:00:00+00:00,210091
275820157,Beautiful Girls,Sean Kingston,Sean Kingston,R&B/Soul,1.29,7.99,2007-05-26 07:00:00+00:00,241933
1532788352,Levitating (feat. DaBaby),Dua Lipa,Levitating (feat. DaBaby) - Single,Pop,1.29,1.29,2020-10-01 12:00:00+00:00,203064
1161504045,Versace On The Floor,Bruno Mars,24K Magic,Pop,1.29,9.99,2016-11-04 07:00:00+00:00,261241
1622045962,Ojitos Lindos,Bad Bunny & Bomba Estéreo,Un Verano Sin Ti,Latin,1.29,9.99,2022-05-06 12:00:00+00:00,258299
922876189,Summer,Calvin Harris,Motion,Dance,1.29,11.99,2014-03-14 07:00:00+00:00,222533
829910927,A Sky Full of Stars,Coldplay,Ghost Stories,Alternative,1.29,9.99,2014-05-02 07:00:00+00:00,268466
1050203620,Roses (feat. ROZES),The Chainsmokers,Bouquet - EP,Dance,1.29,4.99,2015-06-16 07:00:00+00:00,225813
1500952424,Rain On Me,Lady Gaga & Ariana Grande,Chromatica,Pop,1.29,11.99,2020-05-22 07:00:00+00:00,182203
576655094,Grenade,Bruno Mars,Doo-Wops & Hooligans,Pop,1.29,9.99,2010-09-28 07:00:00+00:00,222091
283567164,I Want It That Way,Backstreet Boys,Millennium,Pop,1.29,9.99,1999-04-12 07:00:00+00:00,213307
1581087034,Shivers,Ed Sheeran,=,Pop,1.29,9.99,2021-09-09 07:00:00+00:00,207853
277635828,I'm Yours,Jason Mraz,We Sing. We Dance. We Steal Things,Pop,1.29,11.99,2008-02-12 08:00:00+00:00,242947
268532453,U Remind Me,USHER,8701,R&B/Soul,1.29,9.99,2001-05-22 07:00:00+00:00,266893
1217977755,Apocalypse,Cigarettes After Sex,Cigarettes After Sex,Alternative,1.29,9.99,2017-03-20 12:00:00+00:00,290147
1811228836,Burning Blue,Mariah the Scientist,Burning Blue - Single,R&B/Soul,1.29,1.29,2025-04-25 12:00:00+00:00,205725
1445055017,Wolves,Selena Gomez & Marshmello,Wolves - Single,Pop,1.29,1.29,2017-10-25 12:00:00+00:00,197993
1321217021,Never Be the Same,Camila Cabello,Camila,Pop,1.29,9.99,2017-12-07 08:00:00+00:00,226986
1434372043,Always Remember Us This Way,Lady Gaga,A Star Is Born Soundtrack,Soundtrack,1.29,14.99,2018-10-05 12:00:00+00:00,210198
576655095,Just the Way You Are,Bruno Mars,Doo-Wops & Hooligans,Pop,1.29,9.99,2010-07-20 07:00:00+00:00,220734
1544494731,Love in the Dark,Adele,25,Pop,1.29,10.99,2015-11-20 12:00:00+00:00,285935
1571330212,Bad Habits,Ed Sheeran,Bad Habits - Single,Pop,1.29,1.29,2021-06-25 12:00:00+00:00,230747
1521796588,Be Like That,"Kane Brown, Swae Lee, Khalid",Be Like That - Single,Pop,1.29,1.29,2020-07-10 12:00:00+00:00,191406
1560735563,favorite crime,Olivia Rodrigo,SOUR,Pop,1.29,9.99,2021-05-21 12:00:00+00:00,152667
1643168566,Unholy,Sam Smith & Kim Petras,Unholy - Single,Pop,1.29,1.29,2022-09-22 12:00:00+00:00,156943
303183614,I Wanna Know,Joe,My Name Is Joe,R&B/Soul,1.29,9.99,1999-07-16 07:00:00+00:00,296693
267264889,With You,Chris Brown,Exclusive (Expanded Edition),R&B/Soul,1.29,13.99,2007-11-06 08:00:00+00:00,252120
1440934252,Don’t Blame Me,Taylor Swift,reputation,Pop,1.29,9.99,2017-11-10 12:00:00+00:00,236414
171434594,It's the Most Wonderful Time of the Year,Andy Williams,The Andy Williams Christmas Album,Christmas: Classic,1.29,9.99,1963-10-14 07:00:00+00:00,152570
1696819855,"What Was I Made For? (From The Motion Picture ""Barbie"")",Billie Eilish,"What Was I Made For? (From The Motion Picture ""Barbie"") - Single",Alternative,1.29,1.29,2023-07-13 12:00:00+00:00,222370
383458635,Cooler Than Me (Single Mix),Mike Posner,31 Minutes to Takeoff,Pop,0.69,9.99,2010-04-16 07:00:00+00:00,213242
929825619,Like I'm Gonna Lose You (feat. John Legend),Meghan Trainor,Title (Deluxe Edition),Pop,1.29,12.99,2015-01-09 08:00:00+00:00,225635
1445046231,Let Me Go (feat. Florida Georgia Line & watt),Hailee Steinfeld & Alesso,Let Me Go (feat. Florida Georgia Line & watt) - Single,Pop,1.29,1.29,2017-09-08 12:00:00+00:00,174757
1417177313,Stay (feat. Mikky Ekko),Rihanna,Unapologetic (Deluxe Version),Pop,1.29,11.99,2012-11-19 12:00:00+00:00,240707
1450670650,Are You Bored Yet? (feat. Clairo),Wallows,Nothing Happens,Alternative,1.29,9.99,2019-02-01 12:00:00+00:00,178000
1253689031,Praying,Kesha,Rainbow,Pop,1.29,9.99,2017-07-06 12:00:00+00:00,230269
1440892706,Mercy,Shawn Mendes,Illuminate (Deluxe),Pop,1.29,11.99,2016-08-18 12:00:00+00:00,208734
1293229677,Attention,Charlie Puth,Voicenotes,Pop,1.29,9.99,2017-04-21 12:00:00+00:00,208792
1544494722,Water Under the Bridge,Adele,25,Pop,1.29,10.99,2015-11-20 12:00:00+00:00,240439
1031416185,We Don’t Talk Anymore (feat. Selena Gomez),Charlie Puth,Nine Track Mind,Pop,1.29,9.99,2016-01-29 08:00:00+00:00,217711
1619425410,PROVENZA,KAROL G,PROVENZA - Single,Urbano latino,1.29,1.29,2022-04-21 12:00:00+00:00,209791
1770187510,Sailor Song,Gigi Perez,Sailor Song - Single,Pop,1.29,1.29,2025-04-12 12:00:00+00:00,211979
1444891951,Starving (feat. Zedd),Hailee Steinfeld & Grey,Starving (feat. Zedd) - Single,Pop,1.29,1.29,2015-11-13 12:00:00+00:00,181838
1440910931,Rocket Man (I Think It's Going to Be a Long Long Time),Elton John,Honky Château (Bonus Track Version),Pop,1.29,9.99,1972-04-17 08:00:00+00:00,281613
1817609509,Man I Need,Olivia Dean,The Art of Loving,Pop,1.29,9.99,2025-09-26 12:00:00+00:00,184000
20913041,The Boy Is Mine,Brandy & Monica,Never Say Never,Pop,1.29,9.99,1998-05-04 07:00:00+00:00,294787
353554372,Whatcha Say,Jason Derulo,Jason Derulo,Pop,1.29,9.99,2009-05-05 07:00:00+00:00,221253
1622046222,Otro Atardecer,Bad Bunny & The Marías,Un Verano Sin Ti,Latin,1.29,9.99,2022-05-06 12:00:00+00:00,244444
1445170918,FourFiveSeconds,Rihanna and Kanye West and Paul McCartney,FourFiveSeconds - Single,Pop,1.29,1.29,2015-01-24 12:00:00+00:00,188238
1296455325,Hallelujah,Pentatonix,A Pentatonix Christmas (Deluxe),Holiday,1.29,9.99,2016-10-21 12:00:00+00:00,268956
482734113,What Makes You Beautiful,One Direction,Up All Night (Deluxe Version),Pop,1.29,12.99,2011-09-11 07:00:00+00:00,199133
1147252595,Train Wreck,James Arthur,Back from the Edge (Deluxe Edition),Pop,1.29,13.99,2016-10-28 07:00:00+00:00,208864
477341015,Stereo Hearts (feat. Adam Levine),Gym Class Heroes,The Papercut Chronicles II,Pop,1.29,9.99,2011-06-14 07:00:00+00:00,210960
1715047378,NIGHTS LIKE THIS,The Kid LAROI,THE FIRST TIME,Pop,1.29,16.99,2023-11-09 12:00:00+00:00,86984
715891620,I Kissed a Girl,Katy Perry,One of the Boys,Pop,1.29,9.99,2008-04-28 07:00:00+00:00,179640
1646180883,Hey Mor (feat. Feid),Ozuna,OzuTochi,Urbano latino,1.29,9.99,2022-10-07 12:00:00+00:00,196600
1556706159,Beautiful Mistakes,Maroon 5 & Megan Thee Stallion,Beautiful Mistakes - Single,Pop,,,2021-03-03 12:00:00+00:00,227395
1320781379,Beggin',Måneskin,Chosen,Pop,1.29,5.99,2017-12-08 12:00:00+00:00,211560
1419758422,Beautiful (feat. Camila Cabello),Bazzi,Beautiful (feat. Camila Cabello) - Single,Pop,1.29,1.29,2018-08-02 12:00:00+00:00,180000
158618071,Vienna,Billy Joel,The Stranger,Rock,1.29,8.99,1977-09-29 07:00:00+00:00,213924
914556579,Night Changes,One Direction,FOUR (The Ultimate Edition),Pop,1.29,14.99,2014-11-17 08:00:00+00:00,226598
1279378195,Dusk Till Dawn (feat. Sia),ZAYN,Dusk Till Dawn (Radio Edit) [feat. Sia] - Single,Pop,,,2017-09-08 12:00:00+00:00,239000
1698723221,HOT TO GO!,Chappell Roan,The Rise and Fall of a Midwest Princess,Pop,1.29,10.99,2023-08-11 12:00:00+00:00,184841
1399204228,no tears left to cry,Ariana Grande,Sweetener,Pop,1.29,9.99,2018-04-20 07:00:00+00:00,205924
941366737,Ex's & Oh's,Elle King,Love Stuff,Alternative,1.29,9.99,2014-09-23 12:00:00+00:00,202177
1377817652,Felices los 4,Maluma,F.A.M.E.,Urbano latino,1.29,9.99,2017-04-21 12:00:00+00:00,229849
1441728727,Let Me Down Slowly,Alec Benjamin,Narrated for You,Pop,1.29,10.99,2018-05-25 12:00:00+00:00,169354
1777272259,Little Things,Ella Mai,3 (EP) - Single,R&B/Soul,1.29,2.99,2024-11-03 12:00:00+00:00,172924
1440934262,Getaway Car,Taylor Swift,reputation,Pop,1.29,9.99,2017-11-10 12:00:00+00:00,233626
1164197135,Lights Down Low (feat. gnash),MAX,Lights Down Low - Single,Pop,1.29,1.99,2016-10-14 12:00:00+00:00,225013
1376115725,In My Blood,Shawn Mendes,Shawn Mendes,Pop,1.29,9.99,2018-03-22 07:00:00+00:00,211360
966411602,See You Again (feat. Charlie Puth),Wiz Khalifa,Furious 7 (Original Motion Picture Soundtrack),Hip-Hop/Rap,1.29,10.99,2015-03-10 07:00:00+00:00,229526
1590036031,Oh My God,Adele,30,Pop,1.29,10.99,2021-11-19 12:00:00+00:00,225149
1772783961,Rock,Stepz,Rock - Single,Hip-Hop/Rap,1.29,1.29,2024-10-11 12:00:00+00:00,144113
574044008,Highway to Hell,AC/DC,Highway to Hell,Hard Rock,1.29,9.99,1979-07-27 07:00:00+00:00,208111
1447184844,You Say,Lauren Daigle,Look Up Child,Christian,1.29,7.99,2018-07-13 12:00:00+00:00,274693
1440666111,Bring Me to Life,Evanescence,Fallen,Hard Rock,1.29,9.99,2003-02-04 12:00:00+00:00,235893
1440851722,She Will Be Loved,Maroon 5,Songs About Jane,Vocal,1.29,10.99,2002-06-25 12:00:00+00:00,258469
269573341,Beat It,Michael Jackson,Thriller,Pop,1.29,9.99,1982-11-29 08:00:00+00:00,258297
1697401286,White Horse,Chris Stapleton,Higher,Country,1.29,9.99,2023-07-21 07:00:00+00:00,267893
574051407,Thunderstruck,AC/DC,The Razors Edge,Hard Rock,1.29,9.99,1990-09-10 07:00:00+00:00,292334
1437697155,Ain't No Rest for the Wicked,Cage the Elephant,Cage the Elephant (Expanded Edition),Alternative,1.29,9.99,2008-06-16 12:00:00+00:00,175493
1440839501,Santeria,Sublime,Sublime,Alternative,1.29,9.99,1996-07-01 12:00:00+00:00,182747
947701032,Under the Bridge,Red Hot Chili Peppers,Greatest Hits,Alternative,1.29,12.99,1991-09-24 07:00:00+00:00,273657
1440862694,My Songs Know What You Did In The Dark (Light Em Up),Fall Out Boy,Save Rock And Roll,Alternative,1.29,9.99,2013-02-04 08:00:00+00:00,186867
1038703713,Rock,SEVENTEEN,Boys Be - EP,K-Pop,1.29,4.99,2015-09-10 07:00:00+00:00,191500
1358462132,Jingle Bell Rock,Bobby Helms,Jingle Bell Rock / Captain Santa Claus (And His Reindeer Space Patrol) - Single,Holiday,1.29,1.99,1957-12-02 08:00:00+00:00,130973
1050385382,Death of a Bachelor,Panic! At the Disco,Death of a Bachelor,Alternative,1.29,9.99,2015-12-09 08:00:00+00:00,203503
1176303886,After Dark,Mr.Kitty,Time,Alternative,1.29,9.99,2014-06-10 12:00:00+00:00,259147
1440848810,Fade into You,Mazzy Star,So Tonight That I Might See,Pop,1.29,9.99,1993-09-27 12:00:00+00:00,295600
1440765582,Paint It Black,The Rolling Stones,Hot Rocks 1964-1971,Rock,1.29,14.99,1966-04-15 12:00:00+00:00,204848
1107254996,Way Down We Go,KALEO,A / B,Alternative,1.29,10.99,2015-08-15 07:00:00+00:00,219560
1440783625,Smells Like Teen Spirit,Nirvana,Nevermind,Rock,1.29,10.99,1991-09-10 12:00:00+00:00,301096
1469412117,Wagon Wheel,Darius Rucker,True Believers,Country,1.29,9.99,2013-01-07 12:00:00+00:00,298400
900672609,Take Me to Church,Hozier,Hozier (Expanded Edition),Alternative,1.29,11.99,2013-09-13 07:00:00+00:00,241688
712721787,Stacy's Mom,Fountains Of Wayne,Welcome Interstate Managers,Pop,1.29,18.99,2003-06-10 07:00:00+00:00,197987
574050602,Back In Black,AC/DC,Back In Black,Hard Rock,1.29,9.99,1980-07-25 07:00:00+00:00,256000
1440851719,This Love,Maroon 5,Songs About Jane,Pop,1.29,10.99,2002-06-25 12:00:00+00:00,207224
1813021647,Ballad Of A Southern Man,Whiskey Myers,Firewater,Country,1.29,7.99,2011-04-26 12:00:00+00:00,220187
1567918167,Freaks,Surf Curse,Freaks - Single,Alternative,1.29,1.29,2015-05-10 12:00:00+00:00,147062
1361152140,"Hey Look Ma, I Made It",Panic! At the Disco,Pray for the Wicked,Alternative,1.29,9.99,2018-06-22 12:00:00+00:00,169667
635770202,Hotel California,Eagles,Hotel California,Rock,1.29,9.99,1976-12-08 08:00:00+00:00,391357
1161539473,Holiday,Green Day,American Idiot,Alternative,1.29,9.99,2004-09-21 07:00:00+00:00,232826
1440832545,Copperhead Road,Steve Earle,Copperhead Road,Country,1.29,10.99,1988-10-17 12:00:00+00:00,269925
974485807,Tear in My Heart,twenty one pilots,Blurryface,Alternative,1.29,9.99,2015-04-06 12:00:00+00:00,188492
1423345807,Sweet Caroline,Neil Diamond,Sweet Caroline,Pop,1.29,9.99,1969-05-28 07:00:00+00:00,202507
214403648,Rockstar,Nickelback,All the Right Reasons,Rock,1.29,9.99,2005-09-26 07:00:00+00:00,255435
1644401715,Rock and a Hard Place,Bailey Zimmerman,Leave The Light On - EP,Country,1.29,7.99,2022-06-22 07:00:00+00:00,207541
1806531961,The Night We Met,Lord Huron,Strange Trails,Indie Rock,1.29,9.99,2015-02-09 12:00:00+00:00,208227
1050385378,Don't Threaten Me with a Good Time,Panic! At the Disco,Death of a Bachelor,Alternative,1.29,9.99,2015-12-31 08:00:00+00:00,213095
1440879325,Buddy Holly,Weezer,Weezer,Pop,1.29,9.99,1994-05-10 12:00:00+00:00,159587
947701044,Otherside,Red Hot Chili Peppers,Greatest Hits,Alternative,1.29,12.99,1999-06-08 12:00:00+00:00,255723
1440912353,Fight for Your Right,Beastie Boys,Licensed to Ill,Hip-Hop/Rap,1.29,9.99,1986-11-15 08:00:00+00:00,208653
721224621,1979 (Remastered 2012),The Smashing Pumpkins,Mellon Collie And The Infinite Sadness (2012 Remastered),Alternative,1.29,16.99,1995-10-24 07:00:00+00:00,266197
1440826718,Uma Thurman,Fall Out Boy,American Beauty / American Psycho,Alternative,1.29,9.99,2015-01-12 12:00:00+00:00,211576
1440912354,No Sleep Till Brooklyn,Beastie Boys,Licensed to Ill,Hip-Hop/Rap,1.29,9.99,1986-11-15 08:00:00+00:00,246933
1111749675,Gypsy,Fleetwood Mac,Mirage (Deluxe),Pop,1.29,19.99,1982-06-01 12:00:00+00:00,267025
1122782283,Yellow,Coldplay,Parachutes,Alternative,1.29,9.99,2000-06-26 07:00:00+00:00,269208
948446131,Scar Tissue,Red Hot Chili Peppers,Californication (Deluxe Edition),Alternative,1.29,12.99,1999-05-25 07:00:00+00:00,217360
362133505,Everlong,Foo Fighters,The Colour And The Shape,Rock,1.29,9.99,1997-05-20 07:00:00+00:00,250547
1440636627,Party Rock Anthem (feat. Lauren Bennett & GoonRock),LMFAO,Sorry for Party Rocking (Deluxe Version),Pop,1.29,11.99,2011-06-17 07:00:00+00:00,262147
205881936,Sexual Healing,Marvin Gaye,Midnight Love & The Sexual Healing Sessions,R&B/Soul,1.29,16.99,1982-11-01 08:00:00+00:00,238600
1871445352,Gonna Be A Rock (Live Ver.),BOYNEXTDOOR,BOYNEXTDOOR TOUR ‘KNOCK ON Vol.1’ FINAL (LIVE),K-Pop,1.29,15.99,2026-02-04 12:00:00+00:00,215239
1682311092,World on Fire,Nate Smith,NATE SMITH (DELUXE),Country,1.29,14.99,2023-04-28 12:00:00+00:00,189987
945568999,Snow (Hey Oh),Red Hot Chili Peppers,Stadium Arcadium,Alternative,1.29,14.99,2006-05-09 07:00:00+00:00,334642
1109250843,Dark Necessities,Red Hot Chili Peppers,The Getaway,Alternative,1.29,11.99,2016-05-05 07:00:00+00:00,302013
269441147,Praise You In This Storm,Casting Crowns,Lifesong,Christian,1.29,9.99,2005-08-30 07:00:00+00:00,297640
252606598,Rock Your Body,Justin Timberlake,Justified,Pop,1.29,9.99,2002-11-05 08:00:00+00:00,267267
721224400,Bullet With Butterfly Wings (Remastered 2012),The Smashing Pumpkins,Mellon Collie And The Infinite Sadness (2012 Remastered),Alternative,1.29,16.99,1995-10-24 07:00:00+00:00,258489
1097861836,Karma Police,Radiohead,OK Computer,Alternative,1.29,9.99,1997-05-21 07:00:00+00:00,264067
1039797280,Starman (2012 Remaster),David Bowie,The Rise and Fall of Ziggy Stardust and the Spiders from Mars (2012 Remaster),Pop,1.29,9.99,1972-04-28 08:00:00+00:00,254293
991509754,Uprising,Muse,The Resistance,Alternative,1.29,9.99,2009-08-04 07:00:00+00:00,302827
1440938035,Wish I Knew You,The Revivalists,Men Amongst Mountains,Alternative,1.29,9.99,2015-07-17 12:00:00+00:00,274089
1698148921,Aquí Te Espero,Ivan Cornejo,Aquí Te Espero - Single,Música Mexicana,0.99,0.99,2023-07-29 12:00:00+00:00,255373
997088846,(Sittin' On) The Dock of the Bay,Otis Redding,The Very Best of Otis Redding,R&B/Soul,1.29,11.99,1964-12-31 12:00:00+00:00,166667
1241485192,Lady May,Tyler Childers,Purgatory,Country,1.29,9.99,2017-06-09 12:00:00+00:00,183533
214475478,How You Remind Me,Nickelback,Silver Side Up,Rock,1.29,9.99,2001-08-21 07:00:00+00:00,223840
1572046436,Enter Sandman,Metallica,Metallica (Remastered),Metal,1.29,9.99,1991-07-29 12:00:00+00:00,331560
214696369,Before He Cheats,Carrie Underwood,Some Hearts,Pop,1.29,9.99,2005-11-15 08:00:00+00:00,199940
1440862699,Alone Together,Fall Out Boy,Save Rock And Roll,Alternative,1.29,9.99,2013-04-12 07:00:00+00:00,203267
1440862595,The Phoenix,Fall Out Boy,Save Rock And Roll,Alternative,1.29,9.99,2013-04-12 07:00:00+00:00,244960
258626629,Chattahoochee,Alan Jackson,A Lot About Livin' (And a Little 'Bout Love),Country,1.29,8.99,1992-10-09 07:00:00+00:00,148160
1443287670,Loser,Beck,Mellow Gold,Pop,1.29,10.99,1993-01-18 12:00:00+00:00,235000
260336471,Kiss,Prince & The Revolution,Parade (Music from the Motion Picture Under the Cherry Moon),Soundtrack,1.29,9.99,1986-02-05 08:00:00+00:00,226240
459720515,Caribbean Queen (No More Love On the Run),Billy Ocean,Suddenly (Expanded Edition),Pop,1.29,9.99,1984-09-12 07:00:00+00:00,475227
435761212,Pumped Up Kicks,Foster the People,Torches,Alternative,1.29,9.99,2010-09-14 07:00:00+00:00,239840
721280659,Springsteen,Eric Church,Chief,Country,1.29,9.99,2011-07-26 07:00:00+00:00,263387
573962551,Locked Out of Heaven,Bruno Mars,Unorthodox Jukebox,Pop,1.29,10.99,2012-10-01 07:00:00+00:00,233478
185717604,Africa,Toto,Toto IV,Rock,1.29,9.99,1982-04-08 08:00:00+00:00,295283
1650885304,Reelin' In The Years,Steely Dan,Can't Buy A Thrill,Pop,1.29,9.99,1972-10-01 12:00:00+00:00,277305
302987569,Reptilia,The Strokes,Room On Fire,Alternative,1.29,9.99,2003-10-21 07:00:00+00:00,219827
1728492245,Bulletproof,Nate Smith,Through the Smoke,Country,1.29,6.99,2024-02-09 12:00:00+00:00,183920
1728501027,Stick Season,Noah Kahan,Stick Season (Forever),Alternative,1.29,11.99,2022-07-08 12:00:00+00:00,182347
288051955,Lifestyles of the Rich & Famous,Good Charlotte,The Young and the Hopeless,Alternative,1.29,9.99,2002-09-06 07:00:00+00:00,190467
1440634107,Call Me When You're Sober,Evanescence,The Open Door,Pop,1.29,9.99,2006-09-04 12:00:00+00:00,214707
202272624,Dreams,Fleetwood Mac,Greatest Hits,Rock,1.29,11.99,1987-04-14 07:00:00+00:00,254453
1440650711,Bohemian Rhapsody,Queen,"Greatest Hits I, II & III: The Platinum Collection",Rock,1.29,24.99,1975-10-31 12:00:00+00:00,355145
574050607,You Shook Me All Night Long,AC/DC,Back In Black,Hard Rock,1.29,9.99,1980-07-25 07:00:00+00:00,210329
1356339062,Beyond,Leon Bridges,Good Thing,R&B/Soul,1.29,9.99,2018-04-20 12:00:00+00:00,240599
1473620839,All Around Me,Flyleaf,Flyleaf,Alternative,1.29,10.99,2005-10-04 12:00:00+00:00,198507
1533513537,Seven Nation Army,The White Stripes,Elephant,Rock,1.29,9.99,2003-02-17 08:00:00+00:00,232107
1533513465,Icky Thump,The White Stripes,Icky Thump,Alternative,1.29,9.99,2007-04-26 12:00:00+00:00,254533
1050385379,Hallelujah,Panic! At the Disco,Death of a Bachelor,Alternative,1.29,9.99,2015-04-20 07:00:00+00:00,180620
1308648844,Landslide (Remastered),Fleetwood Mac,Fleetwood Mac (Deluxe),Rock,1.29,24.99,1975-07-11 07:00:00+00:00,199310
1440926343,Crocodile Rock,Elton John,Don't Shoot Me I'm Only The Piano Player (Bonus Tracks Version),Pop,1.29,9.99,1972-10-27 07:00:00+00:00,235440
1551375714,la di die (feat. Jaden Hossler),Nessa Barrett,la di die (feat. Jaden Hossler) - Single,Pop,1.29,1.29,2021-02-19 12:00:00+00:00,195191
683346502,Cigarette Daydreams,Cage the Elephant,Melophobia,Alternative,1.29,9.99,2013-10-08 07:00:00+00:00,208760
1450676563,Ready to Let Go,Cage the Elephant,Social Cues,Alternative,1.29,9.99,2019-02-05 08:00:00+00:00,187973
651880159,The Chain,Fleetwood Mac,Rumours (Super Deluxe Edition),Rock,1.29,29.99,1977-02-04 08:00:00+00:00,270213
1445734023,Thnks fr th Mmrs,Fall Out Boy,Infinity On High,Alternative,1.29,11.99,2007-02-06 12:00:00+00:00,203507
169003415,Don't Stop Believin' (2024 Remaster),Journey,Greatest Hits (2024 Remaster),Rock,1.29,10.99,1981-06-03 07:00:00+00:00,250835
273714640,Chop Suey!,System Of A Down,Toxicity,Hard Rock,1.29,9.99,2001-08-13 07:00:00+00:00,210240
1874543262,Bad Bitch From Tokyo (Intro),Pop Smoke,Shoot For The Stars Aim For The Moon,Hip-Hop,1.29,15.99,2020-07-03 07:00:00+00:00,48000
1874543263,Aim For The Moon (feat. Quavo),Pop Smoke,Shoot For The Stars Aim For The Moon,Hip-Hop,1.29,15.99,2020-07-03 07:00:00+00:00,175756
1874543474,44 BullDog,Pop Smoke,Shoot For The Stars Aim For The Moon,Hip-Hop,1.29,15.99,2020-07-03 07:00:00+00:00,150857
1874543485,Yea Yea,Pop Smoke,Shoot For The Stars Aim For The Moon,Hip-Hop,1.29,15.99,2020-07-03 07:00:00+00:00,185804
1874543486,Creature (feat. Swae Lee),Pop Smoke,Shoot For The Stars Aim For The Moon,Hip-Hop,1.29,15.99,2020-07-03 07:00:00+00:00,202816
1874543487,Snitching (feat. Quavo & Future),Pop Smoke,Shoot For The Stars Aim For The Moon,Hip-Hop,1.29,15.99,2020-07-03 07:00:00+00:00,259346
1874543492,The Woo (feat. 50 Cent & Roddy Ricch),Pop Smoke,Shoot For The Stars Aim For The Moon,Hip-Hop,1.29,15.99,2020-07-03 07:00:00+00:00,201600
1874543493,West Coast Shit (feat. Tyga & Quavo),Pop Smoke,Shoot For The Stars Aim For The Moon,Hip-Hop,1.29,15.99,2020-07-03 07:00:00+00:00,192000
1874543627,Mood Swings (feat. Lil Tjay),Pop Smoke,Shoot For The Stars Aim For The Moon,Hip-Hop,1.29,15.99,2020-07-03 07:00:00+00:00,213333
1874543628,Something Special,Pop Smoke,Shoot For The Stars Aim For The Moon,Hip-Hop,1.29,15.99,2020-07-03 07:00:00+00:00,158466
1874543629,What You Know Bout Love,Pop Smoke,Shoot For The Stars Aim For The Moon,Hip-Hop,1.29,15.99,2020-07-03 07:00:00+00:00,160000
1874543635,Diana (feat. King Combs),Pop Smoke,Shoot For The Stars Aim For The Moon,Hip-Hop,1.29,15.99,2020-07-03 07:00:00+00:00,188976
1874543643,Got It On Me,Pop Smoke,Shoot For The Stars Aim For The Moon,Hip-Hop,1.29,15.99,2020-07-03 07:00:00+00:00,164580
1874543644,Tunnel Vision (Outro),Pop Smoke,Shoot For The Stars Aim For The Moon,Hip-Hop,1.29,15.99,2020-07-03 07:00:00+00:00,132587
1874543645,Dior (Bonus),Pop Smoke,Shoot For The Stars Aim For The Moon,Hip-Hop,1.29,15.99,2020-07-03 07:00:00+00:00,216244
1874543478,Gangstas,Pop Smoke,Shoot For The Stars Aim For The Moon,Hip-Hop,1.29,15.99,2020-07-03 07:00:00+00:00,160000
1874543490,Make It Rain (feat. Rowdy Rebel),Pop Smoke,Shoot For The Stars Aim For The Moon,Hip-Hop,1.29,15.99,2020-07-03 07:00:00+00:00,202443
1874543624,Enjoy Yourself (feat. KAROL G),Pop Smoke,Shoot For The Stars Aim For The Moon,Hip-Hop,1.29,15.99,2020-07-03 07:00:00+00:00,197938
1871565288,Headphones,"Lecrae, Killer Mike & T.I.",Reconstruction: Second Story,Christian,1.29,23.99,2025-08-22 12:00:00+00:00,221894
1871564893,Resurrected,Lecrae,Reconstruction: Second Story,Christian,1.29,23.99,,79655
1871564895,Hold That,Lecrae,Reconstruction: Second Story,Christian,1.29,23.99,,108980
1871564899,Game 7,Lecrae,Reconstruction: Second Story,Christian,1.29,23.99,,145363
1871565262,Living Water,Lecrae,Reconstruction: Second Story,Christian,1.29,23.99,,129536
1871565264,Firm Foundation,Lecrae,Reconstruction: Second Story,Christian,1.29,23.99,,223426
1871565266,Reconstruction,Lecrae,Reconstruction: Second Story,Christian,1.29,23.99,,158322
1871565267,My Story,Lecrae,Reconstruction: Second Story,Christian,1.29,23.99,2025-08-22 12:00:00+00:00,148431
1871565272,Brick for Brick,Lecrae & MEEZO!,Reconstruction: Second Story,Christian,1.29,23.99,,157351
1871565534,There For You,Lecrae & Fridayy,Reconstruction: Second Story,Christian,1.29,23.99,2025-08-21 12:00:00+00:00,205861
1871565541,Pray For Me,Lecrae,Reconstruction: Second Story,Christian,1.29,23.99,2025-08-22 12:00:00+00:00,199228
1871565543,Too Much,Lecrae & Aklesso,Reconstruction: Second Story,Christian,1.29,23.99,2025-08-21 12:00:00+00:00,152443
1871565545,Mad At Today,Lecrae,Reconstruction: Second Story,Christian,1.29,23.99,2025-08-22 12:00:00+00:00,147724
1871565548,Politickin,Lecrae & Propaganda,Reconstruction: Second Story,Christian,1.29,23.99,2025-08-21 12:00:00+00:00,148025
1871565553,Cross The Ocean,Lecrae,Reconstruction: Second Story,Christian,1.29,23.99,2025-08-22 12:00:00+00:00,165824
1871565554,Erase Me,Lecrae & Hollyn,Reconstruction: Second Story,Christian,1.29,23.99,2025-08-21 12:00:00+00:00,198238
1874258520,West Coast Shit (feat. Tyga & Quavo),Pop Smoke,Shoot For The Stars Aim For The Moon (Deluxe),Hip-Hop,1.29,15.99,2020-07-20 07:00:00+00:00,192000
1874258764,Mood Swings (feat. Lil Tjay),Pop Smoke,Shoot For The Stars Aim For The Moon (Deluxe),Hip-Hop,1.29,15.99,2020-07-20 07:00:00+00:00,213333
1874259925,Hello (feat. A Boogie wit da Hoodie),Pop Smoke,Shoot For The Stars Aim For The Moon (Deluxe),Hip-Hop,1.29,15.99,2020-07-20 07:00:00+00:00,190534
1874258159,Yea Yea,Pop Smoke,Shoot For The Stars Aim For The Moon (Deluxe),Hip-Hop,1.29,15.99,2020-07-20 07:00:00+00:00,185804
1874346795,Hello (feat. A Boogie wit da Hoodie),Pop Smoke,For The Night - EP,Hip-Hop,,,2020-10-07 07:00:00+00:00,190534
1874258168,Snitching (feat. Quavo & Future),Pop Smoke,Shoot For The Stars Aim For The Moon (Deluxe),Hip-Hop,1.29,15.99,2020-07-20 07:00:00+00:00,259346
1874258157,Gangstas,Pop Smoke,Shoot For The Stars Aim For The Moon (Deluxe),Hip-Hop,1.29,15.99,2020-07-20 07:00:00+00:00,160000
1874259460,Backseat (feat. PnB Rock),Pop Smoke,Shoot For The Stars Aim For The Moon (Deluxe),Hip-Hop,1.29,15.99,2020-07-20 07:00:00+00:00,170670
1874259668,Paranoia (feat. Gunna & Young Thug),Pop Smoke,Shoot For The Stars Aim For The Moon (Deluxe),Hip-Hop,1.29,15.99,2020-07-20 07:00:00+00:00,212658
1874258932,Got It On Me,Pop Smoke,Shoot For The Stars Aim For The Moon (Deluxe),Hip-Hop,1.29,15.99,2020-07-20 07:00:00+00:00,164580
1874259936,Be Clearr,Pop Smoke,Shoot For The Stars Aim For The Moon (Deluxe),Hip-Hop,1.29,15.99,2020-07-20 07:00:00+00:00,202286
1874346797,Got It On Me,Pop Smoke,For The Night - EP,Hip-Hop,,,2020-10-07 07:00:00+00:00,164580
1874258775,What You Know Bout Love,Pop Smoke,Shoot For The Stars Aim For The Moon (Deluxe),Hip-Hop,1.29,15.99,2020-07-20 07:00:00+00:00,160000
1874258759,Enjoy Yourself (feat. KAROL G),Pop Smoke,Shoot For The Stars Aim For The Moon (Deluxe),Hip-Hop,1.29,15.99,2020-07-20 07:00:00+00:00,197938
1874258930,Diana (feat. King Combs),Pop Smoke,Shoot For The Stars Aim For The Moon (Deluxe),Hip-Hop,1.29,15.99,2020-07-20 07:00:00+00:00,188976
1874258149,Aim For The Moon (feat. Quavo),Pop Smoke,Shoot For The Stars Aim For The Moon (Deluxe),Hip-Hop,1.29,15.99,2020-07-20 07:00:00+00:00,175756
1874346800,Aim For The Moon (feat. Quavo),Pop Smoke,For The Night - EP,Hip-Hop,,,2020-10-07 07:00:00+00:00,175756
1874259275,Showin Off Pt.1 (feat. Fivio Foreign),Pop Smoke,Shoot For The Stars Aim For The Moon (Deluxe),Hip-Hop,1.29,15.99,2020-07-20 07:00:00+00:00,96041
1874259267,Hotel Lobby,Pop Smoke,Shoot For The Stars Aim For The Moon (Deluxe),Hip-Hop,1.29,15.99,2020-07-20 07:00:00+00:00,151011
1874259647,Imperfections (Interlude),Pop Smoke,Shoot For The Stars Aim For The Moon (Deluxe),Hip-Hop,1.29,15.99,2020-07-20 07:00:00+00:00,108132
1874258938,Tunnel Vision (Outro),Pop Smoke,Shoot For The Stars Aim For The Moon (Deluxe),Hip-Hop,1.29,15.99,2020-07-20 07:00:00+00:00,132587
1874258163,Creature (feat. Swae Lee),Pop Smoke,Shoot For The Stars Aim For The Moon (Deluxe),Hip-Hop,1.29,15.99,2020-07-20 07:00:00+00:00,202816
1874346798,Creature (feat. Swae Lee),Pop Smoke,For The Night - EP,Hip-Hop,,,2020-10-07 07:00:00+00:00,202816
1874259453,Woo Year (feat. Dread Woo),Pop Smoke,Shoot For The Stars Aim For The Moon (Deluxe),Hip-Hop,1.29,15.99,2020-07-20 07:00:00+00:00,181714
1874259455,Tsunami (feat. Davido),Pop Smoke,Shoot For The Stars Aim For The Moon (Deluxe),Hip-Hop,1.29,15.99,2020-07-20 07:00:00+00:00,208695
1874257815,Bad Bitch From Tokyo (Intro),Pop Smoke,Shoot For The Stars Aim For The Moon (Deluxe),Hip-Hop,1.29,15.99,2020-07-20 07:00:00+00:00,48000
1874259447,Iced Out Audemars (feat. DAFI WOO),Pop Smoke,Shoot For The Stars Aim For The Moon (Deluxe),Hip-Hop,1.29,15.99,2020-07-20 07:00:00+00:00,182535
1874259664,She Feelin Nice (feat. Jamie Foxx),Pop Smoke,Shoot For The Stars Aim For The Moon (Deluxe),Hip-Hop,1.29,15.99,2020-07-20 07:00:00+00:00,155277
1874258154,44 BullDog,Pop Smoke,Shoot For The Stars Aim For The Moon (Deluxe),Hip-Hop,1.29,15.99,2020-07-20 07:00:00+00:00,150857
1874259261,Dior (Bonus),Pop Smoke,Shoot For The Stars Aim For The Moon (Deluxe),Hip-Hop,1.29,15.99,2020-07-20 07:00:00+00:00,216244
1874258515,Make It Rain (feat. Rowdy Rebel),Pop Smoke,Shoot For The Stars Aim For The Moon (Deluxe),Hip-Hop,1.29,15.99,2020-07-20 07:00:00+00:00,202443
1874259278,Showin Off Pt.2 (feat. Fivio Foreign),Pop Smoke,Shoot For The Stars Aim For The Moon (Deluxe),Hip-Hop,1.29,15.99,2020-07-20 07:00:00+00:00,192000
1874258519,The Woo (feat. 50 Cent & Roddy Ricch),Pop Smoke,Shoot For The Stars Aim For The Moon (Deluxe),Hip-Hop,1.29,15.99,2020-07-20 07:00:00+00:00,201600
1874346796,The Woo (feat. 50 Cent & Roddy Ricch),Pop Smoke,For The Night - EP,Hip-Hop,,,2020-10-07 07:00:00+00:00,201600
1874259940,Yea Yea (Remix) [feat. Queen Naija],Pop Smoke,Shoot For The Stars Aim For The Moon (Deluxe),Hip-Hop,1.29,15.99,2020-07-20 07:00:00+00:00,216774
1874260158,Enjoy Yourself (Remix) [feat. Burna Boy],Pop Smoke,Shoot For The Stars Aim For The Moon (Deluxe),Hip-Hop,1.29,15.99,2020-07-20 07:00:00+00:00,197938
1874259945,Diana (Remix) [feat. King Combs & Calboy],Pop Smoke,Shoot For The Stars Aim For The Moon (Deluxe),Hip-Hop,1.29,15.99,2020-07-20 07:00:00+00:00,234331
1874258770,Something Special,Pop Smoke,Shoot For The Stars Aim For The Moon (Deluxe),Hip-Hop,1.29,15.99,2020-07-20 07:00:00+00:00,158466
1874532991,会いたいまま夜が溶けてく,"STAR SEEED, ロンリーガール & ZIONZ",ロンリーローリン,Hip-Hop/Rap,1.29,9.99,2026-01-16 08:00:00+00:00,227882
1874532993,君のマフラー,"STAR SEEED, 甘露寺レン & ロンリーガール",ロンリーローリン,Hip-Hop/Rap,1.29,9.99,2026-01-16 08:00:00+00:00,193603
1874532994,Eternal Snow,STAR SEEED & ロンリーガール,ロンリーローリン,Hip-Hop/Rap,1.29,9.99,2026-01-16 08:00:00+00:00,144960
1874532996,ごめんね。なんて言わないで,STAR SEEED & ロンリーガール,ロンリーローリン,Hip-Hop/Rap,1.29,9.99,2026-01-16 08:00:00+00:00,164080
1874532997,Lonely Winter,"STAR SEEED, 甘露寺レン & ロンリーガール",ロンリーローリン,Hip-Hop/Rap,1.29,9.99,2026-01-16 08:00:00+00:00,175765
1874532998,Coldな夜ほどロンリー,"STAR SEEED, ロンリーガール & ZIONZ",ロンリーローリン,Hip-Hop/Rap,1.29,9.99,2026-01-16 08:00:00+00:00,164642
1874533270,白い息,STAR SEEED & ロンリーガール,ロンリーローリン,Hip-Hop/Rap,1.29,9.99,2026-01-16 08:00:00+00:00,189880
1874533272,Frozen Ice,STAR SEEED & ロンリーガール,ロンリーローリン,Hip-Hop/Rap,1.29,9.99,2026-01-16 08:00:00+00:00,145040
1874533777,君のマフラー,"STAR SEEED, 甘露寺レン & ロンリーガール",Eternal Star 4.5,Hip-Hop/Rap,1.29,9.99,2026-01-30 08:00:00+00:00,193603
1874348878,PARTY'S OVER,Joey Valence & Brae,HYPERYOUTH (afterparty),Alternative,,,,220492
1445949267,Sunflower (Spider-Man: Into the Spider-Verse),Post Malone & Swae Lee,Spider-Man: Into the Spider-Verse (Soundtrack From & Inspired by the Motion Picture),Hip-Hop/Rap,1.29,9.99,2018-10-19 07:00:00+00:00,158040
1871998571,My Dubai,Kkuek,Wish,Korean Hip-Hop,1.29,4.99,2026-02-03 12:00:00+00:00,137680
1874143714,Trust,Chris Sails,Trust,Hip-Hop/Rap,0.99,8.99,2026-02-04 08:00:00+00:00,148140
1874143727,Love Thing,Chris Sails,Trust,Hip-Hop/Rap,0.99,8.99,2026-02-04 08:00:00+00:00,186175
1874143729,Parker,Chris Sails,Trust,Hip-Hop/Rap,0.99,8.99,2026-02-04 08:00:00+00:00,178260
1874143733,Brand New,Chris Sails,Trust,Hip-Hop/Rap,0.99,8.99,2026-02-04 08:00:00+00:00,166949
1874143735,Need You,Chris Sails,Trust,Hip-Hop/Rap,0.99,8.99,2026-02-04 08:00:00+00:00,130952
1874143741,Sacrifice,Chris Sails,Trust,Hip-Hop/Rap,0.99,8.99,2026-02-04 08:00:00+00:00,134478
1200868875,Location,Khalid,American Teen,R&B/Soul,1.29,9.99,2016-08-26 07:00:00+00:00,219080
1200868874,Young Dumb & Broke,Khalid,American Teen,R&B/Soul,1.29,9.99,2017-02-02 12:00:00+00:00,202535
1477880561,Circles,Post Malone,Hollywood's Bleeding,Hip-Hop/Rap,1.29,9.99,2019-08-30 07:00:00+00:00,215277
1455151648,Talk (feat. Disclosure),Khalid,Free Spirit,R&B/Soul,1.29,11.99,2019-02-07 08:00:00+00:00,197573
1781270323,luther,Kendrick Lamar,GNX,Hip-Hop/Rap,1.29,9.99,2024-11-21 12:00:00+00:00,177599
1421243212,YOSEMITE,Travis Scott,ASTROWORLD,Hip-Hop/Rap,1.29,12.99,2018-08-03 12:00:00+00:00,150043
1440829630,"Hold On, We're Going Home (feat. Majid Jordan)",Drake,Nothing Was the Same (Deluxe),Hip-Hop/Rap,1.29,11.99,2013-08-07 07:00:00+00:00,231193
323098607,Yo (Excuse Me Miss),Chris Brown,Chris Brown (Expanded Edition),R&B/Soul,1.29,13.99,2005-11-29 08:00:00+00:00,229040
1441410309,Heartless,Kanye West,808s & Heartbreak,Hip-Hop/Rap,1.29,9.99,2008-11-04 12:00:00+00:00,211000
278911463,Buggin' Out,A Tribe Called Quest,The Low End Theory,Hip-Hop/Rap,1.29,9.99,1991-09-24 07:00:00+00:00,217467
1467201477,Jazz,Eva,Queen,French Pop,,,2019-07-05 12:00:00+00:00,198960
358568310,I Keep Forgettin (Every Time You're Near),Michael McDonald,If That's What It Takes,Rock,1.29,9.99,1980-01-01 12:00:00+00:00,222280
1425235073,White Christmas,Bing Crosby,White Christmas,Holiday,,,1945-12-01 08:00:00+00:00,183613
1443852194,Jazz (Ain't Nothin' But Soul),Richard Wess & Betty Carter,The Modern Sound of Betty Carter,Pop,0.99,9.99,1960-01-01 12:00:00+00:00,116320
1606064876,What You Won't Do for Love,Bobby Caldwell,What You Won't Do for Love,R&B/Soul,1.29,9.99,1978-01-01 12:00:00+00:00,286493
993976750,Jazz (Sexual Guitar),Alicia Nando,Ibiza Luxury Lounge 2015,Instrumental,0.99,9.99,2015-05-11 12:00:00+00:00,324316
1486176100,Jazz,Eva,Queen (Platinum Edition),French Pop,,,2019-07-05 12:00:00+00:00,198960
255427987,Day-O (The Banana Boat Song),Harry Belafonte,Very Best Of Harry Belafonte,Folk,1.29,11.99,1956-01-01 08:00:00+00:00,184693
1440754487,Somebody That I Used to Know (feat. Kimbra),Gotye,Making Mirrors,Alternative,1.29,9.99,2011-07-05 07:00:00+00:00,244973
158796836,Pearls,Sade,Love Deluxe,R&B/Soul,1.29,8.99,1992-10-26 08:00:00+00:00,273227
355033133,Angel,Anita Baker,The Songstress,R&B/Soul,1.29,9.99,1983-04-18 08:00:00+00:00,300668
1585892546,Jazz (We've Got) [Radio Version],A Tribe Called Quest,Jazz (We've Got) - EP,Hip-Hop/Rap,1.29,3.99,1991-09-23 12:00:00+00:00,251966
828259377,Midnight City,M83,"Hurry Up, We're Dreaming",Electronic,1.29,14.99,2011-07-19 07:00:00+00:00,241440
300205055,Giving You the Best That I Got,Anita Baker,Giving You the Best That I Got,R&B/Soul,1.29,9.99,1988-09-27 07:00:00+00:00,260507
1503525192,Movin' On,Jonathan McReynolds & Mali Music,People,Christian,0.69,5.99,2020-04-24 12:00:00+00:00,228341
1440757565,Ribbon in the Sky (1982 Musiquarium Version),Stevie Wonder,Original Musiquarium,R&B/Soul,1.29,11.99,1982-01-01 12:00:00+00:00,338680
1133368603,Dream a Little Dream of Me,Doris Day,Day By Night,Pop,1.29,9.99,1957-11-11 08:00:00+00:00,223373
1542676124,Take Me Where Your Heart Is,Q,The Shave Experiment - EP,Alternative,1.29,4.99,2020-09-25 12:00:00+00:00,192897
1417397139,When We're Human (feat. Terence Blanchard),"Michael-Leon Wooley, Bruno Campos & Anika Noni Rose",The Princess and The Frog (Original Motion Picture Soundtrack),Musicals,1.29,9.99,2009-11-23 08:00:00+00:00,142093
310527535,Just the Two of Us (feat. Bill Withers),"Grover Washington, Jr.",Love Songs,Jazz,1.29,9.99,1980-01-01 08:00:00+00:00,438493
1444209180,If I Didn't Have You,Billy Crystal & John Goodman,"Monsters, Inc. (Original Motion Picture Soundtrack)",Soundtrack,1.29,10.99,2001-10-23 12:00:00+00:00,217787
1417397130,Down in New Orleans,Dr John,The Princess and The Frog (Original Motion Picture Soundtrack),Musicals,1.29,9.99,2009-11-23 08:00:00+00:00,145427
1440858129,Fly Me to the Moon (feat. Count Basie and His Orchestra),Frank Sinatra,Nothing But the Best (Remastered),Jazz,1.29,11.99,2008-05-13 12:00:00+00:00,147520
1440787254,What a Wonderful World,Louis Armstrong,What a Wonderful World,Jazz,1.29,9.99,1967-09-01 12:00:00+00:00,139434
1440858717,My Way,Frank Sinatra,Nothing But the Best (Remastered),Jazz,1.29,11.99,1964-01-01 12:00:00+00:00,276253
1467952309,Somebody That I Used to Know (feat. Kimbra),Gotye,Making Mirrors (Deluxe Version),Alternative,1.29,16.99,2011-07-05 12:00:00+00:00,244973
1440862460,The First Noël,Frank Sinatra,A Jolly Christmas from Frank Sinatra (50th Anniversary Edition),Christmas: Classic,1.29,9.99,1957-09-21 12:00:00+00:00,161750
255470095,To Build a Home (feat. Patrick Watson),The Cinematic Orchestra,Ma Fleur,Electronic,1.29,9.99,2007-05-07 07:00:00+00:00,370667
1682357121,From The Start,Laufey,From The Start - Single,Jazz,0.99,0.99,2023-06-14 12:00:00+00:00,169573
1625058461,Don't Know Why,Norah Jones,Come Away With Me (Super Deluxe Edition),Singer/Songwriter,1.29,19.99,2002-01-28 12:00:00+00:00,186251
265816631,Maria Maria (feat. The Product G&B) [Radio Mix],Santana,Ultimate Santana,Rock,1.29,10.99,1999-06-15 07:00:00+00:00,262160
1464957419,Pedro Navaja,Willie Colón & Ruben Blades,Siembra (Special Edition),Música tropical,1.29,9.99,1978-01-01 12:00:00+00:00,443040
712609985,The Way You Look Tonight,Tony Bennett,Sixty Years: The Artistry of Tony Bennett,Vocal Pop,1.29,49.99,1997-01-01 12:00:00+00:00,203400
498132672,Dixie Chicken,Little Feat,Dixie Chicken,Pop,1.29,9.99,1973-01-25 08:00:00+00:00,236320
265670549,Steve Biko (Stir It Up),A Tribe Called Quest,Midnight Marauders,Hip-Hop/Rap,1.29,9.99,1993-11-09 08:00:00+00:00,191533
668403227,Feeling Good,Michael Bublé,It's Time,Pop,1.29,11.99,2005-02-08 08:00:00+00:00,237029
1440911729,The Low Spark of High-Heeled Boys,Traffic,The Low Spark of High Heeled Boys (Bonus Track),Rock,,7.99,1971-11-01 12:00:00+00:00,701240
259107548,Valerie (feat. Amy Winehouse),Mark Ronson featuring Amy Winehouse,Version,Pop,1.29,9.99,2007-04-16 07:00:00+00:00,219413
1440874849,I've Got You Under My Skin,Frank Sinatra,Ultimate Sinatra,Easy Listening,1.29,11.99,1956-01-01 12:00:00+00:00,222147
30394518,Mack the Knife,Bobby Darin,The Ultimate Bobby Darin,Pop,1.29,15.99,1959-03-01 12:00:00+00:00,184333
1440492358,Rudolph the Red-Nosed Reindeer,Gene Autry,The Original: Gene Autry Sings Rudolph the Red-Nosed Reindeer & Other Christmas Favorites,Country,1.29,7.99,1957-01-01 08:00:00+00:00,178347
1440823237,Anything Goes,Tony Bennett & Lady Gaga,Cheek to Cheek (Deluxe Version),Pop,1.29,12.99,2014-07-29 12:00:00+00:00,123760
431609160,Love Is Found,Sade,The Ultimate Collection (Remastered),R&B/Soul,1.29,14.99,2011-04-29 12:00:00+00:00,248373
322104997,Sabor a Mí (Remasterizado),Eydie Gorme & Los Panchos,Canta en Español Con los Panchos,Baladas y Boleros,1.29,9.99,1956-01-01 12:00:00+00:00,168400
1440812944,Let It Snow,Diana Krall & The Clayton-Hamilton Jazz Orchestra,Christmas Songs,Holiday,1.29,9.99,2005-11-01 12:00:00+00:00,241183
1552116897,Ain't That A Kick In The Head (Remastered),Dean Martin,Romance - EP,Easy Listening,,,1960-08-10 12:00:00+00:00,145053
1776554444,Fear When You Fly,Cleo Sol,Fear When You Fly - Single,R&B/Soul,0.99,0.99,2024-11-01 12:00:00+00:00,220104
278911466,Verses from the Abstract (feat. Vinia Mojica & Ron Carter),A Tribe Called Quest,The Low End Theory,Hip-Hop/Rap,1.29,9.99,1991-09-24 07:00:00+00:00,238893
1624173757,Don't Know Why,Norah Jones,Come Away with Me (Remastered),Pop,1.29,9.99,2002-01-28 08:00:00+00:00,186251
1510473963,Distance,Yebba,Distance - Single,Pop,1.29,1.29,2020-05-08 12:00:00+00:00,255800
1518676063,Sleepless Nights (feat. Phoelix),"Dinner Party, Terrace Martin, Robert Glasper, 9th Wonder & Kamasi Washington",Dinner Party,R&B/Soul,1.29,5.99,2020-06-25 07:00:00+00:00,179226
1494467043,Funny Thing,Thundercat,It Is What It Is,R&B/Soul,1.29,11.99,2020-04-03 12:00:00+00:00,116630
1197789377,A Fan's Mail (Tron Song Suite II),Thundercat,Drunk,R&B/Soul,1.29,11.99,2017-02-24 12:00:00+00:00,158938
431609140,Cherish the Day,Sade,The Ultimate Collection (Remastered),R&B/Soul,1.29,14.99,2011-04-29 12:00:00+00:00,378627
193532684,All About Our Love,Sade,Lovers Rock,R&B/Soul,1.29,9.99,2000-11-13 08:00:00+00:00,160627
1627915289,We Are One,Alex Isley,We Are One - Single,R&B/Soul,,,2022-06-10 12:00:00+00:00,295040
716358233,Cry Me a River,Julie London,Julie Is Her Name,Pop,1.29,9.99,1955-12-01 08:00:00+00:00,178573
265816505,Smooth (feat. Rob Thomas),Santana,Ultimate Santana,Rock,1.29,10.99,1999-06-15 07:00:00+00:00,295987
265670614,We Can Get Down,A Tribe Called Quest,Midnight Marauders,Rap,1.29,9.99,1993-11-09 08:00:00+00:00,259120
828259380,Wait,M83,"Hurry Up, We're Dreaming",Electronic,1.29,14.99,2011-10-18 07:00:00+00:00,343253
265670570,Midnight (feat. Raphael Saadiq),A Tribe Called Quest,Midnight Marauders,Rap,1.29,9.99,1993-11-09 08:00:00+00:00,265027
1440858707,That's Life,Frank Sinatra,Nothing But the Best (Remastered),Jazz,1.29,11.99,1966-11-18 12:00:00+00:00,187227
1440952212,Summer Wind,Frank Sinatra,Ultimate Sinatra: The Centennial Collection,Easy Listening,1.29,49.99,2008-05-13 12:00:00+00:00,174840
1625058922,Turn Me On,Norah Jones,Come Away With Me (Super Deluxe Edition),Singer/Songwriter,1.29,19.99,2002-02-26 12:00:00+00:00,154800
628520316,Nancy (With The Laughing Face),Frank Sinatra,The Columbia Years (1943-1952): The Complete Recordings: Vol. 1,Pop,1.29,11.99,1945-12-01 08:00:00+00:00,198573
1440842443,Too Marvelous for Words,Frank Sinatra,Songs for Swingin' Lovers!,Vocal Pop,1.29,9.99,1956-03-05 08:00:00+00:00,149040
1578597689,Yebo/Sema,Masego,Studying Abroad: Extended Stay,R&B/Soul,1.29,9.99,2020-11-13 12:00:00+00:00,228463
201414675,Chances Are (Single Version),Johnny Mathis,The Essential Johnny Mathis,Pop,1.29,16.99,1955-01-01 12:00:00+00:00,182451
1552222017,Red Room,Hiatus Kaiyote,Mood Valiant,Alternative,1.29,11.99,2021-04-27 07:00:00+00:00,232053
724862378,"Don't Worry, Be Happy",Bobby McFerrin,The Best of Bobby McFerrin,Jazz,1.29,9.99,1988-09-12 07:00:00+00:00,291560
192966046,Blue Velvet,Bobby Vinton,The Best of Bobby Vinton,Pop,1.29,9.99,1987-01-01 08:00:00+00:00,168093
1440858721,"Theme from New York, New York",Frank Sinatra,Nothing But the Best (Remastered),Jazz,1.29,11.99,2008-05-13 12:00:00+00:00,204907
1144315707,Fly Me to the Moon (In Other Words),Doris Day,Latin for Lovers,Pop,1.29,9.99,1964-11-05 12:00:00+00:00,153507
1197789431,Them Changes,Thundercat,Drunk,R&B/Soul,1.29,11.99,2015-06-22 12:00:00+00:00,188454
63816165,Bad Day,Daniel Powter,Daniel Powter,Rock,1.29,9.99,2005-06-27 07:00:00+00:00,233920
1440858124,The Way You Look Tonight,Frank Sinatra,Nothing But the Best (Remastered),Jazz,1.29,11.99,1964-01-01 12:00:00+00:00,202280
1624174098,Come Away with Me,Norah Jones,Come Away with Me (Remastered),Pop,1.29,9.99,2002-02-26 08:00:00+00:00,198227
628525610,I've Got a Crush on You,Frank Sinatra,"The Columbia Years (1943-1952): The Complete Recordings, Vol. 8",Pop,1.29,11.99,1948-01-01 12:00:00+00:00,196173
1721004564,Hold Me Up (Thank You),Khruangbin,A LA SALA,Alternative,1.29,9.99,2024-04-05 12:00:00+00:00,229437
886949218,Stardust,Willie Nelson,Stardust,Country,1.29,8.99,1978-04-01 08:00:00+00:00,233749
1421846880,Chuck E.'s In Love,Rickie Lee Jones,Rickie Lee Jones,Pop,1.29,7.99,1979-03-08 08:00:00+00:00,209280
1637420017,We Never Stop,Candy Dulfer,We Never Stop,Funk,1.29,9.99,2022-10-26 12:00:00+00:00,341492
668403671,Home,Michael Bublé,It's Time,Pop,1.29,11.99,2005-02-08 08:00:00+00:00,226340
302991005,Papa Loves Mambo,Perry Como,Perry Como's Greatest Hits,Easy Listening,1.29,16.99,1954-01-01 12:00:00+00:00,161640
1590036028,Cry Your Heart Out,Adele,30,Pop,1.29,10.99,2021-11-19 12:00:00+00:00,255278
668403430,Sway,Michael Bublé,Michael Bublé,Pop,1.29,11.99,2003-02-11 08:00:00+00:00,188867
348906128,Santa Baby (Remastered 2001),Eartha Kitt,Purrfect - The Ultimate Collection,Jazz,1.29,9.99,1953-01-01 12:00:00+00:00,206073
1445668114,Feeling Good,Nina Simone,I Put a Spell On You,Jazz,1.29,9.99,1965-06-01 07:00:00+00:00,177655
1469585198,Everybody Loves the Sunshine,Roy Ayers Ubiquity,Everybody Loves the Sunshine,Jazz,1.29,9.99,1976-05-12 07:00:00+00:00,242258
670069305,Everything,Michael Bublé,Call Me Irresponsible (Deluxe Version),Pop,1.29,13.99,2007-03-19 07:00:00+00:00,213267
1497226895,Tidal Wave,Tom Misch & Yussef Dayes,What Kinda Music,Alternative,1.29,9.99,2020-04-24 12:00:00+00:00,249427
533502288,"When You Wish Upon a Star (From ""Pinocchio"") [Remastered]",Cliff Edwards,"When You Wish Upon a Star (From ""Pinocchio"") [Remastered] - Single",Soundtrack,0.99,0.99,1940-01-01 12:00:00+00:00,195918
1250791477,Navajo,Masego,Navajo - Single,R&B/Soul,0.99,0.99,2017-06-08 12:00:00+00:00,194157
583430440,Turn Off the Lights,Charlie Wilson,"Love, Charlie",R&B/Soul,1.29,9.99,2013-01-25 12:00:00+00:00,231520
1606417551,Let You Break My Heart Again,Laufey & Philharmonia Orchestra,Let You Break My Heart Again - Single,Alternative,1.29,1.29,2021-08-13 12:00:00+00:00,269067
725816797,"Baby, Won't You Please Come Home",Frank Sinatra,Where Are You?,Pop,1.29,9.99,1957-09-01 07:00:00+00:00,180827
1492262289,Coyote,Joni Mitchell,Hejira,Pop,1.29,10.99,1976-11-22 08:00:00+00:00,301080
628523238,The House I Live In (That's America To Me) [78 rpm Version],Frank Sinatra,The Columbia Years (1943-1952): The Complete Recordings: Volume 3,Pop,1.29,11.99,1945-01-01 12:00:00+00:00,197760
1565612626,Why Don't You Touch Me,Leon Bridges,Gold-Diggers Sound,R&B/Soul,1.29,10.99,2021-06-18 07:00:00+00:00,197746
1065947056,Classical Piano for Sleeping Music,Baby Lullaby Academy,Baby Lullaby: Relaxing Piano Lullabies and Natural Sleep Aid for Baby Sleep Music,Children's Music,0.99,9.99,2015-11-24 12:00:00+00:00,96052
1605209279,Valentine,Laufey,Valentine - Single,Alternative,1.29,1.29,2022-06-01 12:00:00+00:00,168907
1089803252,Music for Naptime (Baby Lullaby),Baby Lullaby Academy,"Baby Lullaby: Relaxing Piano Lullabies and Natural Sleep Aid for Baby Sleep Music, Vol. 2",Children's Music,0.99,9.99,2016-02-24 12:00:00+00:00,133277
1089909898,Itsy Bitsy Spider,Brian Crain,Relaxing Piano Lullabies for Sleeping Babies,Children's Music,0.99,9.99,2015-02-02 12:00:00+00:00,219005
588855768,Over the Rainbow / Simple Gifts,The Piano Guys,The Piano Guys,Classical Crossover,1.29,9.99,2012-10-02 07:00:00+00:00,224191
1445733073,Can You Feel the Love Tonight,Elton John,The Lion King (Original Motion Picture Soundtrack),Musicals,0.69,13.99,1994-05-31 07:00:00+00:00,241013
206345482,Christmas / Sarajevo 12/24 (Instrumental),Trans-Siberian Orchestra,Christmas Eve and Other Stories,Holiday,1.29,12.99,1996-10-15 07:00:00+00:00,205333
1445732931,Hakuna Matata,"Nathan Lane, Ernie Sabella, Jason Weaver & Joseph Williams",The Lion King (Original Motion Picture Soundtrack),Musicals,1.29,13.99,1994-05-31 07:00:00+00:00,213600
1445732928,I Just Can't Wait to Be King,"Jason Weaver, Rowan Atkinson & Laura Williams",The Lion King (Original Motion Picture Soundtrack),Musicals,1.29,13.99,1994-05-31 07:00:00+00:00,170880
1728945686,Classical,Vampire Weekend,Only God Was Above Us,Alternative,1.29,9.99,2024-03-15 07:00:00+00:00,259947
1065946789,Classical Piano Music for Baby Sleep,Baby Lullaby Academy,Baby Lullaby: Relaxing Piano Lullabies and Natural Sleep Aid for Baby Sleep Music,Children's Music,0.99,9.99,2015-11-24 12:00:00+00:00,84062
1065946784,Rock a Bye Baby,Baby Lullaby Academy,Baby Lullaby: Relaxing Piano Lullabies and Natural Sleep Aid for Baby Sleep Music,Children's Music,0.99,9.99,2015-11-24 12:00:00+00:00,118936
1615334560,snowfall (Slowed + Reverb),Øneheart & reidenshi,snowfall (Slowed + Reverb) - Single,Electronic,1.29,1.29,2022-04-01 12:00:00+00:00,150661
1443430125,Beauty and the Beast,Ariana Grande & John Legend,Beauty and the Beast (Original Motion Picture Soundtrack) [Deluxe Edition],Musicals,,,2017-02-02 12:00:00+00:00,227928
1440624920,When Can I See You Again?,Owl City,Wreck-It Ralph (Original Score),Soundtrack,1.29,9.99,2012-10-24 07:00:00+00:00,218093
380350246,Time,Hans Zimmer,Inception (Music from the Motion Picture),Soundtrack,1.29,10.99,2010-07-09 07:00:00+00:00,275556
1049528932,Holiday Flight,John Williams,Home Alone (Original Motion Picture Soundtrack) [Anniversary Edition],Soundtrack,1.29,9.99,1990-11-04 12:00:00+00:00,58707
1049528934,The House (Instrumental),John Williams,Home Alone (Original Motion Picture Soundtrack) [Anniversary Edition],Soundtrack,1.29,9.99,1990-11-04 12:00:00+00:00,147173
1445732924,Circle of Life,Carmen Twillie & Lebo M,The Lion King (Original Motion Picture Soundtrack),Musicals,1.29,13.99,1994-05-31 07:00:00+00:00,239147
338385246,God Rest Ye Merry Gentlemen,Classical Christmas Harp and Oboe Duet,Christmas Classics With Harp and Oboe,Holiday,0.99,8.91,2009-10-23 12:00:00+00:00,226681
1731270578,D’un vieux Jardin (Snorri Hallgrímsson Rework),Snorri Hallgrímsson,D’un vieux Jardin (Snorri Hallgrímsson Rework) - Single,Electronic,1.29,1.29,2024-03-08 12:00:00+00:00,215030
986497390,You Raise Me Up,Josh Groban,Closer,Pop,1.29,9.99,2003-11-11 08:00:00+00:00,289842
1443431128,Evermore,Dan Stevens,Beauty and the Beast (Original Motion Picture Soundtrack) [Deluxe Edition],Musicals,,,2017-03-10 12:00:00+00:00,194542
1323177389,Perfect Symphony,Ed Sheeran & Andrea Bocelli,Perfect Symphony - Single,Classical Crossover,1.29,1.29,2017-12-15 12:00:00+00:00,265363
1532413949,Turandot: Nessun dorma!,"Luciano Pavarotti, The John Alldis Choir, Wandsworth School Boys Choir, London Philharmonic Orchestra & Zubin Mehta",Pavarotti (Music from the Motion Picture),Vocal,1.29,11.99,1973-01-01 12:00:00+00:00,179667
1443430411,Belle,"Emma Watson, Luke Evans & Ensemble - Beauty and the Beast",Beauty and the Beast (Original Motion Picture Soundtrack) [Deluxe Edition],Musicals,,,2017-03-10 12:00:00+00:00,333265
1445732934,Can You Feel the Love Tonight,"Joseph Williams, Sally Dworsky, Nathan Lane, Ernie Sabella & Kristle Edwards",The Lion King (Original Motion Picture Soundtrack),Musicals,1.29,13.99,1994-05-31 07:00:00+00:00,177787
1443130507,The Hanging Tree,James Newton Howard,"The Hunger Games: Mockingjay, Pt. 1 (Original Motion Picture Score)",Soundtrack,1.29,14.99,2014-11-17 12:00:00+00:00,218520
1472779431,The Name of Life (Piano Solo Version),Hikaru Shirosu,The Name of Life (Piano Solo Version) - Single,Instrumental,1.29,1.29,2019-07-22 12:00:00+00:00,250728
1547494090,Experience,"Ludovico Einaudi, Daniel Hope & I Virtuosi Italiani",Winds of Change,Classical,,,2013-01-01 12:00:00+00:00,312853
394316141,Sleigh Ride,Arthur Fiedler & Boston Pops Orchestra,Pops Christmas Party,Christmas: Classical,1.29,9.99,1959-01-01 12:00:00+00:00,182394
1445732929,Be Prepared,"Jeremy Irons, Whoopi Goldberg, Cheech Marin & Jim Cummings",The Lion King (Original Motion Picture Soundtrack),Musicals,1.29,13.99,1994-05-31 07:00:00+00:00,220213
844250590,Shatter Me (feat. Lzzy Hale),Lindsey Stirling,Shatter Me,Electronic,1.29,9.99,2014-04-23 07:00:00+00:00,280803
1542638510,Damned,Kevin Sherwood,Call of Duty: Black Ops – Zombies (Original Game Soundtrack),Soundtrack,1.29,9.99,2011-01-25 12:00:00+00:00,98053
1440772740,Experience,I Virtuosi Italiani & Daniel Hope,In a Time Lapse,Classical Crossover,1.29,11.99,2013-01-01 12:00:00+00:00,315437
1671021380,Lost at Sea (feat. Lana Del Rey),Rob Grant,Lost At Sea,Pop,1.29,10.99,2023-06-01 12:00:00+00:00,187907
281649716,Good Luck Charm,Jagged Edge,Jagged Edge,R&B/Soul,1.29,9.99,2006-05-09 12:00:00+00:00,264640
268443097,So What,Miles Davis,Kind of Blue,Jazz,1.29,6.99,1959-08-17 07:00:00+00:00,547983
1576663116,River Flows In You,Yiruma,SOLO,Classical Crossover,1.29,11.99,2021-09-24 12:00:00+00:00,210562
1440650203,He's a Pirate,Klaus Badelt,Pirates of the Caribbean: The Curse of the Black Pearl (Original Soundtrack),Soundtrack,1.29,7.99,2003-07-22 12:00:00+00:00,90427
1089803231,Classical Piano (Baby Music),Baby Lullaby Academy,"Baby Lullaby: Relaxing Piano Lullabies and Natural Sleep Aid for Baby Sleep Music, Vol. 2",Children's Music,0.99,9.99,2016-02-24 12:00:00+00:00,100571
1375815602,The Imperial March (Darth Vader's Theme),John Williams & London Symphony Orchestra,Star Wars: The Empire Strikes Back (Original Motion Picture Soundtrack),Soundtrack,1.29,9.99,1980-01-01 12:00:00+00:00,179560
1440618907,Beauty and the Beast,Angela Lansbury,Beauty and the Beast (Soundtrack from the Motion Picture),Musicals,1.29,9.99,1991-10-29 12:00:00+00:00,166307
1440619007,Beauty and the Beast,Céline Dion & Peabo Bryson,Beauty and the Beast (Soundtrack from the Motion Picture),Musicals,1.29,9.99,1991-10-29 12:00:00+00:00,244947
1436677761,River Flows In You,Yiruma,Yiruma 2nd Album 'First Love' (The Original & the Very First Recording),New Age,1.29,11.99,2001-11-27 12:00:00+00:00,188787
381515553,"Cello Suite No. 1 in G Major, BWV 1007: I. Prélude",Yo-Yo Ma,"Bach: Cello Suites Nos. 1-6, BWV 1007-1012 (2009 Remaster)",Classical,0.99,16.99,1983-01-01 08:00:00+00:00,151480
991509858,"Exogenesis: Symphony, Pt. 1 (Overture)",Muse,The Resistance,Alternative,1.29,9.99,2009-09-11 07:00:00+00:00,258440
1440618895,Belle,"Paige O'Hara, RICHARD WHITE/JESSE CORTI & The Chorus of Beauty and the Beast",Beauty and the Beast (Soundtrack from the Motion Picture),Musicals,1.29,9.99,1991-10-29 12:00:00+00:00,309133
485353578,River Flows In You,Yiruma,The Best - Reminiscent 10th Anniversary,New Age,1.29,9.99,2011-11-24 08:00:00+00:00,218293
1659775416,Nothing Is Lost (You Give Me Strength),The Weeknd,Avatar: The Way of Water (Original Motion Picture Soundtrack),Soundtrack,1.29,11.99,2022-12-15 12:00:00+00:00,267505
944398842,Celloverse,2CELLOS,Celloverse (Deluxe Edition),Classical Crossover,1.29,13.99,2015-01-27 12:00:00+00:00,267037
594180660,"Nocturnes, Op. 9: No. 2 in E-Flat Major",Arthur Rubinstein,Chopin: Nocturnes,Classical,1.29,10.99,1967-01-01 12:00:00+00:00,270137
1390704156,saman,Ólafur Arnalds,re:member,Classical Crossover,1.29,11.99,2018-08-24 12:00:00+00:00,131923
1440921877,I Do (Cherish You),Mark Wills,Wish You Were Here,Country,1.29,6.99,1998-01-01 12:00:00+00:00,199707
1559739410,"The Water Diviner (From ""The Water Diviner"")",Ludovico Einaudi,Cinema,Soundtrack,1.29,16.99,2021-04-23 07:00:00+00:00,405440
1443430760,Be Our Guest,"Ewan McGregor, Emma Thompson, Gugu Mbatha-Raw & Ian McKellen",Beauty and the Beast (Original Motion Picture Soundtrack) [Deluxe Edition],Musicals,,,2017-03-10 12:00:00+00:00,288763
1375814326,Duel of the Fates,John Williams & London Symphony Orchestra,Star Wars: The Phantom Menace (Original Motion Picture Soundtrack),Soundtrack,1.29,9.99,1999-05-04 12:00:00+00:00,254346
1440663698,The Avengers,Alan Silvestri,The Avengers (Original Motion Picture Soundtrack),Soundtrack,1.29,9.99,2012-05-01 12:00:00+00:00,123360
1518467211,Soothing Classical Piano Lullaby,SleepTherapy,Baby Lullabies: Soothing Piano Music for Baby Sleep,Children's Music,0.99,9.99,2020-07-03 12:00:00+00:00,112222
297981065,The King of the Golden Hall,Howard Shore,The Lord of the Rings: The Two Towers (Original Motion Picture Soundtrack),Soundtrack,1.29,10.99,2002-12-02 12:00:00+00:00,229440
1440618901,Be Our Guest,"Angela Lansbury, Jerry Orbach & The Chorus of Beauty and the Beast",Beauty and the Beast (Soundtrack from the Motion Picture),Musicals,1.29,9.99,1991-10-29 12:00:00+00:00,224733
268443131,Blue In Green,Miles Davis,Kind of Blue,Jazz,1.29,6.99,1959-08-17 07:00:00+00:00,335939
1697599275,Can You Hear the Music,Ludwig Göransson,Oppenheimer (Original Motion Picture Soundtrack),Soundtrack,0.99,9.99,2023-07-21 12:00:00+00:00,110160
1443429874,How Does a Moment Last Forever,Céline Dion,Beauty and the Beast (Original Motion Picture Soundtrack) [Deluxe Edition],Musicals,,,2017-03-10 12:00:00+00:00,217537
268443200,All Blues,Miles Davis,Kind of Blue,Jazz,,6.99,1959-08-17 07:00:00+00:00,692897
1440801391,Be Our Guest (Remastered 2018),"Angela Lansbury, Jerry Orbach & The Chorus of Beauty and the Beast",Beauty and the Beast (Motion Picture Soundtrack) [Walt Disney Records: The Legacy Collection],Musicals,1.29,15.99,1991-10-29 08:00:00+00:00,225714
268443113,Freddie Freeloader,Miles Davis,Kind of Blue,Jazz,1.29,6.99,1959-08-17 07:00:00+00:00,588411
89285956,Hedwig's Theme,John Williams,Harry Potter and the Sorcerer's Stone (Original Motion Picture Soundtrack),Soundtrack,1.29,12.99,2001-10-30 12:00:00+00:00,309083
1122776155,The Scientist,Coldplay,A Rush of Blood to the Head,Alternative,1.29,9.99,2002-08-26 07:00:00+00:00,308930
1443314673,Le Festin,Camille & Michael Giacchino,Ratatouille (Score from the Motion Picture),Soundtrack,1.29,10.99,2007-06-26 12:00:00+00:00,170787
1443430568,Gaston,"Josh Gad, Luke Evans & Ensemble - Beauty and the Beast",Beauty and the Beast (Original Motion Picture Soundtrack) [Deluxe Edition],Musicals,,,2017-03-10 12:00:00+00:00,265787
1480687693,Le souper,Jean-Michel Blais,Matthias & Maxime (Original Motion Picture Soundtrack),Soundtrack,1.29,9.99,2019-10-25 12:00:00+00:00,113805
1440860872,Theme from Jurassic Park,John Williams,Jurassic Park (20th Anniversary),Soundtrack,,8.99,1993-05-25 12:00:00+00:00,205061
844250616,Roundtable Rival,Lindsey Stirling,Shatter Me,Electronic,1.29,9.99,2014-04-29 07:00:00+00:00,203294
29773532,"Suite bergamasque, L. 75: III. Clair de lune",François-Joël Thiollier,Debussy: Clair de Lune and Other Piano Favorites,Classical,0.99,7.99,1995-05-17 07:00:00+00:00,312667
1536667548,Dearly Beloved (KINGDOM HEARTS III Version),Yoko Shimomura,"KINGDOM HEARTS - III, II.8, Unchained χ & Union χ [Cross] (Original Soundtrack)",Soundtrack,1.29,49.99,2020-11-11 12:00:00+00:00,154680
1398581234,"Cello Suite No. 1 in G Major, BWV 1007: I. Prélude",Yo-Yo Ma,Six Evolutions - Bach: Cello Suites,Classical,1.29,16.99,2018-07-13 07:00:00+00:00,150973
1464078927,Main Title (From Game of Thrones: Season 8),Ramin Djawadi,Game of Thrones: Season 8 (Music from the HBO Series),Soundtrack,1.29,11.99,2016-06-24 12:00:00+00:00,111993
1368090483,On The Nature Of Daylight,"Max Richter, Louisa Fuller, Natalia Bonner, John Metcalfe, Philip Sheppard & Chris Worsey",The Blue Notebooks (15 Years),Classical,1.29,15.99,2004-02-23 12:00:00+00:00,371747
89284493,Prologue,John Williams,Harry Potter and the Sorcerer's Stone (Original Motion Picture Soundtrack),Soundtrack,1.29,12.99,1992-01-21 12:00:00+00:00,132568
1184244114,Somnus (Instrumental Version),Yoko Shimomura,FINAL FANTASY XV (Original Soundtrack),Soundtrack,0.99,27.99,2016-09-07 12:00:00+00:00,149373
1441520223,Zero,Imagine Dragons,Ralph Breaks the Internet (Original Motion Picture Soundtrack),Soundtrack,,11.99,2018-09-19 12:00:00+00:00,212112
594180659,"Nocturnes, Op. 9: No. 1 in B-Flat Minor",Arthur Rubinstein,Chopin: Nocturnes,Classical,1.29,10.99,1967-01-01 12:00:00+00:00,326379
339006500,Gymnopédie No. 1,Finghin Collins,The 50 Greatest Pieces of Classical Music,Classical,0.99,7.99,2009-12-01 12:00:00+00:00,220733
1000682567,"Piano Sonata No.14 in C-Sharp Minor Op. 27 No. 2 ""Moonlight Sonata"": I. Adagio Sostenuto",Focus on Brain,Exam Study Piano & New Age Classical Music for Concentration,Instrumental,0.99,8.99,2015-06-01 12:00:00+00:00,456377
1443430131,Evermore,Josh Groban,Beauty and the Beast (Original Motion Picture Soundtrack) [Deluxe Edition],Musicals,,,2017-03-03 12:00:00+00:00,189478
1442444047,Dawn,Jean-Yves Thibaudet,Pride & Prejudice (Music from the Motion Picture),Original Score,1.29,9.99,2005-01-01 12:00:00+00:00,158600
339006421,Adagio for Strings,London Philharmonic Orchestra & David Parry,The 50 Greatest Pieces of Classical Music,Classical,0.99,7.99,2009-11-23 08:00:00+00:00,502613
1443430941,Something There,"Emma Watson, Dan Stevens, Ewan McGregor, Ian McKellen, Emma Thompson, Nathan Mack & Gugu Mbatha-Raw",Beauty and the Beast (Original Motion Picture Soundtrack) [Deluxe Edition],Musicals,,,2017-03-10 12:00:00+00:00,174879
1538470569,Reflections,Toshifumi Hinata,Hitotsubu No Umi,Electronica,1.29,9.99,1986-11-28 12:00:00+00:00,130693
1682258550,Opus 20,Dustin O'Halloran,"Piano Solos, Vol. 2",New Age,0.99,9.99,2004-09-13 12:00:00+00:00,433293
971519724,"Ori, Lost In the Storm (feat. Aeralie Brighton)",Gareth Coker,Ori and the Blind Forest (Original Soundtrack),Soundtrack,1.29,9.99,2015-03-10 12:00:00+00:00,68199
1621817891,Great Balls of Fire (Live),Miles Teller,Top Gun: Maverick (Music from the Motion Picture),Soundtrack,1.29,9.99,2022-05-27 12:00:00+00:00,114782
1443430777,Days In the Sun,"Adam Mitchell, Stanley Tucci, Ewan McGregor, Gugu Mbatha-Raw, Ian McKellen, Emma Thompson, Emma Watson, Audra McDonald & Clive Rowe",Beauty and the Beast (Original Motion Picture Soundtrack) [Deluxe Edition],Musicals,,,2017-03-10 12:00:00+00:00,160349
1123076826,Fix You,Coldplay,X&Y,Alternative,1.29,9.99,2005-06-06 07:00:00+00:00,294992
1445732935,This Land (Score),Hans Zimmer & Lebo M,The Lion King (Original Motion Picture Soundtrack),Musicals,1.29,13.99,1994-05-31 07:00:00+00:00,175400
1440618903,Something There,"Paige O'Hara, Robby Benson, Jerry Orbach, Angela Lansbury & David Ogden Stiers",Beauty and the Beast (Soundtrack from the Motion Picture),Musicals,1.29,9.99,1991-10-29 12:00:00+00:00,138987
1544516775,Entretanto,Aukai,Entretanto - EP,New Age,0.99,4.95,2021-02-18 12:00:00+00:00,124000
288801170,Paper Planes,M.I.A.,Paper Planes (Homeland Security Remixes) - EP,Electronic,1.29,4.99,2007-08-08 12:00:00+00:00,205200
1667362425,Kerosene,Crystal Castles,(III),Alternative,1.29,9.99,2012-11-07 08:00:00+00:00,192001
1666672835,Vibin' Out,FKJ & ((( O ))),French Kiwi Juice,Electronic,1.29,10.99,2017-03-03 12:00:00+00:00,311837
1506269787,I'm God,Clams Casino & Imogen Heap,I'm God - Single,Electronic,0.99,0.99,2020-04-24 12:00:00+00:00,277711
1240362784,Across the Room (feat. Leon Bridges),ODESZA,A Moment Apart,Electronic,0.69,4.99,2017-09-08 12:00:00+00:00,283538
897564318,Sun Models (feat. Madelyn Grant),ODESZA,In Return,Electronic,0.99,11.99,2014-09-09 07:00:00+00:00,160000
1666375098,Beautiful Day (Thank You for Sunshine),"Trinix, Rushawn & Jermaine Edwards",Beautiful Day (Thank You for Sunshine) - Single,R&B/Soul,1.29,1.29,2022-12-18 12:00:00+00:00,168000
1114767848,Bad Blood,Nao,For All We Know,R&B/Soul,1.29,7.99,2016-07-29 12:00:00+00:00,240627
1058740894,Innerbloom,RÜFÜS DU SOL,Bloom,Dance,1.29,8.99,2015-11-20 12:00:00+00:00,578041
1771694856,Crave You (feat. Giselle),Flight Facilities,Down to Earth,Electronic,1.29,9.99,2010-09-10 12:00:00+00:00,234787
1524278761,Eyes Blue Like the Atlantic (feat. Subvrbs),Sista Prod,Eyes Blue Like the Atlantic (feat. Subvrbs) - Single,Pop,1.29,1.29,2019-01-01 08:00:00+00:00,154599
1447513864,Mile High (feat. Travis Scott & Metro Boomin),James Blake,Assume Form,Electronic,1.29,9.99,2019-01-17 12:00:00+00:00,193600
1579893049,Just for me,PinkPantheress,Just for me - Single,Pop,1.29,1.29,2021-10-01 12:00:00+00:00,115801
1760420750,Guess featuring Billie Eilish,Charli xcx & Billie Eilish,Guess featuring Billie Eilish - Single,Dance,1.29,1.29,2024-08-01 12:00:00+00:00,143331
1777119822,The Days (NOTION Remix),CHRYSTAL & NOTION,The Days (NOTION Remix) - Single,Dance,1.29,1.29,2024-11-08 12:00:00+00:00,233229
1240362777,A Moment Apart,ODESZA,A Moment Apart,Electronic,1.29,4.99,2017-09-08 12:00:00+00:00,234244
1460430750,Forward (feat. James Blake),Beyoncé,Lemonade,Pop,,,2016-04-23 07:00:00+00:00,79200
1444180774,Connected,Stereo MC's,Connected,Hip-Hop/Rap,1.29,9.99,1992-09-01 12:00:00+00:00,314133
1434579575,Treat You Better,RÜFÜS DU SOL,SOLACE,Electronic,1.29,9.99,2018-10-19 12:00:00+00:00,273667
1434429737,Orbit,Nao,Saturn,R&B/Soul,1.29,7.99,2018-10-26 12:00:00+00:00,233747
697196125,Veridis Quo,Daft Punk,Discovery,Dance,1.29,9.99,2001-02-26 08:00:00+00:00,345187
712862709,Half Mast,Empire Of The Sun,Walking On a Dream (Special Edition),Electronic,1.29,14.99,2008-10-03 07:00:00+00:00,234360
1434429547,Another Lifetime,Nao,Saturn,R&B/Soul,1.29,7.99,2018-06-15 07:00:00+00:00,209467
500162235,Firestarter,The Prodigy,The Fat of the Land,Electronic,1.29,9.99,1996-03-18 08:00:00+00:00,279800
1569252538,When I Get There,Big Wild,Invincible - EP,Electronic,0.99,3.99,2017-02-10 12:00:00+00:00,220000
714916617,Praise You,Fatboy Slim,You've Come a Long Way Baby,Alternative,,,1998-10-19 07:00:00+00:00,323240
1132754186,Untrust Us,Crystal Castles,Crystal Castles,Electronic,1.29,10.99,2008-03-16 12:00:00+00:00,186373
1572906817,Running Away,"VANO 3000, BADBADNOTGOOD & Samuel T. Herring",Running Away - Single,Rap,1.29,1.99,2021-06-21 12:00:00+00:00,111787
1531199204,Godspeed,James Blake,Godspeed - Single,Alternative,1.29,1.29,2020-09-11 12:00:00+00:00,173840
1224870150,Line of Sight (feat. WYNNE & Mansionair),ODESZA,Line of Sight (feat. WYNNE & Mansionair) - Single,Electronic,1.29,1.29,2017-04-25 12:00:00+00:00,236470
693751201,Technologic,Daft Punk,Human After All,House,0.99,7.99,2005-03-09 08:00:00+00:00,284360
1686431740,The Lost Soul Down,NBSPLV,The Lost Soul Down - Single,Electronic,1.29,1.29,2015-12-09 12:00:00+00:00,192940
617154353,Give Life Back to Music,Daft Punk,Random Access Memories,Pop,1.29,11.99,2013-05-17 07:00:00+00:00,274403
262503100,Don't Stop the Rock,Freestyle,Don't Stop the Rock (Remastered),Dance,0.99,7.92,1985-01-01 08:00:00+00:00,330693
1455271213,"Thunderclouds (feat. Sia, Diplo & Labrinth)",LSD,"LABRINTH, SIA & DIPLO PRESENT... LSD",Pop,1.29,9.99,2018-08-09 07:00:00+00:00,187026
1522072939,Are You Even Real?,James Blake,Are You Even Real? - Single,Alternative,1.29,1.29,2020-07-08 12:00:00+00:00,231807
696885792,Da Funk,Daft Punk,Homework,Dance,1.29,9.99,1995-05-08 07:00:00+00:00,328680
1240362927,Falls (feat. Sasha Alex Sloan),ODESZA,A Moment Apart,Electronic,0.69,4.99,2017-09-08 12:00:00+00:00,232937
1627314055,Deep Down (feat. Never Dull),"Alok, Ella Eyre & Kenny Dope",Deep Down (feat. Never Dull) - Single,Dance,1.29,1.29,2022-06-17 12:00:00+00:00,165714
1526339510,Tick Tock (feat. 24kGoldn),Clean Bandit & Mabel,Tick Tock (feat. 24kGoldn) - Single,Electronic,1.29,1.29,2020-08-21 12:00:00+00:00,178374
1434776967,Loyal,ODESZA,Loyal - Single,Electronic,1.29,1.29,2017-09-08 12:00:00+00:00,207827
1806614783,Stateside,PinkPantheress,Fancy That,Pop,1.29,7.99,2025-04-25 12:00:00+00:00,168040
1440890081,High and Low,Empire Of The Sun,Two Vines (Deluxe),Alternative,1.29,10.99,2016-08-24 12:00:00+00:00,224840
1668862649,Xtal,Aphex Twin,Selected Ambient Works 85-92,Electronic,1.29,9.99,1992-02-12 12:00:00+00:00,293752
1240362783,Late Night,ODESZA,A Moment Apart,Electronic,1.29,4.99,2017-04-25 12:00:00+00:00,228155
1092027177,LITE SPOTS,KAYTRANADA,99.90%,Electronic,1.29,9.99,2016-05-06 07:00:00+00:00,230920
1240362781,Boy,ODESZA,A Moment Apart,Electronic,1.29,4.99,2017-09-08 12:00:00+00:00,183680
1670137310,Not In Love (feat. Robert Smith) [Radio Version],Crystal Castles,(II),Electronic,1.29,9.99,2010-04-23 12:00:00+00:00,226987
697195991,Voyager,Daft Punk,Discovery,Dance,1.29,9.99,2001-02-26 08:00:00+00:00,227867
1507773468,Get You the Moon (feat. Snow),Kina,Things I Wanted To Tell You - EP,Electronic,1.29,5.99,2018-03-13 12:00:00+00:00,179073
1666672824,Skyline,FKJ,French Kiwi Juice,Electronic,1.29,10.99,2017-03-03 12:00:00+00:00,249847
1066113456,Gemini (feat. George Maple),What So Not,Gemini - EP,Hip-Hop,1.29,2.99,2015-04-03 12:00:00+00:00,270257
1694793304,I Wanna Know,RL Grime & Daya,NOVA,Dance,1.29,15.99,2018-03-16 12:00:00+00:00,206727
1585865539,Alive,RÜFÜS DU SOL,Surrender,Electronic,1.29,9.99,2021-07-13 07:00:00+00:00,334755
929180045,Return To Air,Bonobo,Flashlight - Single,Electronic,1.29,2.99,2014-11-28 12:00:00+00:00,302543
1694797090,Get Free (feat. Amber Coffman),Major Lazer,Get Free (feat. Amber Coffman) - Single,Dance,1.29,2.99,2012-04-15 07:00:00+00:00,289973
611171963,Cirrus,Bonobo,The North Borders,Electronic,0.99,11.99,2013-01-21 12:00:00+00:00,352247
1125281671,Medieval Warfare,Grimes,Suicide Squad: The Album,Electronic,1.29,11.99,2016-08-03 07:00:00+00:00,181053
1583617185,You and I,Toro y Moi,Boo Boo,Rock,1.29,10.99,2017-06-30 12:00:00+00:00,231240
1461085630,Paris,Else,Paris - Single,Electronic,0.99,0.99,2016-04-19 12:00:00+00:00,209709
1695872913,Turn Your Phone Off,PinkPantheress & Destroy Lonely,Turn Your Phone Off - Single,Pop,1.29,1.29,2023-07-14 12:00:00+00:00,176160
1258823631,oh baby,LCD Soundsystem,american dream,Electronic,1.29,10.99,2017-09-01 12:00:00+00:00,349453
793928278,Awake,Tycho,Awake,Electronic,1.29,9.99,2014-12-16 12:00:00+00:00,283636
1447514713,Barefoot in the Park (feat. ROSALÍA),James Blake,Assume Form,Electronic,1.29,9.99,2019-01-18 12:00:00+00:00,211200
1054512450,Automatic,ZHU x AlunaGeorge,Genesis Series - EP,Dance,1.29,7.99,2015-09-16 07:00:00+00:00,230720
1288743024,Waterfall (feat. Panama),Petit Biscuit,Presence,Electronic,1.29,7.99,2017-09-28 12:00:00+00:00,209747
818918651,Talk Is Cheap,Chet Faker,Built on Glass,Electronic,1.29,8.99,2014-02-17 12:00:00+00:00,218067
739033802,One Day They'll Know (ODESZA Remix),Pretty Lights,A Color Map of the Sun (Remixes),Electronica,0.99,9.99,2013-12-10 12:00:00+00:00,260571
1413299298,Hope (feat. Puff Daddy & Tei Shi),Blood Orange,Negro Swan,Alternative,1.29,9.99,2018-08-24 12:00:00+00:00,239768
1370789256,Moments In Love,Art of Noise,"And What Have You Done With My Body, God?",Electronic,1.29,39.99,2006-08-07 12:00:00+00:00,474373
1169246060,Break Apart (feat. Rhye),Bonobo,Migration,Electronic,1.29,9.99,2016-12-06 08:00:00+00:00,274693
1051023741,Venus Fly (feat. Janelle Monáe),Grimes,Art Angels,Electronic,1.29,9.99,2015-11-06 12:00:00+00:00,225735
697195462,One More Time,Daft Punk,Discovery,Dance,1.29,9.99,2000-11-30 08:00:00+00:00,320357
714928246,Praise You,Fatboy Slim,You've Come a Long Way Baby,Dance,1.29,9.99,1998-10-14 12:00:00+00:00,323240
1240362926,La Ciudad,ODESZA,A Moment Apart,Electronic,1.29,4.99,2017-09-08 12:00:00+00:00,271136
1203812318,TERRITORY,The Blaze,TERRITORY - EP,Electronic,,,2017-03-24 12:00:00+00:00,276373
516915453,Jasmine (Demo),Jai Paul,Jasmine (Demo) - Single,Electronic,1.29,1.29,2012-04-09 07:00:00+00:00,253080
1655280253,Drift,Benji Lewis,Home For Now,Indie Pop,1.29,8.99,2017-02-07 12:00:00+00:00,222439
953409301,Begin Again,Purity Ring,Another Eternity,Electronic,1.29,9.99,2015-01-13 08:00:00+00:00,217201
1612664563,Love Letter (feat. The Knocks),ODESZA,The Last Goodbye,Electronic,0.99,5.99,2022-07-22 12:00:00+00:00,253122
1440862129,Latch (feat. Sam Smith),Disclosure,Settle (Deluxe Version),Electronic,1.29,11.99,2012-10-08 12:00:00+00:00,255867
1120720345,Augustine,Blood Orange,Freetown Sound,Alternative,1.29,9.99,2016-06-28 07:00:00+00:00,231189
1224871442,Late Night,ODESZA,Late Night - Single,Electronic,1.29,1.29,2017-04-25 07:00:00+00:00,228590
1434579577,New Sky,RÜFÜS DU SOL,SOLACE,Electronic,1.29,9.99,2018-10-19 12:00:00+00:00,327560
1823044944,Playground Love [feat. Gordon Tracks],Air,The Virgin Suicides Redux,Electronic,1.29,9.99,2000-02-13 12:00:00+00:00,211720
617154647,Contact,Daft Punk,Random Access Memories,Pop,1.29,11.99,2013-05-17 07:00:00+00:00,381351
1440885032,Nanã,Polo & Pan,Caravelle,Electronic,1.29,9.99,2016-06-10 12:00:00+00:00,190827
1525506452,Gosh,Jamie xx,In Colour,Electronic,1.29,9.99,2015-05-29 12:00:00+00:00,290973
1596532524,Player Of Games,Grimes,Player Of Games - Single,Alternative,1.29,1.29,2021-12-03 12:00:00+00:00,245542
1440862140,White Noise (feat. AlunaGeorge),Disclosure,Settle (Deluxe Version),Electronic,1.29,11.99,2013-02-01 08:00:00+00:00,277520
1834458882,Amman (Nils Hoffmann Remix),Emmit Fenn,Amman (Nils Hoffmann Remix) - Single,Dance,1.29,1.29,2023-02-23 12:00:00+00:00,259829
1751255509,Mary,Big Thief,Capacity,Alternative,1.29,9.99,2017-05-26 12:00:00+00:00,328667
1608956832,All over You,LEISURE,Leisure,Alternative,1.29,9.99,2015-10-12 12:00:00+00:00,234925
1555318018,Keep Moving,Jungle,Loving In Stereo,Electronic,1.29,10.99,2021-03-25 07:00:00+00:00,240880
1612664564,Behind the Sun,ODESZA,The Last Goodbye,Electronic,0.99,5.99,2022-07-22 12:00:00+00:00,250635
1635950913,better now,Francis Skyes & Does it matter,better now - Single,Lounge,1.29,1.29,2022-08-26 12:00:00+00:00,156656
499875056,Be a Body,Grimes,Visions,Electronic,1.29,9.99,2012-01-31 08:00:00+00:00,260413
1716922911,Thank You (Not So Bad),"Dimitri Vegas & Like Mike, Tiësto & Dido",Thank You (Not So Bad) - Single,Dance,1.29,1.29,2023-12-01 12:00:00+00:00,140000
1526658746,Sunburn (Reimagined),DROELOE,Sunburn (Reimagined) - Single,Electronic,0.99,0.99,2020-09-18 12:00:00+00:00,247530
1555770345,Bad Dream,Cannons,Bad Dream - Single,Alternative,1.29,1.29,2021-03-15 12:00:00+00:00,202502
1440827492,Tennessee Whiskey,Chris Stapleton,Traveller,Country,1.29,9.99,2015-04-23 07:00:00+00:00,293291
1683777413,You Make It Easy,Jason Aldean,Rearview Town,Country,1.29,11.99,2018-01-25 12:00:00+00:00,193306
1376707066,Beautiful Crazy,Luke Combs,This One’s for You Too (Deluxe Edition),Country,1.29,12.99,2018-05-04 07:00:00+00:00,193467
1752598138,Whiskey Glasses,Morgan Wallen,If I Know Me,Country,0.99,9.99,2016-01-01 12:00:00+00:00,234347
1551981942,In Case You Didn't Know,Brett Young,Brett Young (Deluxe Video Edition),Country,1.29,14.99,2017-02-10 08:00:00+00:00,226209
1752598329,Chasin' You,Morgan Wallen,If I Know Me,Country,0.99,9.99,2018-04-27 12:00:00+00:00,205453
1818469738,Wasted On You,Morgan Wallen,Dangerous: The Double Album,Country,1.29,13.99,2021-01-08 12:00:00+00:00,178520
1376707081,She Got the Best of Me,Luke Combs,This One’s for You Too (Deluxe Edition),Country,1.29,12.99,2018-06-01 07:00:00+00:00,183160
1440846183,Blue Ain't Your Color,Keith Urban,Ripcord,Country,1.29,9.99,2016-05-06 12:00:00+00:00,230601
1509818678,Five More Minutes,Scotty McCreery,Seasons Change,Country,0.99,9.99,2017-05-05 12:00:00+00:00,241147
511074294,"Take Me Home, Country Roads (Original Version)",John Denver,"Poems, Prayers & Promises",Pop,1.29,9.99,1971-04-06 08:00:00+00:00,193937
1755808938,One Thing Right,Marshmello & Kane Brown,One Thing Right - Single,Pop,0.99,0.99,2019-06-21 12:00:00+00:00,181824
1845930445,Country,Upchurch,Summer Love - EP,Country,1.29,5.99,2017-05-05 12:00:00+00:00,159073
1355757323,Country,Racoma,Racoma - EP,Alternative,0.99,4.95,2018-03-01 12:00:00+00:00,187539
712862724,Country,Empire Of The Sun,Walking On a Dream (Special Edition),Electronic,1.29,14.99,2008-10-03 07:00:00+00:00,304493
1166242927,What Ifs (feat. Lauren Alaina),Kane Brown,Kane Brown,Country,1.29,9.99,2016-12-02 08:00:00+00:00,188270
1440934778,Die a Happy Man,Thomas Rhett,Tangled Up,Country,1.29,10.99,2015-09-25 12:00:00+00:00,228333
1440847745,Dirt on My Boots,Jon Pardi,California Sunrise,Country,1.29,9.99,2016-06-17 12:00:00+00:00,203640
1049067273,I'm Comin' Over,Chris Young,I'm Comin' Over,Country,1.29,10.99,2015-05-11 07:00:00+00:00,197576
1617201889,Drunk On You,Luke Bryan,Tailgates & Tanlines,Country,1.29,9.99,2011-08-09 12:00:00+00:00,213547
1563946213,Buy Dirt (feat. Luke Bryan),Jordan Davis,Buy Dirt,Country,1.29,7.99,2021-05-21 12:00:00+00:00,167485
1440858338,Break Up in a Small Town,Sam Hunt,Montevallo,Country,1.29,9.99,2014-08-12 12:00:00+00:00,231103
1527782455,Forever After All,Luke Combs,What You See Ain't Always What You Get (Deluxe Edition),Country,1.29,14.99,2020-10-23 07:00:00+00:00,232490
1376705645,Hurricane,Luke Combs,This One’s for You Too (Deluxe Edition),Country,1.29,12.99,2015-06-16 12:00:00+00:00,223307
1685920224,She's Country,Jason Aldean,Wide Open,Country,1.29,9.99,2008-12-01 08:00:00+00:00,220573
1818425528,Thinkin’ Bout Me,Morgan Wallen,One Thing At A Time,Country,1.29,15.99,2023-03-03 12:00:00+00:00,177388
1497391092,Body Like a Back Road,Sam Hunt,SOUTHSIDE,Country,1.29,11.99,2017-02-02 08:00:00+00:00,162547
1500084363,Die From A Broken Heart,Maddie & Tae,The Way It Feels,Country,1.29,11.99,2018-10-19 12:00:00+00:00,188332
1440847749,Heartache on the Dance Floor,Jon Pardi,California Sunrise,Country,1.29,9.99,2016-06-17 12:00:00+00:00,205840
1520486506,One Man Band,Old Dominion,Old Dominion,Country,,,2019-08-16 12:00:00+00:00,186240
1510409277,The Good Ones,Gabby Barrett,Goldmine,Country,1.29,9.99,2020-05-01 07:00:00+00:00,215141
1702161448,Rich Men North of Richmond,Oliver Anthony Music,Rich Men North of Richmond - Single,Country,0.99,0.99,2023-08-11 12:00:00+00:00,187244
1582024384,'Til You Can't,Cody Johnson,Human: The Double Album,Country,1.29,13.99,2021-10-18 07:00:00+00:00,224213
513670725,Hard to Love,Lee Brice,Hard 2 Love,Country,0.69,9.99,2012-04-24 07:00:00+00:00,220040
1542103756,Revival,Zach Bryan,Elisabeth,Singer/Songwriter,1.29,9.99,2020-05-08 12:00:00+00:00,221250
1278567741,Rumor,Lee Brice,Lee Brice,Country,1.29,9.99,2017-09-15 07:00:00+00:00,198440
1676694379,Religiously,Bailey Zimmerman,Religiously. The Album.,Country,1.29,9.99,2023-03-17 07:00:00+00:00,178723
1440858336,House Party,Sam Hunt,Montevallo,Country,1.29,9.99,2014-08-12 12:00:00+00:00,191156
1643976264,"Burn, Burn, Burn",Zach Bryan,"Burn, Burn, Burn - Single",Country,1.29,1.29,2022-09-08 12:00:00+00:00,268856
1489235170,God's Country,Blake Shelton,Fully Loaded: God's Country,Country,1.29,10.99,2019-03-29 07:00:00+00:00,204800
1527782145,Beer Never Broke My Heart,Luke Combs,What You See Ain't Always What You Get (Deluxe Edition),Country,1.29,14.99,2019-05-08 07:00:00+00:00,186360
1440847742,Head Over Boots,Jon Pardi,California Sunrise,Country,1.29,9.99,2015-09-14 12:00:00+00:00,203147
1607280028,She Had Me At Heads Carolina,Cole Swindell,Stereotype,Country,1.29,10.99,2022-04-08 07:00:00+00:00,206107
1440935163,Get Me Some of That,Thomas Rhett,It Goes Like This,Country,1.29,9.99,2013-10-29 12:00:00+00:00,188880
1440901087,Millionaire,Chris Stapleton,From A Room: Volume 2,Country,1.29,9.99,2017-12-01 12:00:00+00:00,210027
1444320654,The Champion (feat. Ludacris),Carrie Underwood,The Champion (feat. Ludacris) - Single,Pop,1.29,1.29,2018-01-12 12:00:00+00:00,223999
1383989665,All To Myself,Dan + Shay,Dan + Shay,Country,1.29,10.99,2018-05-03 12:00:00+00:00,169613
1590368453,Red (Taylor's Version),Taylor Swift,Red (Taylor’s Version) [+ A Message from Taylor],Pop,1.29,14.99,2021-11-12 12:00:00+00:00,223093
328436584,Smile,Uncle Kracker,Happy Hour (Deluxe Version),Pop,1.29,12.99,2009-07-13 07:00:00+00:00,201333
1752598507,GIVE HEAVEN SOME HELL,HARDY,A ROCK,Country,1.29,9.99,2020-07-24 12:00:00+00:00,217802
1440935153,Humble and Kind,Tim McGraw,Damn Country Music (Deluxe Edition),Country,1.29,11.99,2015-11-06 12:00:00+00:00,260028
1690840111,Sparks Fly (Taylor's Version),Taylor Swift,Speak Now (Taylor's Version),Pop,1.29,13.99,2023-07-07 12:00:00+00:00,261231
1277176588,Heaven,Kane Brown,Kane Brown (Deluxe Edition),Country,1.29,11.99,2016-12-02 12:00:00+00:00,177334
1282112393,Fear Is a Liar,Zach Williams,Chain Breaker (Deluxe Edition),Christian,1.29,12.99,2016-12-14 12:00:00+00:00,265120
1620419734,Something in the Orange,Zach Bryan,Something in the Orange - Single,Country,1.29,2.58,2022-04-22 12:00:00+00:00,228013
1590368893,The Very First Night (Taylor's Version) [From The Vault],Taylor Swift,Red (Taylor’s Version) [+ A Message from Taylor],Pop,1.29,14.99,2021-11-12 12:00:00+00:00,200281
1666738585,Fast Car,Luke Combs,Gettin' Old,Country,1.29,13.99,2023-03-24 12:00:00+00:00,265285
1263704273,Fly Over States,Jason Aldean,My Kinda Party,Country,1.29,9.99,2010-11-02 12:00:00+00:00,218200
1526750221,Be Like That,"Kane Brown, Swae Lee, Khalid","Mixtape, Vol. 1 - EP",Pop,1.29,8.99,2020-07-10 07:00:00+00:00,191406
1690840371,Dear John (Taylor's Version),Taylor Swift,Speak Now (Taylor's Version),Pop,1.29,13.99,2023-07-07 12:00:00+00:00,405907
1818426110,Cowgirls (feat. ERNEST),Morgan Wallen,One Thing At A Time,Country,1.29,15.99,2023-03-03 12:00:00+00:00,181621
1502298679,Someday,OneRepublic,Human (Deluxe),Pop,1.29,11.99,2021-08-27 12:00:00+00:00,187889
635829448,Lyin' Eyes,Eagles,Their Greatest Hits 1971-1975,Rock,1.29,9.99,1975-06-10 07:00:00+00:00,381897
1440827487,Traveller,Chris Stapleton,Traveller,Country,1.29,9.99,2015-02-17 08:00:00+00:00,222411
941366742,America's Sweetheart,Elle King,Love Stuff,Alternative,1.29,9.99,2015-02-13 08:00:00+00:00,245542
1383989668,Speechless,Dan + Shay,Dan + Shay,Country,1.29,10.99,2018-05-18 07:00:00+00:00,212747
1228888135,One Number Away,Luke Combs,This One's for You,Country,1.29,9.99,2015-06-16 12:00:00+00:00,222573
1619408877,The Kind of Love We Make,Luke Combs,Growin' Up,Country,1.29,11.99,2022-06-16 07:00:00+00:00,224435
1396178603,Get Along,Kenny Chesney,Songs for the Saints,Country,1.29,10.99,2018-06-15 07:00:00+00:00,199627
1228888143,When It Rains It Pours,Luke Combs,This One's for You,Country,1.29,9.99,2017-06-02 12:00:00+00:00,242680
1633178998,Oklahoma Smokeshow,Zach Bryan,Summertime Blues - EP,Country,1.29,7.99,2022-07-07 12:00:00+00:00,211739
1818407111,You Proof,Morgan Wallen,You Proof - Single,Country,1.29,1.29,2022-05-13 12:00:00+00:00,157478
1376707065,Must've Never Met You,Luke Combs,This One’s for You Too (Deluxe Edition),Country,1.29,12.99,2018-06-01 07:00:00+00:00,199147
1607896834,Honey In The Rock (Live),Brooke Ligertwood & Brandon Lake,SEVEN (Live),Christian,1.29,9.99,2022-02-25 12:00:00+00:00,283964
1752597790,Up Down (feat. Florida Georgia Line),Morgan Wallen,If I Know Me,Country,0.99,9.99,2017-11-27 08:00:00+00:00,197253
1383989661,Tequila,Dan + Shay,Dan + Shay,Country,1.29,10.99,2018-01-10 12:00:00+00:00,195987
1454614696,Look What God Gave Her,Thomas Rhett,Center Point Road,Country,1.29,11.99,2019-03-03 08:00:00+00:00,168960
1462929680,All Your'n,Tyler Childers,Country Squire,Country,1.29,7.99,2019-08-02 12:00:00+00:00,218290
1228888134,Hurricane,Luke Combs,This One's for You,Country,1.29,9.99,2015-06-16 12:00:00+00:00,223307
1478461248,Got What I Got,Jason Aldean,9,Country,1.29,11.99,2019-10-11 12:00:00+00:00,178148
1727612051,Spin You Around (1/24),Morgan Wallen,Spin You Around (1/24) - Single,Country,1.29,1.29,2024-01-26 12:00:00+00:00,209427
1582024379,Human,Cody Johnson,Human: The Double Album,Country,1.29,13.99,2021-10-08 12:00:00+00:00,221520
1818449590,Cover Me Up,Morgan Wallen,Cover Me Up - Single,Country,1.29,1.29,2019-04-05 12:00:00+00:00,292663
1528423169,You Should Probably Leave,Chris Stapleton,Starting Over,Country,1.29,9.99,2020-11-13 12:00:00+00:00,213488
1685914684,When She Says Baby,Jason Aldean,Night Train,Country,1.29,9.99,2012-10-16 12:00:00+00:00,170765
663114228,God Gave Me You,Blake Shelton,Red River Blue (Bonus Tracks Edition),Country,1.29,10.99,2011-07-12 07:00:00+00:00,230093
1818469728,Sand In My Boots,Morgan Wallen,Dangerous: The Double Album,Country,1.29,13.99,2021-01-08 12:00:00+00:00,202133
1440901947,Broken Halos,Chris Stapleton,From A Room: Vol. 1,Country,1.29,9.99,2017-05-05 12:00:00+00:00,180898
1690841083,Castles Crumbling (Taylor's Version) (From The Vault) [feat. Hayley Williams],Taylor Swift,Speak Now (Taylor's Version),Pop,1.29,13.99,2023-07-07 12:00:00+00:00,306062
1528423148,Starting Over,Chris Stapleton,Starting Over,Country,1.29,9.99,2020-08-29 07:00:00+00:00,240405
1510409259,I Hope,Gabby Barrett,Goldmine,Country,1.29,9.99,2020-05-01 07:00:00+00:00,210773
195036698,My Little Girl,Tim McGraw,Flicka (Motion Picture Soundtrack),Soundtrack,1.29,9.99,2006-03-28 08:00:00+00:00,223533
1263703719,Dirt Road Anthem,Jason Aldean,My Kinda Party,Country,1.29,9.99,2010-11-02 12:00:00+00:00,229400
1666738581,Where the Wild Things Are,Luke Combs,Gettin' Old,Country,1.29,13.99,2023-03-24 12:00:00+00:00,239545
1858754875,My Mind,Ella Mai,Do You Still Love Me?,R&B/Soul,1.29,9.99,,172792
1873475145,Sensitive Gangsta,Qiuntellii & Eric Bellinger,IF IM BEING HONEST,R&B/Soul,0.99,7.92,2025-09-19 12:00:00+00:00,208773
1871719522,Learn from Each Other (Instrumental),Majid Jordan,Majid Jordan (Instrumentals),R&B/Soul,1.29,9.99,2026-02-05 12:00:00+00:00,346001
1871719524,Make It Work (Instrumental),Majid Jordan,Majid Jordan (Instrumentals),R&B/Soul,1.29,9.99,2026-02-05 12:00:00+00:00,224397
1871719525,My Love (feat. Drake) [Instrumental],Majid Jordan,Majid Jordan (Instrumentals),R&B/Soul,1.29,9.99,2026-02-05 12:00:00+00:00,248381
1871719531,Love Is Always There (Instrumental),Majid Jordan,Majid Jordan (Instrumentals),R&B/Soul,1.29,9.99,2026-02-05 12:00:00+00:00,287319
1871719532,Warm (Instrumental),Majid Jordan,Majid Jordan (Instrumentals),R&B/Soul,1.29,9.99,2026-02-05 12:00:00+00:00,192398
1871719533,Something About You (Instrumental),Majid Jordan,Majid Jordan (Instrumentals),R&B/Soul,1.29,9.99,2026-02-05 12:00:00+00:00,261793
1871719535,King City (Instrumental),Majid Jordan,Majid Jordan (Instrumentals),R&B/Soul,1.29,9.99,2026-02-05 12:00:00+00:00,201488
1871719536,Every Step Every Way (Instrumental),Majid Jordan,Majid Jordan (Instrumentals),R&B/Soul,1.29,9.99,2026-02-05 12:00:00+00:00,214906
1858754873,There Goes My Heart,Ella Mai,Do You Still Love Me?,R&B/Soul,1.29,9.99,,213334
1858755206,Somebody’s Son,Ella Mai,Do You Still Love Me?,R&B/Soul,1.29,9.99,,220993
1858755210,Luckiest Man,Ella Mai,Do You Still Love Me?,R&B/Soul,1.29,9.99,,235650
1858755220,Chasing Circles,Ella Mai,Do You Still Love Me?,R&B/Soul,1.29,9.99,,248655
1858755222,No Angels,Ella Mai,Do You Still Love Me?,R&B/Soul,1.29,9.99,,172394
1871719526,Small Talk (Instrumental),Majid Jordan,Majid Jordan (Instrumentals),R&B/Soul,1.29,9.99,2026-02-05 12:00:00+00:00,259191
1871719527,Pacifico (Instrumental),Majid Jordan,Majid Jordan (Instrumentals),R&B/Soul,1.29,9.99,2026-02-05 12:00:00+00:00,275844
1871719530,Shake Shake Shake (Instrumental),Majid Jordan,Majid Jordan (Instrumentals),R&B/Soul,1.29,9.99,2026-02-05 12:00:00+00:00,287831
1871719534,Day and Night (Instrumental),Majid Jordan,Majid Jordan (Instrumentals),R&B/Soul,1.29,9.99,2026-02-05 12:00:00+00:00,306089
1867547952,Don't Hold Me,"Marc E. Bassy, Nic Nac & Nvrhme.",NO HArD FEELINGS (Deluxe),R&B/Soul,0.99,9.99,,141007
1867548367,Just In Case,Marc E. Bassy & Nic Nac,NO HArD FEELINGS (Deluxe),R&B/Soul,0.99,9.99,,105774
1872839440,Sa3teen,Kay'O & hamadaboi,MaZoal3adi - EP,R&B/Soul,1.29,5.16,2026-02-05 12:00:00+00:00,132816
257524515,Let Me Love You,Mario,Turning Point,R&B/Soul,1.29,9.99,2004-11-16 08:00:00+00:00,249093
439618071,Sure Thing,Miguel,All I Want Is You,R&B/Soul,1.29,7.99,2010-11-26 08:00:00+00:00,195373
1867923702,have to.,Brent Faiyaz,Icon,R&B/Soul,0.69,,2025-10-31 07:00:00+00:00,207024
1718988839,R&B,English Teacher,This Could Be Texas,Alternative,1.29,9.99,2021-04-16 07:00:00+00:00,168064
1799080775,Get You (feat. Kali Uchis),Daniel Caesar,Freudian,R&B/Soul,1.29,7.99,2016-10-21 12:00:00+00:00,278180
561709114,Adorn,Miguel,Kaleidoscope Dream,R&B/Soul,1.29,9.99,2012-08-07 07:00:00+00:00,193147
1799080776,Best Part (feat. H.E.R.),Daniel Caesar,Freudian,R&B/Soul,0.99,7.99,2017-08-25 12:00:00+00:00,209831
1873113148,Call My Name,"Hollyn, Ryan Ofei & Weathrman",Theology of Beauty: Winter,Christian,1.29,9.99,,245068
1873113150,Call My Name (Prelude),Hollyn & Weathrman,Theology of Beauty: Winter,Christian,1.29,9.99,,39682
1873113152,Chaos,Hollyn & Weathrman,Theology of Beauty: Winter,Christian,1.29,9.99,,116750
1873113153,Gaps,"Hollyn, Weathrman & Chandler Moore",Theology of Beauty: Winter,Christian,1.29,9.99,,299014
1873113155,Gone,"Hollyn, Weathrman & Aklesso",Theology of Beauty: Winter,Christian,1.29,9.99,,252368
1873113157,If It All Makes Sense,Hollyn & Weathrman,Theology of Beauty: Winter,Christian,1.29,9.99,,220681
1873113158,If You Love Me At All,Hollyn & Weathrman,Theology of Beauty: Winter,Christian,1.29,9.99,,230000
1873113160,Jireh,Hollyn & Weathrman,Theology of Beauty: Winter,Christian,1.29,9.99,,183978
1873113161,Love,"Hollyn, Weathrman & moment. worship",Theology of Beauty: Winter,Christian,1.29,9.99,,279875
1873113162,Play Me When You're In Love,Hollyn & Weathrman,Theology of Beauty: Winter,Christian,1.29,9.99,,422710
1873113163,Take the Blame,Hollyn & Weathrman,Theology of Beauty: Winter,Christian,1.29,9.99,,124242
1873113164,We Pray,Hollyn & Weathrman,Theology of Beauty: Winter,Christian,1.29,9.99,,128810
1873113165,What If It All Falls Apart,Hollyn & Weathrman,Theology of Beauty: Winter,Christian,1.29,9.99,,141250
1873113166,Where Do I Go,Hollyn & Weathrman,Theology of Beauty: Winter,Christian,1.29,9.99,,212039
1440872304,Die For You,The Weeknd,Starboy,R&B/Soul,1.29,9.99,2016-11-25 12:00:00+00:00,260256
255093411,I'm a Flirt (Remix) [feat. T.I. & T-Pain],R. Kelly,Double Up,R&B/Soul,1.29,9.99,2007-03-02 08:00:00+00:00,316493
1363310482,Call Out My Name,The Weeknd,"My Dear Melancholy,",R&B/Soul,1.29,5.99,2018-03-30 12:00:00+00:00,228382
1731134646,R&B,English Teacher,This Could Be Texas,Alternative,1.29,9.99,2021-04-16 12:00:00+00:00,168064
1488408568,Blinding Lights,The Weeknd,Blinding Lights - Single,R&B/Soul,,,2019-11-29 12:00:00+00:00,201570
1657869393,Kill Bill,SZA,SOS,R&B/Soul,1.29,14.99,2022-12-09 12:00:00+00:00,153947
1440872309,I Feel It Coming (feat. Daft Punk),The Weeknd,Starboy,R&B/Soul,1.29,9.99,2016-11-18 12:00:00+00:00,269177
1438765304,Karma,Summer Walker,Last Day of Summer,R&B/Soul,1.29,9.99,2018-10-19 12:00:00+00:00,188907
275502260,Damaged,Danity Kane,Welcome to the Dollhouse,Pop,1.29,10.99,2008-01-29 08:00:00+00:00,239147
1532252603,Free Mind,Tems,For Broken Ears,Alte,0.99,5.99,2020-09-25 12:00:00+00:00,247579
283567752,Step In the Name of Love (Remix),R. Kelly,Chocolate Factory,R&B/Soul,1.29,9.99,2003-02-18 08:00:00+00:00,432147
1440661545,Baby (feat. Ludacris),Justin Bieber,My World 2.0 (Bonus Track Version),Pop,1.29,9.99,2010-01-18 12:00:00+00:00,214240
1294890800,Focus,H.E.R.,H.E.R.,R&B/Soul,1.29,10.99,2016-09-09 07:00:00+00:00,200140
1438765140,CPR,Summer Walker,Last Day of Summer,R&B/Soul,1.29,9.99,2018-04-05 07:00:00+00:00,203240
1441844542,All of Me,John Legend,Love in the Future (Expanded Edition),R&B/Soul,1.29,13.99,2013-08-12 07:00:00+00:00,269557
255343130,If I Ain't Got You,Alicia Keys,The Diary of Alicia Keys,R&B/Soul,1.29,9.99,2003-12-02 08:00:00+00:00,228707
269573364,Billie Jean,Michael Jackson,Thriller,Pop,1.29,9.99,1982-11-29 08:00:00+00:00,293802
1477672845,Could've Been (feat. Bryson Tiller),H.E.R.,I Used To Know Her,R&B/Soul,1.29,10.99,2018-08-03 12:00:00+00:00,252750
1436555518,Trip,Ella Mai,Ella Mai,R&B/Soul,1.29,10.99,2018-08-03 07:00:00+00:00,213993
266809802,Say My Name,Destiny's Child,The Writing's On the Wall,R&B/Soul,1.29,9.99,1999-07-14 07:00:00+00:00,271272
1294890949,Every Kind of Way,H.E.R.,H.E.R.,R&B/Soul,1.29,10.99,2017-05-19 07:00:00+00:00,160172
1440667557,Love,Keyshia Cole,The Way It Is,R&B/Soul,1.29,9.99,2005-06-21 07:00:00+00:00,255333
1440858500,Can't Feel My Face,The Weeknd,Beauty Behind the Madness,R&B/Soul,1.29,9.99,2015-06-05 12:00:00+00:00,213525
261707067,Irreplaceable,Beyoncé,B'Day (Deluxe Edition),Pop,1.29,16.99,2006-09-04 07:00:00+00:00,227780
1031355371,Right My Wrongs,Bryson Tiller,T R A P S O U L,R&B/Soul,1.29,9.99,2015-09-25 07:00:00+00:00,249319
1441154571,Disturbia,Rihanna,Good Girl Gone Bad: Reloaded,R&B/Soul,1.29,9.99,2008-06-02 07:00:00+00:00,238627
1612543554,Spread Thin,Mariah the Scientist,Buckles Laboratories Presents: The Intermission - EP,R&B/Soul,1.29,3.99,2022-03-11 12:00:00+00:00,202520
1440880837,Boo'd Up,Ella Mai,Ready - EP,R&B/Soul,1.29,5.99,2017-02-22 12:00:00+00:00,256064
1599010268,The Color Violet,Tory Lanez,Alone At Prom,R&B/Soul,1.29,10.99,2021-12-10 12:00:00+00:00,226467
1328527216,Finesse (Remix) [feat. Cardi B],Bruno Mars,Finesse (Remix) [feat. Cardi B] - Single,R&B/Soul,1.29,1.29,2018-01-04 12:00:00+00:00,217289
207246319,When I See U,Fantasia,Fantasia,R&B/Soul,1.29,9.99,2006-12-12 08:00:00+00:00,217347
1440769834,Down On Me (feat. 50 Cent),Jeremih,All About You (Deluxe Edition),R&B/Soul,1.29,11.99,2010-09-28 12:00:00+00:00,228453
1365643991,Session 32,Summer Walker,Session 32 - Single,R&B/Soul,1.29,1.29,2018-04-05 12:00:00+00:00,98027
1294891012,Best Part (feat. Daniel Caesar),H.E.R.,H.E.R.,R&B/Soul,1.29,10.99,2017-08-25 12:00:00+00:00,209388
1499127838,HEARTBREAK ANNIVERSARY,GIVĒON,HEARTBREAK ANNIVERSARY - Single,R&B/Soul,1.29,1.29,2020-02-21 12:00:00+00:00,196795
1200868882,8TEEN,Khalid,American Teen,R&B/Soul,1.29,9.99,2017-03-03 12:00:00+00:00,228594
1276760746,Ex-Factor,Lauryn Hill,The Miseducation of Lauryn Hill,R&B/Soul,1.29,10.99,1998-08-19 07:00:00+00:00,326533
1535678349,Damage,H.E.R.,Damage - Single,R&B/Soul,1.29,1.29,2020-10-21 12:00:00+00:00,223415
1207820258,Dark Red,Steve Lacy,Steve Lacy's Demo - EP,R&B/Soul,1.29,3.99,2017-02-20 12:00:00+00:00,173104
1276760748,Doo Wop (That Thing),Lauryn Hill,The Miseducation of Lauryn Hill,R&B/Soul,1.29,10.99,1998-08-10 07:00:00+00:00,320267
1732348414,Saturn,SZA,Saturn - Single,R&B/Soul,1.29,4.99,2024-02-23 08:00:00+00:00,186192
439618072,All I Want Is You (feat. J.Cole),Miguel,All I Want Is You,R&B/Soul,1.29,7.99,2010-05-25 07:00:00+00:00,295920
840431935,I Wanna Dance with Somebody (Who Loves Me),Whitney Houston,Whitney,R&B/Soul,1.29,9.99,1987-05-02 07:00:00+00:00,292875
1445834188,Miss Independent,Ne-Yo,Year of the Gentleman (Deluxe Edition),R&B/Soul,1.29,11.99,2008-07-18 07:00:00+00:00,232000
1486999206,Love Songs (Bonus),Kaash Paige,Parked Car Convos,R&B/Soul,1.29,7.99,2018-11-19 12:00:00+00:00,148608
1442990081,Oui,Jeremih,Late Nights,R&B/Soul,1.29,9.99,2015-10-30 12:00:00+00:00,238320
1200868879,Coaster,Khalid,American Teen,R&B/Soul,1.29,9.99,2017-02-03 08:00:00+00:00,199122
294461792,No One,Alicia Keys,As I Am (Expanded Edition),Contemporary R&B,1.29,13.99,2007-10-09 07:00:00+00:00,253813
1833328840,The Fate of Ophelia,Taylor Swift,The Life of a Showgirl,Pop,,,2025-10-03 12:00:00+00:00,226074
1440936016,Shake It Off,Taylor Swift,1989,Pop,1.29,10.99,2014-08-19 07:00:00+00:00,219209
1452859427,You Belong With Me,Taylor Swift,Fearless (Platinum Edition),Country,1.29,,2008-11-11 12:00:00+00:00,231147
1452859410,Love Story,Taylor Swift,Fearless (Platinum Edition),Country,1.29,,2008-09-12 12:00:00+00:00,235280
1440936036,Wildest Dreams,Taylor Swift,1989,Pop,1.29,10.99,2014-10-27 07:00:00+00:00,220433
1440936028,Bad Blood,Taylor Swift,1989,Pop,1.29,10.99,2014-10-27 07:00:00+00:00,211933
1440914010,Our Song,Taylor Swift,Taylor Swift (Bonus Track Version),Country,1.29,9.99,2006-10-24 12:00:00+00:00,201107
1440935349,I Knew You Were Trouble,Taylor Swift,Red,Country,1.29,11.99,2012-10-09 12:00:00+00:00,219721
1440935812,Style,Taylor Swift,1989,Pop,1.29,10.99,2014-10-27 07:00:00+00:00,231000
1468058704,You Need To Calm Down,Taylor Swift,Lover,Pop,1.29,11.99,2019-06-14 07:00:00+00:00,171352
1440935562,22,Taylor Swift,Red,Country,1.29,11.99,2012-10-22 12:00:00+00:00,232120
1440934255,Look What You Made Me Do,Taylor Swift,reputation,Pop,1.29,9.99,2017-08-24 12:00:00+00:00,211859
1440935564,We Are Never Ever Getting Back Together,Taylor Swift,Red,Country,1.29,11.99,2012-08-13 12:00:00+00:00,193144
1650841515,Anti-Hero,Taylor Swift,Midnights (3am Edition),Pop,1.29,13.99,2022-10-21 12:00:00+00:00,200690
1440920614,Enchanted,Taylor Swift,Speak Now,Country,1.29,10.99,2010-10-25 07:00:00+00:00,352187
1440934248,...Ready For It?,Taylor Swift,reputation,Pop,1.29,9.99,2017-09-03 07:00:00+00:00,208198
1833328845,Opalite,Taylor Swift,The Life of a Showgirl,Pop,,,2025-10-03 12:00:00+00:00,235356
1440925035,You Belong With Me,Taylor Swift,Fearless,Country,1.29,9.99,2008-11-11 08:00:00+00:00,231133
1440934254,Delicate,Taylor Swift,reputation,Pop,1.29,9.99,2017-11-10 12:00:00+00:00,232251
1468058176,The Man,Taylor Swift,Lover,Pop,1.29,11.99,2019-08-23 07:00:00+00:00,190363
1552791427,Love Story (Taylor’s Version),Taylor Swift,Fearless (Taylor's Version),Country,1.29,13.99,2021-02-11 08:00:00+00:00,235767
1703843626,Taylor Swift,Walker Hayes,New Money,Country,1.29,7.99,2023-09-29 12:00:00+00:00,201267
1440880860,I Don’t Wanna Live Forever (Fifty Shades Darker),ZAYN & Taylor Swift,Fifty Shades Darker (Original Motion Picture Soundtrack),Soundtrack,1.29,13.99,2016-12-09 12:00:00+00:00,245653
1440913991,Picture to Burn,Taylor Swift,Taylor Swift (Bonus Track Version),Country,1.29,9.99,2006-10-24 12:00:00+00:00,173067
1440920489,Back to December,Taylor Swift,Speak Now,Country,1.29,10.99,2010-10-25 07:00:00+00:00,293027
1468058706,ME! (feat. Brendon Urie of Panic! At The Disco),Taylor Swift,Lover,Pop,1.29,11.99,2019-04-26 07:00:00+00:00,193000
1468058181,Paper Rings,Taylor Swift,Lover,Pop,1.29,11.99,2019-08-23 07:00:00+00:00,222407
1690840535,Enchanted (Taylor's Version),Taylor Swift,Speak Now (Taylor's Version),Pop,1.29,13.99,2023-07-07 12:00:00+00:00,353253
1742057775,Fortnight (feat. Post Malone),Taylor Swift,THE TORTURED POETS DEPARTMENT: THE ANTHOLOGY,Pop,1.29,14.99,2024-04-19 12:00:00+00:00,228966
1524801580,cardigan,Taylor Swift,folklore,Alternative,1.29,12.99,2020-07-24 12:00:00+00:00,239560
1440934249,End Game (feat. Ed Sheeran & Future),Taylor Swift,reputation,Pop,1.29,9.99,2017-11-10 12:00:00+00:00,244821
1440933520,Style,Taylor Swift,1989 (Deluxe Edition),Pop,1.29,11.99,2014-10-27 07:00:00+00:00,231000
1524801591,my tears ricochet,Taylor Swift,folklore,Alternative,1.29,12.99,2020-07-24 12:00:00+00:00,255894
1524801944,august,Taylor Swift,folklore,Alternative,1.29,12.99,2020-07-24 12:00:00+00:00,261923
1649434293,Anti-Hero,Taylor Swift,Midnights,Pop,1.29,11.99,2022-10-21 12:00:00+00:00,200690
1552791558,You Belong With Me (Taylor’s Version),Taylor Swift,Fearless (Taylor's Version),Country,1.29,13.99,2021-04-09 12:00:00+00:00,231124
1468058180,Miss Americana & The Heartbreak Prince,Taylor Swift,Lover,Pop,1.29,11.99,2019-08-23 07:00:00+00:00,234137
1440920597,Mean,Taylor Swift,Speak Now,Country,1.29,10.99,2010-10-25 07:00:00+00:00,237733
1468058169,I Forgot That You Existed,Taylor Swift,Lover,Pop,1.29,11.99,2019-08-23 07:00:00+00:00,170651
1440935802,Welcome To New York,Taylor Swift,1989,Pop,1.29,10.99,2014-10-20 07:00:00+00:00,212600
1440934251,I Did Something Bad,Taylor Swift,reputation,Pop,1.29,9.99,2017-11-10 12:00:00+00:00,238251
1718018859,Taylor Swift,Matt Cooper,Taylor Swift + Partner in Crime - Single,Country,0.99,1.98,2022-01-14 12:00:00+00:00,167801
1713846658,Is It Over Now? (Taylor's Version) [From The Vault],Taylor Swift,1989 (Taylor's Version) [Deluxe],Pop,1.29,13.99,2023-10-27 12:00:00+00:00,229478
1742058100,Who’s Afraid of Little Old Me?,Taylor Swift,THE TORTURED POETS DEPARTMENT: THE ANTHOLOGY,Pop,1.29,14.99,2024-04-19 12:00:00+00:00,334085
1440934258,Gorgeous,Taylor Swift,reputation,Pop,1.29,9.99,2017-10-20 12:00:00+00:00,209677
1440933517,Blank Space,Taylor Swift,1989 (Deluxe Edition),Pop,1.29,11.99,2014-10-27 07:00:00+00:00,231827
1440934430,Call It What You Want,Taylor Swift,reputation,Pop,1.29,9.99,2017-11-03 12:00:00+00:00,203506
1440934421,Dress,Taylor Swift,reputation,Pop,1.29,9.99,2017-11-10 12:00:00+00:00,230385
1468058177,The Archer,Taylor Swift,Lover,Pop,1.29,11.99,2019-07-23 07:00:00+00:00,211235
1524801587,exile (feat. Bon Iver),Taylor Swift,folklore,Alternative,1.29,12.99,2020-07-24 12:00:00+00:00,285634
1690840121,Back To December (Taylor's Version),Taylor Swift,Speak Now (Taylor's Version),Pop,1.29,13.99,2023-07-07 12:00:00+00:00,294190
1833328842,Elizabeth Taylor,Taylor Swift,The Life of a Showgirl,Pop,,,2025-10-03 12:00:00+00:00,208292
1440933651,Shake It Off,Taylor Swift,1989 (Deluxe Edition),Pop,1.29,11.99,2014-08-19 07:00:00+00:00,219200
1838810951,The Fate of Ophelia,Taylor Swift,The Life of a Showgirl,Pop,0.69,11.99,2025-10-03 12:00:00+00:00,226074
1468058184,Cornelia Street,Taylor Swift,Lover,Pop,1.29,11.99,2019-08-23 07:00:00+00:00,287267
1468058705,Afterglow,Taylor Swift,Lover,Pop,1.29,11.99,2019-08-23 07:00:00+00:00,223295
1552792305,Mr. Perfectly Fine (Taylor’s Version) [From The Vault],Taylor Swift,Fearless (Taylor's Version),Country,1.29,13.99,2021-04-06 07:00:00+00:00,277592
1440933656,Wildest Dreams,Taylor Swift,1989 (Deluxe Edition),Pop,1.29,11.99,2014-10-27 07:00:00+00:00,220440
1468058185,Death By A Thousand Cuts,Taylor Swift,Lover,Pop,1.29,11.99,2019-08-23 07:00:00+00:00,198530
1742058083,"So Long, London",Taylor Swift,THE TORTURED POETS DEPARTMENT: THE ANTHOLOGY,Pop,1.29,14.99,2024-04-19 12:00:00+00:00,262975
1468058701,False God,Taylor Swift,Lover,Pop,1.29,11.99,2019-08-23 07:00:00+00:00,200310
1440935820,Out of the Woods,Taylor Swift,1989,Pop,1.29,10.99,2014-10-27 07:00:00+00:00,235800
1552791228,Fearless (Taylor’s Version),Taylor Swift,Fearless (Taylor's Version),Country,1.29,13.99,2021-04-09 12:00:00+00:00,241592
1468058708,Daylight,Taylor Swift,Lover,Pop,1.29,11.99,2019-08-23 07:00:00+00:00,293435
1468058696,London Boy,Taylor Swift,Lover,Pop,1.29,11.99,2019-08-23 07:00:00+00:00,190239
1440934264,King of My Heart,Taylor Swift,reputation,Pop,1.29,9.99,2017-11-10 12:00:00+00:00,214327
1440913928,Tim McGraw,Taylor Swift,Taylor Swift (Bonus Track Version),Country,1.29,9.99,2006-06-19 12:00:00+00:00,232107
1440934423,This Is Why We Can’t Have Nice Things,Taylor Swift,reputation,Pop,1.29,9.99,2017-11-10 12:00:00+00:00,207126
1490369895,Christmas Tree Farm,Taylor Swift,Christmas Tree Farm - Single,Pop,1.29,1.29,2019-12-06 08:00:00+00:00,227983
1547316004,right where you left me (bonus track),Taylor Swift,evermore (deluxe version),Alternative,1.29,13.99,2021-01-07 08:00:00+00:00,245027
1742058097,Guilty as Sin?,Taylor Swift,THE TORTURED POETS DEPARTMENT: THE ANTHOLOGY,Pop,1.29,14.99,2024-04-19 12:00:00+00:00,254366
1742058269,So High School,Taylor Swift,THE TORTURED POETS DEPARTMENT: THE ANTHOLOGY,Pop,1.29,14.99,2024-04-19 12:00:00+00:00,228800
1440935346,Red,Taylor Swift,Red,Country,1.29,11.99,2012-10-02 12:00:00+00:00,223091
1440934434,New Year’s Day,Taylor Swift,reputation,Pop,1.29,9.99,2017-11-10 12:00:00+00:00,235456
1742058079,My Boy Only Breaks His Favorite Toys,Taylor Swift,THE TORTURED POETS DEPARTMENT: THE ANTHOLOGY,Pop,1.29,14.99,2024-04-19 12:00:00+00:00,203801
1590368456,All Too Well (Taylor's Version),Taylor Swift,Red (Taylor’s Version) [+ A Message from Taylor],Pop,1.29,14.99,2021-11-12 12:00:00+00:00,329160
1440934269,Dancing With Our Hands Tied,Taylor Swift,reputation,Pop,1.29,9.99,2017-11-10 12:00:00+00:00,211497
1440934257,So It Goes...,Taylor Swift,reputation,Pop,1.29,9.99,2017-11-10 12:00:00+00:00,227905
1552791761,The Way I Loved You (Taylor’s Version),Taylor Swift,Fearless (Taylor's Version),Country,1.29,13.99,2021-04-09 12:00:00+00:00,243137
1440935305,Highway Don't Care (feat. Taylor Swift & Keith Urban),Tim McGraw,Two Lanes of Freedom (Accelerated Deluxe),Country,1.29,11.99,2013-02-05 12:00:00+00:00,279072
1690841071,I Can See You (Taylor's Version) (From The Vault),Taylor Swift,Speak Now (Taylor's Version),Pop,1.29,13.99,2023-07-07 12:00:00+00:00,273186
1445766091,Delicate,Taylor Swift,reputation (Big Machine Radio Release Special),Pop,,,2017-11-10 08:00:00+00:00,232253
1650841735,Bejeweled,Taylor Swift,Midnights (3am Edition),Pop,1.29,13.99,2022-10-21 12:00:00+00:00,194166
1528112370,august,Taylor Swift,folklore (deluxe version),Alternative,1.29,13.99,2020-07-24 07:00:00+00:00,261923
1650841730,Midnight Rain,Taylor Swift,Midnights (3am Edition),Pop,1.29,13.99,2022-10-21 12:00:00+00:00,174783
1440935829,All You Had To Do Was Stay,Taylor Swift,1989,Pop,1.29,10.99,2014-10-27 07:00:00+00:00,193289
1440935561,All Too Well,Taylor Swift,Red,Country,1.29,11.99,2012-10-22 12:00:00+00:00,329164
1742058260,imgonnagetyouback,Taylor Swift,THE TORTURED POETS DEPARTMENT: THE ANTHOLOGY,Pop,1.29,14.99,2024-04-19 12:00:00+00:00,222072
1440920319,Mine,Taylor Swift,Speak Now,Country,1.29,10.99,2010-08-04 07:00:00+00:00,230707
1528112365,my tears ricochet,Taylor Swift,folklore (deluxe version),Alternative,1.29,13.99,2020-07-24 07:00:00+00:00,255894
1650841729,"You're On Your Own, Kid",Taylor Swift,Midnights (3am Edition),Pop,1.29,13.99,2022-10-21 12:00:00+00:00,194207
1370652656,Babe (feat. Taylor Swift),Sugarland,Bigger,Country,1.29,9.99,2018-06-08 07:00:00+00:00,215113
1689131533,Anti-Hero,Taylor Swift,Midnights (The Til Dawn Edition),Pop,1.29,14.99,2022-10-21 07:00:00+00:00,200690
1742058092,Fresh Out The Slammer,Taylor Swift,THE TORTURED POETS DEPARTMENT: THE ANTHOLOGY,Pop,1.29,14.99,2024-04-19 12:00:00+00:00,210789
1406109901,In My Feelings,Drake,Scorpion,Hip-Hop/Rap,1.29,12.99,2018-06-29 12:00:00+00:00,217925
1418213392,Finesse,Drake,Scorpion,Hip-Hop/Rap,1.29,12.99,2018-06-29 12:00:00+00:00,182080
804145420,Odio (feat. Drake),Romeo Santos,"Fórmula, Vol. 2 (Deluxe Edition)",Música tropical,1.29,13.99,2014-01-27 08:00:00+00:00,225000
1662168786,MIA (feat. Drake),Bad Bunny,MIA (feat. Drake) - Single,Latin,1.29,1.29,2018-10-11 12:00:00+00:00,210368
1440841384,One Dance (feat. Wizkid & Kyla),Drake,Views,Hip-Hop/Rap,1.29,11.99,2016-04-05 12:00:00+00:00,173985
374980726,Un-thinkable (I'm Ready) [Remix] {feat. Drake},Alicia Keys,Un-thinkable (I'm Ready) [Remix] {feat. Drake} - Single,R&B/Soul,1.29,1.29,2010-05-28 07:00:00+00:00,282027
1442989073,Mr. Wrong (feat. Drake),Mary J. Blige,My Life II...The Journey Continues (Act 1) [Deluxe],R&B/Soul,1.29,12.99,2011-11-21 08:00:00+00:00,241853
328449248,I Invented Sex (feat. Drake),Trey Songz,Ready (Deluxe),R&B/Soul,,9.99,2009-08-31 07:00:00+00:00,247933
1580843380,Drake,Still Woozy,"If This Isn’t Nice, I Don’t Know What Is",Pop,1.29,9.99,2021-08-13 12:00:00+00:00,167560
1447555315,MÍA (feat. Drake),Bad Bunny,X 100PRE,Urbano latino,1.29,12.99,2018-10-11 12:00:00+00:00,210368
1440841730,Hotline Bling,Drake,Views,Hip-Hop/Rap,1.29,11.99,2015-07-31 12:00:00+00:00,267024
1572737688,Drake,Still Woozy,"If This Isn’t Nice, I Don’t Know What Is",Pop,1.29,9.99,2021-08-13 12:00:00+00:00,167560
1662174509,LOYAL (feat. Drake),PARTYNEXTDOOR,PARTYMOBILE,R&B/Soul,1.29,10.99,2019-11-21 12:00:00+00:00,197973
1418213403,Don’t Matter To Me,Drake & Michael Jackson,Scorpion,Hip-Hop/Rap,1.29,12.99,2018-06-29 12:00:00+00:00,245787
1440892397,Blem,Drake,More Life,Hip-Hop/Rap,1.29,11.99,2017-03-18 12:00:00+00:00,216558
1533349985,Outta Time (feat. Drake),Bryson Tiller,A N N I V E R S A R Y,R&B/Soul,1.29,9.99,2020-10-02 12:00:00+00:00,198822
1444620510,Signs,Drake,Signs - Single,Hip-Hop/Rap,1.29,1.29,2017-06-23 12:00:00+00:00,234345
1418213381,Summer Games,Drake,Scorpion,Hip-Hop/Rap,1.29,12.99,2018-06-29 12:00:00+00:00,247893
1440843974,Hotline Bling,Drake,Views,Hip-Hop/Rap,1.29,11.99,2015-07-31 12:00:00+00:00,267024
1438892859,In the Morning (feat. Drake),J. Cole,Cole World: The Sideline Story,Hip-Hop/Rap,1.29,10.99,2011-09-27 12:00:00+00:00,234387
1440762795,Find Your Love,Drake,Thank Me Later,Hip-Hop/Rap,1.29,9.99,2010-05-05 07:00:00+00:00,208947
1681412480,LOYAL (feat. Drake),PARTYNEXTDOOR,PARTYMOBILE (Chopped Not Slopped),R&B/Soul,1.29,11.99,2019-11-21 08:00:00+00:00,197973
1662168542,TWIST & TURN (feat. Drake & PARTYNEXTDOOR),Popcaan,FIXTAPE,Reggae,1.29,11.99,2020-08-07 12:00:00+00:00,259651
1440789557,Find Your Love,Drake,Thank Me Later,Hip-Hop/Rap,1.29,9.99,2010-05-05 12:00:00+00:00,208947
1445101958,Going Bad (feat. Drake),Meek Mill,Championships,Hip-Hop/Rap,1.29,13.99,2018-11-30 12:00:00+00:00,180522
1630230657,Massive,Drake,"Honestly, Nevermind",Dance,1.29,9.99,2022-06-17 12:00:00+00:00,336924
1630230762,Flight's Booked,Drake,"Honestly, Nevermind",Dance,1.29,9.99,2022-06-17 12:00:00+00:00,254407
1440893020,Since Way Back (feat. PARTYNEXTDOOR),Drake,More Life,Hip-Hop/Rap,1.29,11.99,2017-03-18 12:00:00+00:00,368036
1630230431,Texts Go Green,Drake,"Honestly, Nevermind",Dance,1.29,9.99,2022-06-17 12:00:00+00:00,308820
1475177827,I Get Lonely,Drake,Care Package,Hip-Hop/Rap,1.29,9.99,2010-10-05 07:00:00+00:00,253562
1171862343,Drake,Bart Baker,Drake - Single,Pop,1.29,1.29,2016-11-03 12:00:00+00:00,182935
1630230060,Falling Back,Drake,"Honestly, Nevermind",Dance,1.29,9.99,2022-06-17 12:00:00+00:00,266179
1555119876,Outta Time (feat. Drake),Bryson Tiller,A N N I V E R S A R Y (Deluxe),R&B/Soul,1.29,12.99,2020-10-02 07:00:00+00:00,198822
1796127362,PIMMIE'S DILEMMA,"Pimmie, PARTYNEXTDOOR & Drake",$ome $exy $ongs 4 U,R&B/Soul,1.29,11.99,2025-02-14 12:00:00+00:00,118154
1476636382,Won't Be Late (feat. Drake),Swae Lee,Won't Be Late (feat. Drake) - Single,Hip-Hop/Rap,1.29,1.29,2019-08-16 12:00:00+00:00,218710
1440650955,Right Here (feat. Drake),Justin Bieber,Believe (Deluxe Edition),Pop,1.29,11.99,2012-06-15 12:00:00+00:00,204187
1440892405,4422 (feat. Sampha),Drake,More Life,Hip-Hop/Rap,1.29,11.99,2017-03-18 12:00:00+00:00,186293
1440892261,Madiba Riddim,Drake,More Life,Hip-Hop/Rap,1.29,11.99,2017-03-18 12:00:00+00:00,205163
1406109777,Nonstop,Drake,Scorpion,Hip-Hop/Rap,1.29,12.99,2018-06-29 12:00:00+00:00,238614
1440892723,Nothings Into Somethings,Drake,More Life,Hip-Hop/Rap,1.29,11.99,2017-03-18 12:00:00+00:00,153725
1406109896,Nice For What,Drake,Scorpion,Hip-Hop/Rap,1.29,12.99,2018-04-06 07:00:00+00:00,210747
1556658055,Wants and Needs (feat. Lil Baby),Drake,Scary Hours 2,Hip-Hop/Rap,1.29,3.87,2021-03-05 12:00:00+00:00,194090
1406109863,God's Plan,Drake,Scorpion,Hip-Hop/Rap,1.29,12.99,2018-01-19 08:00:00+00:00,198973
1440892220,Since Way Back (feat. PARTYNEXTDOOR),Drake,More Life,Hip-Hop/Rap,1.29,11.99,2017-03-18 12:00:00+00:00,368036
1796127374,MEET YOUR PADRE,"PARTYNEXTDOOR, Drake & Chino Pacas",$ome $exy $ongs 4 U,R&B/Soul,1.29,11.99,2025-02-14 12:00:00+00:00,271059
1444879255,One Dance (feat. Wizkid & Kyla),Drake,One Dance (feat. Wizkid & Kyla) - Single,Hip-Hop/Rap,1.29,1.29,2016-04-05 12:00:00+00:00,173969
944366636,Drake (Instrumental),The Streets,"40 Hip Hop/R&B Instrumentals 2014, Vol. 1",R&B/Soul,0.99,9.99,2014-11-18 12:00:00+00:00,232856
1541962042,Drake,Stunna 4 Vegas,Welcome To 4 Vegas,Hip-Hop/Rap,1.29,7.99,2020-11-27 12:00:00+00:00,133840
1662237145,Stars Align (with Drake),Majid Jordan & Drake,Wildest Dreams,R&B/Soul,1.29,9.99,2021-10-22 12:00:00+00:00,260520
1440914604,Walk It Talk It (feat. Drake),Migos,Culture II,Hip-Hop/Rap,1.29,11.99,2018-01-26 12:00:00+00:00,276147
1796127418,GREEDY,PARTYNEXTDOOR & Drake,$ome $exy $ongs 4 U,R&B/Soul,1.29,11.99,2025-02-14 12:00:00+00:00,386165
1630230433,Currents,Drake,"Honestly, Nevermind",Dance,1.29,9.99,2022-06-17 12:00:00+00:00,157390
1443166804,Right Above It (feat. Drake),Lil Wayne,I Am Not a Human Being,Hip-Hop/Rap,1.29,9.99,2010-08-17 12:00:00+00:00,280667
1440891677,Blem,Drake,More Life,Hip-Hop/Rap,1.29,11.99,2017-03-18 12:00:00+00:00,216558
407880061,Celebration (feat. Drake),Tank,Now or Never (Deluxe Version),R&B/Soul,1.29,11.99,2010-12-13 12:00:00+00:00,252960
1527579780,Laugh Now Cry Later (feat. Lil Durk),Drake,Laugh Now Cry Later (feat. Lil Durk) - Single,Hip-Hop/Rap,1.29,1.29,2020-08-14 12:00:00+00:00,261493
1630230046,Intro,Drake,"Honestly, Nevermind",Dance,1.29,9.99,2022-06-17 12:00:00+00:00,36935
1440745890,Headlines,Drake,Take Care (Deluxe Version),Hip-Hop/Rap,1.29,11.99,2011-08-09 12:00:00+00:00,236000
1621611495,WAIT FOR U (feat. Drake & Tems),Future,I NEVER LIKED YOU,Hip-Hop/Rap,1.29,9.99,2022-04-29 07:00:00+00:00,189893
1494388436,Life Is Good (feat. Drake),Future,Life Is Good (feat. Drake) - Single,Hip-Hop/Rap,1.29,1.29,2020-01-10 12:00:00+00:00,237735
1440545953,In the Morning (feat. Drake),J. Cole,Cole World: The Sideline Story,R&B/Soul,1.29,10.99,2011-09-27 12:00:00+00:00,234373
1440860402,Poetic Justice (feat. Drake),Kendrick Lamar,"good kid, m.A.A.d city (Deluxe Version)",Hip-Hop/Rap,1.29,10.99,2012-10-22 12:00:00+00:00,300087
1406109897,Finesse,Drake,Scorpion,Hip-Hop/Rap,1.29,12.99,2018-06-29 12:00:00+00:00,182080
1440891689,4422 (feat. Sampha),Drake,More Life,Hip-Hop/Rap,1.29,11.99,2017-03-18 12:00:00+00:00,186293
804149479,Odio (feat. Drake),Romeo Santos,"Fórmula, Vol. 2 (Deluxe Edition)",Música tropical,1.29,13.99,2014-01-27 12:00:00+00:00,225000
1555113205,Outta Time (feat. Drake),Bryson Tiller,A N N I V E R S A R Y (Deluxe),R&B/Soul,1.29,12.99,2020-10-02 07:00:00+00:00,198822
1440820038,Tuscan Leather,Drake,Nothing Was the Same (Deluxe),Hip-Hop/Rap,1.29,11.99,2013-09-23 12:00:00+00:00,366395
1630230784,Overdrive,Drake,"Honestly, Nevermind",Dance,1.29,9.99,2022-06-17 12:00:00+00:00,202451
1440762793,Cece's Interlude,Drake,Thank Me Later,Hip-Hop/Rap,1.29,9.99,2010-06-15 07:00:00+00:00,154120
1662159515,My Love (feat. Drake),Majid Jordan,Majid Jordan,R&B/Soul,1.29,9.99,2015-07-10 12:00:00+00:00,248432
1533441280,Outta Time (feat. Drake),Bryson Tiller,A N N I V E R S A R Y,R&B/Soul,1.29,9.99,2020-10-02 12:00:00+00:00,198822
1440891901,Nothings Into Somethings,Drake,More Life,Hip-Hop/Rap,1.29,11.99,2017-03-18 12:00:00+00:00,153725
1633054081,Drake,Harman Hundal,Waves,Pop,0.99,6.93,2022-07-16 12:00:00+00:00,181000
1440746117,Take Care (feat. Rihanna),Drake,Take Care (Deluxe Version),Hip-Hop/Rap,1.29,11.99,2011-11-15 12:00:00+00:00,277373
1630221827,Sticky,Drake,"Honestly, Nevermind",Dance,1.29,9.99,2022-06-17 12:00:00+00:00,243228
1406109864,I'm Upset,Drake,Scorpion,Hip-Hop/Rap,1.29,12.99,2018-05-26 07:00:00+00:00,214467
1745258134,HOT UPTOWN (feat. Drake),Camila Cabello,"C,XOXO",Pop,1.29,9.99,2024-04-13 12:00:00+00:00,150747
328449508,Successful (with Drake),Trey Songz,Ready (Deluxe),R&B/Soul,,9.99,2009-02-13 08:00:00+00:00,266253
1630231123,Tie That Binds,Drake,"Honestly, Nevermind",Dance,1.29,9.99,2022-06-17 12:00:00+00:00,336005
1127957581,For Free (feat. Drake),DJ Khaled,Major Key,Hip-Hop/Rap,1.29,10.99,2016-06-17 07:00:00+00:00,183695
1641090153,NO SECRET (feat. Drake),DJ Khaled,GOD DID,Hip-Hop/Rap,1.29,10.99,2022-08-26 12:00:00+00:00,47354
1466874531,No Guidance (feat. Drake),Chris Brown,Indigo,R&B/Soul,1.29,14.99,2019-06-12 07:00:00+00:00,260645
1630230860,Down Hill,Drake,"Honestly, Nevermind",Dance,1.29,9.99,2022-06-17 12:00:00+00:00,250865
1440891516,Madiba Riddim,Drake,More Life,Hip-Hop/Rap,1.29,11.99,2017-03-18 12:00:00+00:00,205163
1440924927,Work (feat. Drake),Rihanna,ANTI (Deluxe),Pop,1.29,11.99,2016-01-27 08:00:00+00:00,219340
1440848846,Jumpman,Drake & Future,What a Time To Be Alive,Hip-Hop/Rap,1.29,9.99,2015-09-20 12:00:00+00:00,205879
1440746126,Marvin's Room,Drake,Take Care (Deluxe Version),Hip-Hop/Rap,1.29,11.99,2011-06-28 12:00:00+00:00,347240
1440746896,The Motto (Bonus Track) [feat. Lil Wayne],Drake,Take Care (Deluxe Version),Hip-Hop/Rap,1.29,11.99,2011-11-15 12:00:00+00:00,181533
1453336216,Best I Ever Had,Drake,So Far Gone,Hip-Hop/Rap,1.29,9.99,2009-02-13 08:00:00+00:00,257690
1662164527,Look Alive (feat. Drake),BlocBoy JB,Look Alive (feat. Drake) - Single,Hip-Hop/Rap,1.29,1.29,2018-02-09 12:00:00+00:00,181263
1443795365,Drake,Beth Gibbons & Rustin Man,Out of Season,Pop,1.29,9.99,2002-10-28 12:00:00+00:00,232267
1440843441,Controlla,Drake,Views,Hip-Hop/Rap,1.29,11.99,2016-04-29 12:00:00+00:00,245228
1534264268,Mr. Right Now (feat. Drake),21 Savage & Metro Boomin,SAVAGE MODE II,Hip-Hop/Rap,1.29,9.99,2020-10-02 07:00:00+00:00,193839
1446744184,Blessings (feat. Drake),Big Sean,Dark Sky Paradise (Deluxe),Hip-Hop/Rap,1.29,11.99,2015-02-24 12:00:00+00:00,252133
1630221828,Massive,Drake,"Honestly, Nevermind",Dance,1.29,9.99,2022-06-17 12:00:00+00:00,336924
1745258143,Uuugly,Drake,"C,XOXO",Pop,1.29,9.99,2024-06-28 12:00:00+00:00,115920
1556658001,What's Next,Drake,Scary Hours 2,Hip-Hop/Rap,1.29,3.87,2021-03-05 12:00:00+00:00,178154
1193701400,Perfect,Ed Sheeran,÷ (Deluxe),Pop,1.29,12.99,2017-03-03 08:00:00+00:00,263400
1193701392,Shape of You,Ed Sheeran,÷ (Deluxe),Pop,1.29,12.99,2017-01-06 08:00:00+00:00,233713
1050204626,Photograph,Ed Sheeran,x (Wembley Edition),Pop,1.29,12.99,2014-06-20 07:00:00+00:00,258987
448213995,The A Team,Ed Sheeran,#NAME?,Pop,1.29,11.99,2010-02-07 08:00:00+00:00,258373
1193701329,Dive,Ed Sheeran,÷ (Deluxe),Pop,1.29,12.99,2017-03-03 08:00:00+00:00,238440
1193701439,Happier,Ed Sheeran,÷ (Deluxe),Pop,1.29,12.99,2017-03-03 08:00:00+00:00,207520
1464549844,I Don't Care,Ed Sheeran & Justin Bieber,No.6 Collaborations Project,Pop,1.29,11.99,2019-05-10 07:00:00+00:00,219947
1464549657,Beautiful People (feat. Khalid),Ed Sheeran,No.6 Collaborations Project,Pop,1.29,11.99,2019-06-28 07:00:00+00:00,197867
1193701436,Galway Girl,Ed Sheeran,÷ (Deluxe),Pop,1.29,12.99,2017-03-03 08:00:00+00:00,170827
448214025,Kiss Me,Ed Sheeran,#NAME?,Pop,1.29,11.99,2011-09-09 07:00:00+00:00,280853
1706219804,Let Her Go (feat. Ed Sheeran) [Anniversary Edition Acoustic],Passenger,All The Little Lights (Anniversary Edition),Singer/Songwriter,1.29,15.99,2023-11-10 12:00:00+00:00,255933
1050204624,Don't,Ed Sheeran,x (Wembley Edition),Pop,1.29,12.99,2014-06-20 07:00:00+00:00,219840
1318665245,Perfect Duet (with Beyoncé),Ed Sheeran,Perfect Duet (with Beyoncé) - Single,Pop,1.29,1.29,2017-11-30 12:00:00+00:00,259550
1193701511,Supermarket Flowers,Ed Sheeran,÷ (Deluxe),Pop,1.29,12.99,2017-03-03 08:00:00+00:00,221107
448214026,Give Me Love,Ed Sheeran,#NAME?,Pop,1.29,11.99,2011-09-09 07:00:00+00:00,526387
1673804556,Eyes Closed,Ed Sheeran,#NAME?,Pop,1.29,9.99,2023-03-24 07:00:00+00:00,194849
1464549675,South of the Border (feat. Camila Cabello & Cardi B),Ed Sheeran,No.6 Collaborations Project,Pop,1.29,11.99,2019-07-12 07:00:00+00:00,204467
448214023,Lego House,Ed Sheeran,#NAME?,Pop,1.29,11.99,2011-09-09 07:00:00+00:00,185093
1454324518,I See Fire,Ed Sheeran,The Hobbit: The Desolation of Smaug (Original Motion Picture Soundtrack),Soundtrack,1.29,9.99,2013-11-05 12:00:00+00:00,300747
1687005657,Life Goes On (feat. Luke Combs),Ed Sheeran,Life Goes On (feat. Luke Combs) - Single,Pop,1.29,1.29,2023-05-05 07:00:00+00:00,210209
1811175544,Sapphire,Ed Sheeran,Play,Pop,1.29,10.99,2025-05-27 12:00:00+00:00,179082
1610834871,Bam Bam (feat. Ed Sheeran),Camila Cabello,Familia,Pop,1.29,9.99,2022-03-04 08:00:00+00:00,205605
1440935577,Everything Has Changed (feat. Ed Sheeran),Taylor Swift,Red,Country,1.29,11.99,2012-10-22 12:00:00+00:00,245417
1050204619,Sing,Ed Sheeran,x (Wembley Edition),Pop,1.29,12.99,2014-04-07 07:00:00+00:00,235382
1193701520,Nancy Mulligan,Ed Sheeran,÷ (Deluxe),Pop,1.29,12.99,2017-03-03 08:00:00+00:00,179787
1545341251,Afterglow,Ed Sheeran,Afterglow - Single,Pop,1.29,1.29,2020-12-21 12:00:00+00:00,185487
1623677825,For My Hand (feat. Ed Sheeran),Burna Boy,"Love, Damini",Afro-fusion,1.29,9.99,2022-07-07 07:00:00+00:00,159124
1618442302,2step (feat. Lil Baby),Ed Sheeran,2step (feat. Lil Baby) - Single,Pop,1.29,1.29,2022-04-22 12:00:00+00:00,163450
1597450885,Merry Christmas,Ed Sheeran & Elton John,Merry Christmas - Single,Holiday,1.29,1.29,2021-12-03 08:00:00+00:00,208547
1193701449,How Would You Feel (Paean),Ed Sheeran,÷ (Deluxe),Pop,1.29,12.99,2017-02-17 08:00:00+00:00,280533
1803412611,Azizam,Ed Sheeran,Azizam - Single,Pop,1.29,1.29,2025-04-04 12:00:00+00:00,162029
1193701521,Save Myself,Ed Sheeran,÷ (Deluxe),Pop,1.29,12.99,2017-03-03 08:00:00+00:00,247107
1050204628,Tenerife Sea,Ed Sheeran,x (Wembley Edition),Pop,1.29,12.99,2014-06-20 07:00:00+00:00,241347
1193701442,What Do I Know?,Ed Sheeran,÷ (Deluxe),Pop,1.29,12.99,2017-03-03 08:00:00+00:00,237333
1464549838,Best Part of Me (feat. Yebba),Ed Sheeran,No.6 Collaborations Project,Pop,1.29,11.99,2019-07-05 07:00:00+00:00,243267
1193701517,Barcelona,Ed Sheeran,÷ (Deluxe),Pop,1.29,12.99,2017-03-03 08:00:00+00:00,191147
1193701441,Hearts Don't Break Around Here,Ed Sheeran,÷ (Deluxe),Pop,1.29,12.99,2017-03-03 08:00:00+00:00,248413
1464550166,BLOW,"Ed Sheeran, Chris Stapleton & Bruno Mars",No.6 Collaborations Project,Pop,1.29,11.99,2019-07-05 07:00:00+00:00,209120
1193701440,New Man,Ed Sheeran,÷ (Deluxe),Pop,1.29,12.99,2017-03-03 08:00:00+00:00,189280
1464549858,Antisocial,Ed Sheeran & Travis Scott,No.6 Collaborations Project,Pop,1.29,11.99,2019-07-12 07:00:00+00:00,161747
1641565456,Celestial,Ed Sheeran,Celestial - Single,Pop,1.29,1.29,2022-09-02 12:00:00+00:00,209027
1590368740,Everything Has Changed (Taylor's Version) [feat. Ed Sheeran],Taylor Swift,Red (Taylor’s Version) [+ A Message from Taylor],Pop,1.29,14.99,2021-11-12 12:00:00+00:00,245423
1193701519,Bibia Be Ye Ye,Ed Sheeran,÷ (Deluxe),Pop,1.29,12.99,2017-03-03 08:00:00+00:00,176747
1050204617,One,Ed Sheeran,x (Wembley Edition),Pop,1.29,12.99,2014-06-20 07:00:00+00:00,252760
1581087534,Overpass Graffiti,Ed Sheeran,=,Pop,1.29,9.99,2021-10-29 12:00:00+00:00,236907
1581087532,Bad Habits,Ed Sheeran,=,Pop,1.29,9.99,2021-06-25 07:00:00+00:00,230747
1590368892,Run (Taylor's Version) [From The Vault] [feat. Ed Sheeran],Taylor Swift,Red (Taylor’s Version) [+ A Message from Taylor],Pop,1.29,14.99,2021-11-12 12:00:00+00:00,240223
1837754140,Camera,Ed Sheeran,Play (Extended Edition),Pop,1.29,12.99,2025-03-19 12:00:00+00:00,215512
1193701326,Eraser,Ed Sheeran,÷ (Deluxe),Pop,1.29,12.99,2017-03-03 08:00:00+00:00,227587
1050204637,All of the Stars,Ed Sheeran,x (Wembley Edition),Pop,1.29,12.99,2014-05-19 07:00:00+00:00,237147
1471580172,Beautiful People (feat. Khalid),Ed Sheeran,No.6 Collaborations Project,Pop,1.29,11.99,2019-06-28 07:00:00+00:00,197867
1595423270,Everything Has Changed (Taylor's Version) [feat. Ed Sheeran],Taylor Swift,Red (Taylor's Version) [Video Deluxe],Pop,,,2021-11-12 12:00:00+00:00,245423
1471580177,I Don't Care,Ed Sheeran & Justin Bieber,No.6 Collaborations Project,Pop,1.29,11.99,2019-05-10 07:00:00+00:00,219947
1600604159,Peru,Fireboy DML & Ed Sheeran,Peru - Single,Afrobeats,0.69,0.69,2021-12-24 12:00:00+00:00,187896
1625197544,Shivers,Ed Sheeran,#NAME?,Pop,1.29,12.99,2021-09-09 12:00:00+00:00,207853
1440837587,I Was Made for Loving You (feat. Ed Sheeran),Tori Kelly,Unbreakable Smile,Pop,,15.99,2015-06-23 12:00:00+00:00,188940
1050204632,Afire Love,Ed Sheeran,x (Wembley Edition),Pop,1.29,12.99,2014-06-20 07:00:00+00:00,314280
1050204627,Bloodstream,Ed Sheeran,x (Wembley Edition),Pop,1.29,12.99,2014-06-20 07:00:00+00:00,300253
1469522642,I Don't Care (Chronixx & Koffee Remix),Ed Sheeran & Justin Bieber,I Don't Care (Chronixx & Koffee Remix) - Single,Pop,1.29,1.29,2019-06-25 12:00:00+00:00,218373
1445766082,End Game (feat. Ed Sheeran & Future),Taylor Swift,reputation (Big Machine Radio Release Special),Pop,,,2017-11-10 08:00:00+00:00,244827
1581087760,Visiting Hours,Ed Sheeran,=,Pop,1.29,9.99,2021-08-19 07:00:00+00:00,215507
1471580173,South of the Border (feat. Camila Cabello & Cardi B),Ed Sheeran,No.6 Collaborations Project,Pop,1.29,11.99,2019-07-12 07:00:00+00:00,204467
448213998,Drunk,Ed Sheeran,#NAME?,Pop,1.29,11.99,2011-09-09 07:00:00+00:00,200093
1050204618,I'm a Mess,Ed Sheeran,x (Wembley Edition),Pop,1.29,12.99,2014-06-20 07:00:00+00:00,244573
1464550038,1000 Nights (feat. Meek Mill & A Boogie wit da Hoodie),Ed Sheeran,No.6 Collaborations Project,Pop,1.29,11.99,2019-07-12 07:00:00+00:00,212307
1747957555,Thinking out Loud,Ed Sheeran,x (10th Anniversary Edition),Pop,1.29,12.99,2014-06-20 12:00:00+00:00,281560
1487951535,Own It (feat. Ed Sheeran & Burna Boy),Stormzy,Heavy Is The Head,Hip-Hop/Rap,1.29,9.99,2019-11-22 08:00:00+00:00,216707
448214086,The a Team,Ed Sheeran,+,Singer/Songwriter,1.29,9.99,2010-02-07 12:00:00+00:00,258373
1067992173,Lay It All on Me (feat. Ed Sheeran),Rudimental,We the Generation (Deluxe Edition),Dance,1.29,11.99,2005-09-25 07:00:00+00:00,242440
858517200,Thinking Out Loud,Ed Sheeran,x (Deluxe Edition),Pop,1.29,12.99,2014-06-20 07:00:00+00:00,281560
1050205211,Make It Rain,Ed Sheeran,x (Wembley Edition),Pop,1.29,12.99,2014-12-02 08:00:00+00:00,404480
858517168,Photograph,Ed Sheeran,x (Deluxe Edition),Pop,1.29,12.99,2014-06-20 07:00:00+00:00,258987
1464550027,Put It All on Me (feat. Ella Mai),Ed Sheeran,No.6 Collaborations Project,Pop,1.29,11.99,2019-07-12 07:00:00+00:00,197093
448214018,Small Bump,Ed Sheeran,#NAME?,Pop,1.29,11.99,2011-09-09 07:00:00+00:00,259413
1464550032,I Don't Want Your Money (feat. H.E.R.),Ed Sheeran,No.6 Collaborations Project,Pop,1.29,11.99,2019-07-12 07:00:00+00:00,204507
1464550041,Way To Break My Heart (feat. Skrillex),Ed Sheeran,No.6 Collaborations Project,Pop,1.29,11.99,2019-07-12 07:00:00+00:00,190293
1212482314,Shape of You (Latin Remix) [feat. Zion & Lennox],Ed Sheeran,Shape of You (Latin Remix) [feat. Zion & Lennox] - Single,Pop,1.29,1.29,2017-03-01 12:00:00+00:00,237664
1581087526,First Times,Ed Sheeran,=,Pop,1.29,9.99,2021-10-29 12:00:00+00:00,185853
1617850142,Bam Bam (feat. Ed Sheeran),Camila Cabello,Familia,Pop,1.29,9.99,2022-03-04 08:00:00+00:00,206071
1747957549,Photograph,Ed Sheeran,x (10th Anniversary Edition),Pop,1.29,12.99,2014-06-20 12:00:00+00:00,258987
1608894952,The Joker And The Queen (feat. Taylor Swift),Ed Sheeran,The Joker And The Queen (feat. Taylor Swift) - Single,Pop,1.29,1.29,2022-02-11 08:00:00+00:00,185422
1050204629,Runaway,Ed Sheeran,x (Wembley Edition),Pop,1.29,12.99,2014-06-20 07:00:00+00:00,205133
1581087542,2step,Ed Sheeran,=,Pop,1.29,9.99,2021-10-29 12:00:00+00:00,153627
448214027,Autumn Leaves (Bonus Track),Ed Sheeran,#NAME?,Pop,1.29,11.99,2011-09-09 07:00:00+00:00,200756
1673804546,Boat,Ed Sheeran,#NAME?,Pop,1.29,9.99,2023-03-24 07:00:00+00:00,185676
448214094,Lego House,Ed Sheeran,+,Singer/Songwriter,1.29,9.99,2011-09-09 12:00:00+00:00,185093
448214000,U.N.I.,Ed Sheeran,#NAME?,Pop,1.29,11.99,2011-09-09 07:00:00+00:00,228600
1625197554,Bad Habits,Ed Sheeran,#NAME?,Pop,1.29,12.99,2021-06-25 12:00:00+00:00,230747
1050204625,Nina,Ed Sheeran,x (Wembley Edition),Pop,1.29,12.99,2014-06-20 07:00:00+00:00,225533
855630929,All of the Stars (Soundtrack Version),Ed Sheeran,The Fault In Our Stars (Music From the Motion Picture),Soundtrack,1.29,9.99,2014-05-19 07:00:00+00:00,234987
1490261608,South of the Border (feat. Camila Cabello & Cardi B) [Andy Jarvis Remix],Ed Sheeran,South of the Border (feat. Camila Cabello & Cardi B) [Andy Jarvis Remix] - Single,Pop,1.29,1.29,2019-12-11 12:00:00+00:00,188230
448214021,This,Ed Sheeran,#NAME?,Pop,1.29,11.99,2011-09-09 07:00:00+00:00,195840
1464550030,Nothing On You (feat. Paulo Londra & Dave),Ed Sheeran,No.6 Collaborations Project,Pop,1.29,11.99,2019-07-12 07:00:00+00:00,200733
1464550017,Feels (feat. Young Thug & J Hus),Ed Sheeran,No.6 Collaborations Project,Pop,1.29,11.99,2019-07-12 07:00:00+00:00,150787
1693891139,One Of The Girls,"The Weeknd, JENNIE & Lily Rose Depp",The Idol Episode 4 (Music from the HBO Original Series) - Single,Soundtrack,1.29,2.99,2023-06-23 12:00:00+00:00,244685
1440826389,Can't Feel My Face,The Weeknd,Beauty Behind the Madness,R&B/Soul,1.29,9.99,2015-06-08 07:00:00+00:00,213525
1714908981,What You Need,The Weeknd,Trilogy,R&B/Soul,1.29,16.99,2011-03-21 12:00:00+00:00,206421
1714908991,Coming Down,The Weeknd,Trilogy,R&B/Soul,1.29,16.99,2011-03-21 12:00:00+00:00,295435
1363310498,I Was Never There,The Weeknd & Gesaffelstein,"My Dear Melancholy,",R&B/Soul,1.29,5.99,2018-03-30 12:00:00+00:00,241070
1363310493,Try Me,The Weeknd,"My Dear Melancholy,",R&B/Soul,1.29,5.99,2018-03-30 12:00:00+00:00,221101
1440852992,Love Me Harder,Ariana Grande & The Weeknd,My Everything (Bonus Tracks Edition),Pop,1.29,11.99,2014-03-03 12:00:00+00:00,236041
1563812775,Save Your Tears (Remix),The Weeknd & Ariana Grande,Save Your Tears (Remix) - Single,R&B/Soul,1.29,1.29,2021-04-22 12:00:00+00:00,191014
1590610710,Moth To A Flame,Swedish House Mafia & The Weeknd,Moth To A Flame - Single,Dance,,,2021-10-22 07:00:00+00:00,234000
1440845641,Earned It,The Weeknd,Fifty Shades of Grey (Original Motion Picture Soundtrack),Soundtrack,1.29,9.99,2014-12-23 12:00:00+00:00,250973
1440871932,Stargirl Interlude (feat. Lana Del Rey),The Weeknd,Starboy,R&B/Soul,1.29,9.99,2016-11-25 12:00:00+00:00,111611
1440900135,Lust for Life (feat. The Weeknd),Lana Del Rey,Lust for Life,Alternative,1.29,10.99,2017-04-19 12:00:00+00:00,264066
1499378615,After Hours,The Weeknd,After Hours,R&B/Soul,1.29,11.99,2020-02-19 08:00:00+00:00,361025
1440871712,Secrets,The Weeknd,Starboy,R&B/Soul,1.29,9.99,2016-11-25 12:00:00+00:00,265607
1499378607,Blinding Lights,The Weeknd,After Hours,R&B/Soul,1.29,11.99,2019-11-29 08:00:00+00:00,200046
1538809230,Hawái (Remix),Maluma & The Weeknd,Hawái (Remix) - Single,Pop,1.29,1.29,2020-11-05 12:00:00+00:00,200028
1714908977,High For This,The Weeknd,Trilogy,R&B/Soul,1.29,16.99,2011-03-21 12:00:00+00:00,249102
1673432343,Die For You (Remix),The Weeknd & Ariana Grande,Die For You (Remix) - Single,R&B/Soul,1.29,1.29,2023-02-24 12:00:00+00:00,232857
1768635695,Dancing In The Flames,The Weeknd,Dancing In The Flames - EP,R&B/Soul,,,2024-09-13 12:00:00+00:00,220037
1440871698,False Alarm,The Weeknd,Starboy,R&B/Soul,1.29,9.99,2016-11-25 12:00:00+00:00,220309
1440872113,A Lonely Night,The Weeknd,Starboy,R&B/Soul,1.29,9.99,2016-11-25 12:00:00+00:00,220170
1767511513,Dancing In The Flames,The Weeknd,Dancing In The Flames - Single,R&B/Soul,,,2024-09-13 12:00:00+00:00,220037
1440871717,True Colors,The Weeknd,Starboy,R&B/Soul,1.29,9.99,2016-11-25 12:00:00+00:00,206035
1440872291,Nothing Without You,The Weeknd,Starboy,R&B/Soul,1.29,9.99,2016-11-25 12:00:00+00:00,198655
1579408008,Take My Breath,The Weeknd,Take My Breath - Single,R&B/Soul,1.29,1.29,2021-08-06 12:00:00+00:00,220196
1440870375,Starboy (feat. Daft Punk),The Weeknd,Starboy,R&B/Soul,1.29,9.99,2016-09-21 12:00:00+00:00,230461
1440872014,Love To Lay,The Weeknd,Starboy,R&B/Soul,1.29,9.99,2016-11-25 12:00:00+00:00,223302
1714909161,The Birds Pt. 1,The Weeknd,Trilogy,R&B/Soul,1.29,16.99,2011-08-18 12:00:00+00:00,214516
1603171870,Out of Time,The Weeknd,Dawn FM,R&B/Soul,1.29,7.99,2022-01-07 12:00:00+00:00,214191
1714909174,Valerie,The Weeknd,Trilogy,R&B/Soul,1.29,16.99,2011-08-18 12:00:00+00:00,286599
1440872135,Ordinary Life,The Weeknd,Starboy,R&B/Soul,1.29,9.99,2016-11-25 12:00:00+00:00,221913
1793654652,The Abyss,The Weeknd & Lana Del Rey,Hurry Up Tomorrow,R&B/Soul,1.29,9.99,2025-01-31 12:00:00+00:00,282873
1726092366,Love Me Harder,Ariana Grande & The Weeknd,My Everything (Bonus Tracks Edition),Pop,,,2014-08-22 07:00:00+00:00,236041
1714909422,Next,The Weeknd,Trilogy,R&B/Soul,1.29,16.99,2011-12-21 12:00:00+00:00,361688
1603171893,Is There Someone Else?,The Weeknd,Dawn FM,R&B/Soul,1.29,7.99,2022-01-07 12:00:00+00:00,199111
1603171970,Less Than Zero,The Weeknd,Dawn FM,R&B/Soul,1.29,7.99,2022-01-07 12:00:00+00:00,211814
1499386375,After Hours,The Weeknd,After Hours,R&B/Soul,1.29,11.99,2020-02-19 08:00:00+00:00,361025
1793654357,Baptized In Fear,The Weeknd,Hurry Up Tomorrow,R&B/Soul,1.29,9.99,2025-01-31 12:00:00+00:00,232176
1714909177,Montreal,The Weeknd,Trilogy,R&B/Soul,1.29,16.99,2011-12-21 12:00:00+00:00,250506
1363308560,Call Out My Name,The Weeknd,"My Dear Melancholy,",R&B/Soul,1.29,5.99,2018-03-30 12:00:00+00:00,228382
1714909005,Thursday,The Weeknd,Trilogy,R&B/Soul,1.29,16.99,2011-08-18 12:00:00+00:00,320004
1714909426,Till Dawn (Here Comes The Sun),The Weeknd,Trilogy,R&B/Soul,1.29,16.99,2011-12-21 12:00:00+00:00,319531
1677006158,Die For You,The Weeknd,Starboy (Deluxe),R&B/Soul,1.29,13.99,2016-11-25 08:00:00+00:00,260256
1714909424,Echoes Of Silence,The Weeknd,Trilogy,R&B/Soul,1.29,16.99,2011-12-21 12:00:00+00:00,239995
1714909176,D.D.,The Weeknd,Trilogy,R&B/Soul,1.29,16.99,2011-12-21 12:00:00+00:00,274434
1714909000,Life Of The Party,The Weeknd,Trilogy,R&B/Soul,1.29,16.99,2011-08-18 12:00:00+00:00,296286
1537476945,off the table,Ariana Grande & The Weeknd,Positions,Pop,1.29,11.99,2020-10-30 12:00:00+00:00,239949
1603171529,Gasoline,The Weeknd,Dawn FM,R&B/Soul,1.29,7.99,2022-01-07 12:00:00+00:00,212166
1714909417,The Fall,The Weeknd,Trilogy,R&B/Soul,1.29,16.99,2011-12-21 12:00:00+00:00,345251
1714908995,The Knowing,The Weeknd,Trilogy,R&B/Soul,1.29,16.99,2011-03-21 12:00:00+00:00,342829
1558942387,Coming Down (Original),The Weeknd,House of Balloons (Original),R&B/Soul,1.29,9.99,2011-03-21 12:00:00+00:00,295435
1615128020,Blinding Lights,The Weeknd,After Hours (Deluxe Video Album),R&B/Soul,,,2019-11-29 08:00:00+00:00,200046
1422667809,Adaptation,The Weeknd,Kiss Land,R&B/Soul,1.29,9.99,2013-09-10 12:00:00+00:00,283933
1607918597,LA FAMA,ROSALÍA & The Weeknd,MOTOMAMI,Pop Latino,1.29,12.99,2021-11-11 08:00:00+00:00,188121
1714909173,Heaven Or Las Vegas,The Weeknd,Trilogy,R&B/Soul,1.29,16.99,2011-08-18 12:00:00+00:00,353732
1603171530,How Do I Make You Love Me?,The Weeknd,Dawn FM,R&B/Soul,1.29,7.99,2022-01-07 12:00:00+00:00,214215
1793654349,Wake Me Up,The Weeknd & Justice,Hurry Up Tomorrow,R&B/Soul,1.29,9.99,2025-01-31 12:00:00+00:00,308575
1593056951,One Right Now,Post Malone & The Weeknd,One Right Now - Single,Hip-Hop/Rap,1.29,1.29,2021-11-05 12:00:00+00:00,194493
1440858495,The Hills,The Weeknd,Beauty Behind the Madness,R&B/Soul,1.29,9.99,2015-05-27 12:00:00+00:00,242291
1505683988,Blinding Lights,The Weeknd,After Hours (Deluxe),R&B/Soul,1.29,13.99,2019-11-29 08:00:00+00:00,200046
1793654358,Open Hearts,The Weeknd,Hurry Up Tomorrow,R&B/Soul,1.29,9.99,2025-01-31 12:00:00+00:00,234924
1603171531,Take My Breath,The Weeknd,Dawn FM,R&B/Soul,1.29,7.99,2021-08-06 07:00:00+00:00,339023
1793654637,Given Up On Me,The Weeknd,Hurry Up Tomorrow,R&B/Soul,1.29,9.99,2025-01-31 12:00:00+00:00,354781
1422667802,Professional,The Weeknd,Kiss Land,R&B/Soul,1.29,9.99,2013-09-10 12:00:00+00:00,368720
1422667804,The Town,The Weeknd,Kiss Land,R&B/Soul,1.29,9.99,2013-09-10 12:00:00+00:00,307347
1603171875,Best Friends,The Weeknd,Dawn FM,R&B/Soul,1.29,7.99,2022-01-07 12:00:00+00:00,163504
1514288448,In Your Eyes (Remix) [feat. Doja Cat],The Weeknd,In Your Eyes (Remix) [feat. Doja Cat] - Single,R&B/Soul,1.29,1.29,2020-05-21 12:00:00+00:00,237912
1499386369,Save Your Tears,The Weeknd,After Hours,R&B/Soul,1.29,11.99,2020-03-20 12:00:00+00:00,215627
1693891144,Fill The Void,"The Weeknd, Lily Rose Depp & Ramsey",The Idol Episode 4 (Music from the HBO Original Series) - Single,Soundtrack,1.29,2.99,2023-06-23 12:00:00+00:00,185751
1440846116,Where You Belong,The Weeknd,Fifty Shades of Grey (Original Motion Picture Soundtrack),Soundtrack,1.29,9.99,2015-02-06 12:00:00+00:00,297773
1363308563,Try Me,The Weeknd,"My Dear Melancholy,",R&B/Soul,1.29,5.99,2018-03-30 12:00:00+00:00,221101
1603171895,Starry Eyes,The Weeknd,Dawn FM,R&B/Soul,1.29,7.99,2022-01-07 12:00:00+00:00,148000
1499386265,Blinding Lights,The Weeknd,After Hours,R&B/Soul,1.29,11.99,2019-11-29 08:00:00+00:00,200046
1422668497,Tears In The Rain,The Weeknd,Kiss Land,R&B/Soul,1.29,9.99,2013-09-10 12:00:00+00:00,446107
1677006159,I Feel It Coming (feat. Daft Punk),The Weeknd,Starboy (Deluxe),R&B/Soul,1.29,13.99,2016-11-25 08:00:00+00:00,269177
1793654644,Take Me Back To LA,The Weeknd,Hurry Up Tomorrow,R&B/Soul,1.29,9.99,2025-01-31 12:00:00+00:00,253735
1505683998,After Hours,The Weeknd,After Hours (Deluxe),R&B/Soul,1.29,13.99,2020-03-20 07:00:00+00:00,361025
1603164465,Out of Time,The Weeknd,Dawn FM,R&B/Soul,1.29,7.99,2022-01-07 12:00:00+00:00,214191
1615128033,After Hours,The Weeknd,After Hours (Deluxe Video Album),R&B/Soul,,,2020-02-19 08:00:00+00:00,361025
1603171963,Don’t Break My Heart,The Weeknd,Dawn FM,R&B/Soul,1.29,7.99,2022-01-07 12:00:00+00:00,205469
1422668493,Wanderlust,The Weeknd,Kiss Land,R&B/Soul,1.29,9.99,2013-09-10 12:00:00+00:00,306760
1558942148,High For This (Original),The Weeknd,House of Balloons (Original),R&B/Soul,1.29,9.99,2011-03-21 12:00:00+00:00,249102
1458925223,Power is Power,SZA & The Weeknd & Travis Scott,"For the Throne (Music Inspired by the HBO Series ""Game of Thrones"")",Pop,1.29,11.99,2019-04-18 07:00:00+00:00,211267
1422668471,Belong To The World,The Weeknd,Kiss Land,R&B/Soul,1.29,9.99,2013-07-16 12:00:00+00:00,307173
1363308574,I Was Never There,The Weeknd & Gesaffelstein,"My Dear Melancholy,",R&B/Soul,1.29,5.99,2018-03-30 12:00:00+00:00,241070
1440858498,Acquainted,The Weeknd,Beauty Behind the Madness,R&B/Soul,1.29,9.99,2015-08-28 12:00:00+00:00,348883
1793654631,Opening Night,The Weeknd,Hurry Up Tomorrow,R&B/Soul,1.29,9.99,2025-01-31 12:00:00+00:00,96024
1444221652,Adaptation,The Weeknd,Kiss Land,R&B/Soul,1.29,9.99,2013-09-10 12:00:00+00:00,283933
1603171973,Phantom Regret by Jim,The Weeknd,Dawn FM,R&B/Soul,1.29,7.99,2022-01-07 12:00:00+00:00,179580
1641739743,Take My Breath,The Weeknd,Dawn FM (Alternate World),R&B/Soul,1.29,11.99,2021-08-06 07:00:00+00:00,339023
1444221986,Wanderlust (Pharrell Remix),The Weeknd,Kiss Land,R&B/Soul,1.29,9.99,2013-09-10 12:00:00+00:00,307387
1603164471,Is There Someone Else?,The Weeknd,Dawn FM,R&B/Soul,1.29,7.99,2022-01-07 12:00:00+00:00,199111
1440870397,I Feel It Coming (feat. Daft Punk),The Weeknd,Starboy,R&B/Soul,1.29,9.99,2016-11-24 08:00:00+00:00,269177
1440858507,In the Night,The Weeknd,Beauty Behind the Madness,R&B/Soul,1.29,9.99,2015-08-28 12:00:00+00:00,235605
1440903887,Pray For Me,"The Weeknd, Kendrick Lamar",Black Panther: The Album,Hip-Hop/Rap,1.29,10.99,2018-02-02 12:00:00+00:00,211421
626205222,Dance For You,Beyoncé,4 (Expanded Edition),Pop,1.29,11.99,2011-06-24 07:00:00+00:00,375716
626205875,Best Thing I Never Had,Beyoncé,4 (Expanded Edition),Pop,1.29,11.99,2011-06-01 07:00:00+00:00,253756
296016893,Halo,Beyoncé,I AM...SASHA FIERCE,Pop,1.29,9.99,2008-11-12 08:00:00+00:00,261640
626205216,Love On Top,Beyoncé,4 (Expanded Edition),Pop,1.29,11.99,2011-06-24 07:00:00+00:00,267541
626205872,1+1,Beyoncé,4 (Expanded Edition),Pop,1.29,11.99,2011-06-24 07:00:00+00:00,274155
279724870,"Love In This Club, Pt. II (feat. Beyoncé & Lil Wayne)",USHER,"Love In This Club, Pt. II (feat. Beyoncé & Lil Wayne) - Single",R&B/Soul,1.29,1.29,2008-04-28 07:00:00+00:00,312667
1460430756,All Night,Beyoncé,Lemonade,Pop,,,2016-04-23 07:00:00+00:00,322000
296016892,If I Were a Boy,Beyoncé,I AM...SASHA FIERCE,Pop,1.29,9.99,2008-10-08 07:00:00+00:00,249147
296016902,Sweet Dreams,Beyoncé,I AM...SASHA FIERCE,R&B/Soul,1.29,9.99,2008-11-12 08:00:00+00:00,208067
626205217,Party (feat. André 3000),Beyoncé,4 (Expanded Edition),Pop,1.29,11.99,2011-06-24 07:00:00+00:00,244923
626205874,Run the World (Girls),Beyoncé,4 (Expanded Edition),Pop,1.29,11.99,2011-04-21 07:00:00+00:00,238305
626205219,Countdown,Beyoncé,4 (Expanded Edition),Pop,1.29,11.99,2011-06-24 07:00:00+00:00,213486
400946531,Until The End Of Time (with Beyoncé),Justin Timberlake,FutureSex/LoveSounds (Deluxe Edition),Pop,1.29,9.99,2007-11-26 08:00:00+00:00,322093
626205873,End of Time,Beyoncé,4 (Expanded Edition),Pop,1.29,11.99,2011-06-24 07:00:00+00:00,224258
296016901,Diva,Beyoncé,I AM...SASHA FIERCE,Pop,1.29,9.99,2008-11-12 08:00:00+00:00,200613
201274644,Crazy in Love (feat. Jay-Z),Beyoncé,Dangerously in Love,Pop,1.29,12.99,2003-05-14 07:00:00+00:00,236133
295784159,Ego,Beyoncé,I AM...SASHA FIERCE (Deluxe Version),Pop,1.29,13.99,2008-11-12 08:00:00+00:00,236360
201275913,"Me, Myself and I",Beyoncé,Dangerously in Love,Pop,1.29,12.99,2003-06-23 07:00:00+00:00,301133
939779732,07-Nov,Beyoncé,BEYONCÉ (More Only) - EP,Pop,1.29,8.99,2014-11-24 08:00:00+00:00,213507
261707129,Upgrade U,Beyoncé,B'Day (Deluxe Edition),Pop,1.29,16.99,2006-09-04 07:00:00+00:00,273040
201277862,Dangerously in Love 2,Beyoncé,Dangerously in Love,Pop,1.29,12.99,2003-06-23 07:00:00+00:00,293045
626205224,I Care,Beyoncé,4 (Expanded Edition),Pop,1.29,11.99,2011-06-24 07:00:00+00:00,239980
297019141,I'd Rather Go Blind,Beyoncé,Cadillac Records (Music from the Motion Picture) [Deluxe Version],Soundtrack,1.29,15.99,2008-12-02 08:00:00+00:00,190080
261707248,Déjà-vu,Beyoncé,B'Day (Deluxe Edition),Pop,1.29,16.99,2006-06-24 07:00:00+00:00,240280
295784137,Single Ladies (Put a Ring on It),Beyoncé,I AM...SASHA FIERCE (Deluxe Version),Pop,1.29,13.99,2008-10-08 07:00:00+00:00,193213
626205220,I Miss You,Beyoncé,4 (Expanded Edition),Pop,1.29,11.99,2011-06-24 07:00:00+00:00,178676
626205880,I Was Here,Beyoncé,4 (Expanded Edition),Pop,1.29,11.99,2011-06-24 07:00:00+00:00,238314
201274830,Naughty Girl,Beyoncé,Dangerously in Love,Pop,1.29,12.99,2003-06-23 07:00:00+00:00,208573
261707058,Beautiful Liar,Shakira & Beyoncé,B'Day (Deluxe Edition),Pop,1.29,16.99,2007-02-12 08:00:00+00:00,199829
261707183,Get Me Bodied (Extended Mix),Beyoncé,B'Day (Deluxe Edition),Pop,1.29,16.99,2007-04-03 07:00:00+00:00,379105
1460430565,Pray You Catch Me,Beyoncé,Lemonade,Pop,,,2016-04-23 07:00:00+00:00,195987
780519977,Xo,Beyoncé,Beyoncé (Deluxe),Pop,1.29,15.99,2013-12-13 08:00:00+00:00,215947
626205218,Schoolin' Life,Beyoncé,4 (Expanded Edition),Pop,1.29,11.99,2011-06-24 07:00:00+00:00,292702
1440860312,Telephone (feat. Beyoncé),Lady Gaga,The Fame Monster,Pop,1.29,10.99,2009-11-18 12:00:00+00:00,220537
201275394,Be With You,Beyoncé,Dangerously in Love,Pop,1.29,12.99,2003-06-23 07:00:00+00:00,260200
1630005852,ENERGY (feat. BEAM),Beyoncé,RENAISSANCE,Pop,1.29,12.99,2022-07-29 12:00:00+00:00,116727
1445041440,Mi Gente (feat. Beyoncé),J Balvin & Willy William,Mi Gente (feat. Beyoncé) - Single,Urbano latino,1.29,1.29,2017-01-01 12:00:00+00:00,209711
1476727675,Telephone (feat. Beyoncé),Lady Gaga,The Fame Monster (Deluxe Edition),Pop,1.29,14.99,2009-11-18 08:00:00+00:00,220537
295784003,Halo,Beyoncé,I AM...SASHA FIERCE (Deluxe Version),Pop,1.29,13.99,2008-11-12 08:00:00+00:00,261640
1630005854,BREAK MY SOUL,Beyoncé,RENAISSANCE,Pop,1.29,12.99,2022-06-21 07:00:00+00:00,278282
1473487588,BROWN SKIN GIRL,"Beyoncé, SAINt JHN, Wizkid & Blue Ivy Carter",The Lion King: The Gift,Soundtrack,1.29,12.99,2019-07-19 07:00:00+00:00,248472
626205876,Start Over,Beyoncé,4 (Expanded Edition),Pop,1.29,11.99,2011-06-24 07:00:00+00:00,199073
281698363,"Love In This Club, Pt. II (feat. Beyoncé & Lil Wayne)",USHER,Here I Stand,R&B/Soul,1.29,9.99,2008-04-28 07:00:00+00:00,309027
295783978,If I Were a Boy,Beyoncé,I AM...SASHA FIERCE (Deluxe Version),Pop,1.29,13.99,2008-10-08 07:00:00+00:00,249147
626205870,Rather Die Young,Beyoncé,4 (Expanded Edition),Pop,1.29,11.99,2011-06-24 07:00:00+00:00,223224
1738363902,II MOST WANTED,Beyoncé & Miley Cyrus,COWBOY CARTER,Country,1.29,18.99,2024-03-29 12:00:00+00:00,208521
1444611080,Runnin' (Lose It All) [feat. Beyoncé & Arrow Benjamin],Naughty Boy,Runnin' (Lose It All) [feat. Beyoncé & Arrow Benjamin] - Single,Pop,1.29,1.29,2015-09-17 12:00:00+00:00,213019
1699712652,DELRESTO (ECHOES) [feat. Beyoncé],Travis Scott,UTOPIA,Hip-Hop/Rap,1.29,10.99,2023-07-28 07:00:00+00:00,274138
201277681,The Closer I Get to You (with Beyoncé),Luther Vandross,Dangerously in Love,Pop,1.29,12.99,2003-06-23 07:00:00+00:00,297733
261707283,"Listen (From ""Dreamgirls"")",Beyoncé,B'Day (Deluxe Edition),Pop,1.29,16.99,2007-01-19 08:00:00+00:00,219525
296016899,Single Ladies (Put a Ring on It),Beyoncé,I AM...SASHA FIERCE,Pop,1.29,9.99,2008-10-13 07:00:00+00:00,193213
1573282513,Beyoncé,MHD,Mansa,Hip-Hop/Rap,,,2021-07-15 12:00:00+00:00,210509
780519961,Drunk In Love (feat. Jay Z),Beyoncé,Beyoncé (Deluxe),Pop,1.29,15.99,2013-12-13 08:00:00+00:00,323486
1686939390,Beyonce (feat. Andy VDM),Tur-G,Beyonce (feat. Andy VDM) - Single,Hip-Hop/Rap,0.99,0.99,2016-12-16 12:00:00+00:00,213559
1473487611,ALREADY,"Beyoncé, Shatta Wale & Major Lazer",The Lion King: The Gift,Soundtrack,1.29,12.99,2019-07-19 07:00:00+00:00,222529
1738364006,TYRANT,Beyoncé & Dolly Parton,COWBOY CARTER,Country,1.29,18.99,2024-03-29 12:00:00+00:00,250725
201274944,Baby Boy (feat. Sean Paul),Beyoncé,Dangerously in Love,Pop,1.29,12.99,2003-06-23 07:00:00+00:00,244827
1473487253,MOOD 4 EVA (feat. Oumou Sangaré),"Beyoncé, JAY-Z & Childish Gambino",The Lion King: The Gift,Soundtrack,1.29,12.99,2019-07-19 07:00:00+00:00,272069
296790943,Irreplaceable,Beyoncé,B'Day,Pop,,10.99,2006-09-04 07:00:00+00:00,227613
1460432162,All Night,Beyoncé,Lemonade,Pop,,,2016-04-23 07:00:00+00:00,322000
201277089,Speechless,Beyoncé,Dangerously in Love,Pop,1.29,12.99,2003-06-23 07:00:00+00:00,360493
1630005861,MOVE (feat. Grace Jones & Tems),Beyoncé,RENAISSANCE,Pop,1.29,12.99,2022-07-29 12:00:00+00:00,203383
1730408582,16 CARRIAGES,Beyoncé,16 CARRIAGES - Single,Country,1.29,1.29,2024-02-11 08:00:00+00:00,227250
201277522,That's How You Like It (feat. Jay-Z),Beyoncé,Dangerously in Love,Pop,1.29,12.99,2003-06-23 07:00:00+00:00,219200
201276647,Signs (feat. Missy Elliott),Beyoncé,Dangerously in Love,Pop,1.29,12.99,2003-06-23 07:00:00+00:00,298200
201276553,Yes,Beyoncé,Dangerously in Love,Pop,1.29,12.99,2003-06-23 07:00:00+00:00,259067
295784146,Sweet Dreams,Beyoncé,I AM...SASHA FIERCE (Deluxe Version),R&B/Soul,1.29,13.99,2008-11-12 08:00:00+00:00,208067
1738364005,II HANDS II HEAVEN,Beyoncé,COWBOY CARTER,Country,1.29,18.99,2024-03-29 12:00:00+00:00,341312
1630005858,PLASTIC OFF THE SOFA,Beyoncé,RENAISSANCE,Pop,1.29,12.99,2022-07-29 12:00:00+00:00,254319
1738363893,JOLENE,Beyoncé,COWBOY CARTER,Country,1.29,18.99,2024-03-29 12:00:00+00:00,189639
1035416862,Crazy in Love (Remix),Beyoncé,Crazy in Love (Remix) - Single,Pop,1.29,1.29,2015-02-10 08:00:00+00:00,226400
1690405892,Before I Let Go (Homecoming Live Bonus Track),Beyoncé,HOMECOMING: THE LIVE ALBUM,Pop,1.29,19.99,2019-04-16 12:00:00+00:00,240777
780519958,Pretty Hurts,Beyoncé,Beyoncé (Deluxe),Pop,1.29,15.99,2013-12-13 08:00:00+00:00,257659
261707108,Kitty Kat,Beyoncé,B'Day (Deluxe Edition),Pop,1.29,16.99,2006-09-04 07:00:00+00:00,235631
1738363769,BLACKBIIRD,"Beyoncé, Tanner Adell, Brittney Spencer, Tiera Kennedy & Reyna Roberts",COWBOY CARTER,Country,1.29,18.99,2024-03-29 12:00:00+00:00,131949
1442989077,Love a Woman (feat. Beyoncé),Mary J. Blige,My Life II...The Journey Continues (Act 1) [Deluxe],R&B/Soul,1.29,12.99,2011-11-21 08:00:00+00:00,271213
1738363770,16 CARRIAGES,Beyoncé,COWBOY CARTER,Country,1.29,18.99,2024-02-11 08:00:00+00:00,227250
1473487844,MY POWER,"Tierra Whack, Beyoncé, Moonchild Sanelly, Nija, DJ Lag, Yemi Alade & Busiswa",The Lion King: The Gift,Soundtrack,1.29,12.99,2019-07-19 07:00:00+00:00,259742
1460430685,Love Drought,Beyoncé,Lemonade,Pop,,,2016-04-23 07:00:00+00:00,237440
939778159,07-Nov,Beyoncé,BEYONCÉ (Platinum Edition),Pop,1.29,,2014-11-24 08:00:00+00:00,213507
1460430752,Freedom (feat. Kendrick Lamar),Beyoncé,Lemonade,Pop,,,2016-04-23 07:00:00+00:00,289760
1473486902,BIGGER,Beyoncé,The Lion King: The Gift,Soundtrack,1.29,12.99,2019-07-19 07:00:00+00:00,226479
1510818269,Savage Remix (feat. Beyoncé),Megan Thee Stallion,Savage Remix (feat. Beyoncé) - Single,Hip-Hop/Rap,1.29,1.29,2020-04-29 07:00:00+00:00,242001
261707267,Resentment,Beyoncé,B'Day (Deluxe Edition),Pop,1.29,16.99,2006-09-04 07:00:00+00:00,282272
1485753523,Beyonce,Cezaire,Attraction - EP,Electronic,,,2019-12-06 12:00:00+00:00,190155
1472098704,"Spirit (From Disney's ""The Lion King"")",Beyoncé,"Spirit (From Disney's ""The Lion King"") - Single",Pop,1.29,1.29,2019-07-10 07:00:00+00:00,277030
1472083529,Can You Feel the Love Tonight,"Beyoncé, Donald Glover, Billy Eichner & Seth Rogen",The Lion King (Original Motion Picture Soundtrack),Soundtrack,1.29,9.99,2019-07-11 07:00:00+00:00,182613
1738363894,DAUGHTER,Beyoncé,COWBOY CARTER,Country,1.29,18.99,2024-03-29 12:00:00+00:00,203851
295784144,Diva,Beyoncé,I AM...SASHA FIERCE (Deluxe Version),Pop,1.29,13.99,2008-11-12 08:00:00+00:00,200613
261707259,Ring the Alarm,Beyoncé,B'Day (Deluxe Edition),Pop,1.29,16.99,2006-09-04 07:00:00+00:00,203287
1473486917,FIND YOUR WAY BACK,Beyoncé,The Lion King: The Gift,Soundtrack,1.29,12.99,2019-07-19 07:00:00+00:00,162354
1708274784,DELRESTO (ECHOES) [feat. Beyoncé],Travis Scott,UTOPIA,Hip-Hop/Rap,1.29,10.99,2023-07-28 07:00:00+00:00,274138
261707231,Freakum Dress,Beyoncé,B'Day (Deluxe Edition),Pop,1.29,16.99,2006-09-04 07:00:00+00:00,201129
296334744,Check On It (feat. Slim Thug),Beyoncé,#1's: Destiny's Child,R&B/Soul,1.29,9.99,2005-12-13 12:00:00+00:00,210427
780519989,Blue (feat. Blue Ivy),Beyoncé,Beyoncé (Deluxe),Pop,1.29,15.99,2013-12-13 08:00:00+00:00,266920
1459930907,Deja Vu (feat. JAY-Z) [Homecoming Live],Beyoncé,HOMECOMING: THE LIVE ALBUM,Pop,1.29,19.99,2019-04-17 12:00:00+00:00,289790
261707099,Green Light,Beyoncé,B'Day (Deluxe Edition),Pop,1.29,16.99,2006-09-04 07:00:00+00:00,210200
1525559257,MOOD 4 EVA (feat. Oumou Sangaré),"Beyoncé, JAY-Z & Childish Gambino",The Lion King: The Gift (Deluxe Edition),Hip-Hop/Rap,1.29,12.99,2019-07-19 07:00:00+00:00,272464
1825994651,YUKON,Justin Bieber,SWAG,Pop,1.29,11.99,2025-07-11 12:00:00+00:00,163867
1825994649,DAISIES,Justin Bieber,SWAG,Pop,1.29,11.99,2025-07-11 12:00:00+00:00,176453
1440829613,Love Yourself,Justin Bieber,Purpose (Deluxe),Pop,1.29,11.99,2015-11-09 12:00:00+00:00,233719
1440829610,Sorry,Justin Bieber,Purpose (Deluxe),Pop,1.29,11.99,2015-10-23 12:00:00+00:00,200790
1440650961,Beauty and a Beat (feat. Nicki Minaj),Justin Bieber,Believe (Deluxe Edition),Pop,1.29,11.99,2012-06-15 12:00:00+00:00,227987
1496639586,Intentions (feat. Quavo),Justin Bieber,Changes,Pop,1.29,9.99,2020-02-07 08:00:00+00:00,212869
1440650857,Boyfriend,Justin Bieber,Believe (Deluxe Edition),Pop,1.29,11.99,2012-03-26 12:00:00+00:00,171333
1440616468,One Time,Justin Bieber,My World (iTunes Exclusive Edition),Pop,1.29,9.99,2009-05-18 12:00:00+00:00,215867
1440829606,What Do You Mean?,Justin Bieber,Purpose (Deluxe),Pop,1.29,11.99,2015-08-28 12:00:00+00:00,205676
1440616473,One Less Lonely Girl,Justin Bieber,My World (iTunes Exclusive Edition),Pop,1.29,9.99,2009-10-06 12:00:00+00:00,229107
1440661548,Somebody to Love,Justin Bieber,My World 2.0 (Bonus Track Version),Pop,1.29,9.99,2010-03-19 12:00:00+00:00,220920
1447401626,Despacito (feat. Justin Bieber) [Remix],Luis Fonsi & Daddy Yankee,VIDA,Pop,1.29,9.99,2017-04-17 12:00:00+00:00,230435
1440650859,As Long As You Love Me (feat. Big Sean),Justin Bieber,Believe (Deluxe Edition),Pop,1.29,11.99,2012-06-15 12:00:00+00:00,229467
971262282,Where Are Ü Now (feat. Justin Bieber),"Jack Ü, Skrillex & Diplo",Skrillex and Diplo present Jack Ü,Dance,1.29,9.99,2015-02-27 08:00:00+00:00,250286
1443231218,Let Me Love You (feat. Justin Bieber),DJ Snake,Encore,Dance,1.29,9.99,2016-08-05 12:00:00+00:00,205950
1556175854,Ghost,Justin Bieber,Justice,Pop,1.29,11.99,2021-03-19 12:00:00+00:00,153190
1440661561,That Should Be Me,Justin Bieber,My World 2.0 (Bonus Track Version),Pop,1.29,9.99,2010-03-19 12:00:00+00:00,232720
1440861880,Confident (feat. Chance The Rapper),Justin Bieber,Journals,Pop,1.29,9.99,2013-12-09 12:00:00+00:00,247688
1440640717,Mistletoe,Justin Bieber,Under The Mistletoe (Deluxe Edition),Holiday,1.29,10.99,2011-10-17 12:00:00+00:00,182947
1440744931,Never Say Never (feat. Jaden Smith),Justin Bieber,Never Say Never (The Remixes) - EP,Pop,1.29,9.99,2010-06-08 12:00:00+00:00,227853
359966562,Eenie Meenie,Sean Kingston & Justin Bieber,Eenie Meenie - Single,Pop,1.29,1.29,2010-03-19 07:00:00+00:00,201880
1440861859,All That Matters,Justin Bieber,Journals,Pop,1.29,9.99,2013-10-14 12:00:00+00:00,188247
1492502431,Yummy,Justin Bieber,Yummy - Single,Pop,1.29,1.29,2020-01-03 12:00:00+00:00,210411
1511562950,Stuck with U,Ariana Grande & Justin Bieber,Stuck with U - Single,Pop,1.29,1.29,2020-05-08 12:00:00+00:00,228482
1531508507,Holy (feat. Chance the Rapper),Justin Bieber,Holy (feat. Chance the Rapper) - Single,Pop,1.29,1.29,2020-09-18 12:00:00+00:00,212093
1444272199,Cold Water (feat. Justin Bieber & MØ) [Don Omar Remix],Major Lazer,Cold Water (feat. Justin Bieber & MØ) [Don Omar Remix] - Single,Pop,1.29,1.29,2016-11-11 12:00:00+00:00,180947
1481229017,"10,000 Hours",Dan + Shay & Justin Bieber,"10,000 Hours - Single",Country,1.29,1.29,2019-10-04 12:00:00+00:00,167693
1445152413,Flatline,Justin Bieber,Flatline - Single,Pop,1.29,1.29,2013-12-23 12:00:00+00:00,219549
1544839502,Anyone,Justin Bieber,Anyone - Single,Pop,1.29,1.29,2021-01-01 12:00:00+00:00,190779
1556170100,Ghost,Justin Bieber,Justice,Pop,1.29,11.99,2021-03-19 12:00:00+00:00,153190
1581003927,Essence (feat. Justin Bieber & Tems),Wizkid,Made In Lagos: Deluxe Edition,Pop,1.29,12.99,2021-08-13 07:00:00+00:00,263289
1445023444,2U (feat. Justin Bieber),David Guetta,2U (feat. Justin Bieber) - Single,Dance,1.29,1.29,2017-06-09 12:00:00+00:00,194897
1556175852,Hold On,Justin Bieber,Justice,Pop,1.29,11.99,2021-03-05 08:00:00+00:00,170813
422045129,Next To You (feat. Justin Bieber),Chris Brown,F.A.M.E. (Expanded Edition),R&B/Soul,1.29,13.99,2011-03-11 12:00:00+00:00,265813
1440616477,Love Me,Justin Bieber,My World (iTunes Exclusive Edition),Pop,1.29,9.99,2009-10-26 12:00:00+00:00,191573
1534838562,Justin Bieber (feat. Jay Park),Coogie,EMO #1,Hip-Hop/Rap,1.29,5.99,2018-12-07 12:00:00+00:00,217489
1440829617,Company,Justin Bieber,Purpose (Deluxe),Pop,1.29,11.99,2015-11-13 12:00:00+00:00,208128
1440867817,Let Me Love You (feat. Justin Bieber),DJ Snake,Encore,Dance,1.29,9.99,2016-08-05 12:00:00+00:00,205950
1418026017,"No Brainer (feat. Justin Bieber, Chance the Rapper & Quavo)",DJ Khaled,"No Brainer (feat. Justin Bieber, Chance the Rapper & Quavo) - Single",Hip-Hop/Rap,1.29,1.29,2018-07-27 07:00:00+00:00,260000
1444849161,Friends,Justin Bieber & BloodPop®,Friends - Single,Pop,1.29,1.29,2017-08-17 12:00:00+00:00,189429
1440650972,Maria,Justin Bieber,Believe (Deluxe Edition),Pop,1.29,11.99,2012-06-15 12:00:00+00:00,247493
1825994653,GO BABY,Justin Bieber,SWAG,Pop,1.29,11.99,2025-07-11 12:00:00+00:00,194760
1496639603,Forever (feat. Post Malone & Clever),Justin Bieber,Changes,Pop,1.29,9.99,2020-02-14 12:00:00+00:00,219936
1574968888,STAY,The Kid LAROI & Justin Bieber,STAY - Single,Pop,1.29,1.29,2021-07-09 12:00:00+00:00,141806
1466877500,Don't Check On Me (feat. Justin Bieber & Ink),Chris Brown,Indigo,R&B/Soul,1.29,14.99,2019-06-25 07:00:00+00:00,204878
1472563571,bad guy,Billie Eilish & Justin Bieber,bad guy - Single,Alternative,1.29,1.29,2019-07-11 07:00:00+00:00,194840
1496639193,Come Around Me,Justin Bieber,Changes,Pop,1.29,9.99,2020-02-14 12:00:00+00:00,200776
1496639598,Yummy,Justin Bieber,Changes,Pop,1.29,9.99,2020-01-03 08:00:00+00:00,208510
1496639768,Get Me (feat. Kehlani),Justin Bieber,Changes,Pop,1.29,9.99,2020-01-27 08:00:00+00:00,185419
1825998890,YUKON,Justin Bieber,SWAG,Pop,1.29,11.99,2025-07-11 12:00:00+00:00,163867
1541060450,Monster,Shawn Mendes & Justin Bieber,Monster - Single,Pop,1.29,1.29,2020-11-20 12:00:00+00:00,178994
1556175649,As I Am (feat. Khalid),Justin Bieber,Justice,Pop,1.29,11.99,2021-03-19 12:00:00+00:00,174406
1440661551,U Smile,Justin Bieber,My World 2.0 (Bonus Track Version),Pop,1.29,9.99,2010-03-19 12:00:00+00:00,196907
1440861857,Heartbreaker,Justin Bieber,Journals,Pop,1.29,9.99,2013-10-07 12:00:00+00:00,261692
1533345332,Monster,Shawn Mendes & Justin Bieber,Wonder,Pop,1.29,9.99,2020-11-20 08:00:00+00:00,178994
1440861862,Hold Tight,Justin Bieber,Journals,Pop,1.29,9.99,2013-10-21 12:00:00+00:00,255852
1440857959,Boyfriend (Acoustic Version),Justin Bieber,Believe Acoustic,Pop,1.29,9.99,2013-01-29 12:00:00+00:00,187690
1496639185,All Around Me,Justin Bieber,Changes,Pop,1.29,9.99,2020-02-14 12:00:00+00:00,136909
1496639192,Habitual,Justin Bieber,Changes,Pop,1.29,9.99,2020-02-14 12:00:00+00:00,168203
1440661549,Stuck In the Moment,Justin Bieber,My World 2.0 (Bonus Track Version),Pop,1.29,9.99,2010-03-19 12:00:00+00:00,222960
1556170101,Peaches (feat. Daniel Caesar & GIVĒON),Justin Bieber,Justice,Pop,1.29,11.99,2021-03-19 12:00:00+00:00,198082
1556175655,Off My Face,Justin Bieber,Justice,Pop,1.29,11.99,2021-03-19 12:00:00+00:00,156468
1825994656,WAY IT IS,Justin Bieber & Gunna,SWAG,Pop,1.29,11.99,2025-07-11 12:00:00+00:00,195320
1825994648,ALL I CAN TAKE,Justin Bieber,SWAG,Pop,1.29,11.99,2025-07-11 12:00:00+00:00,247547
1496639601,Available,Justin Bieber,Changes,Pop,1.29,9.99,2020-02-14 12:00:00+00:00,195341
1556175644,2 Much,Justin Bieber,Justice,Pop,1.29,11.99,2021-03-19 12:00:00+00:00,152796
1588044258,Ghost,Justin Bieber,Justice (The Complete Edition),Pop,1.29,16.99,2021-03-19 07:00:00+00:00,153190
1496639788,Yummy (Summer Walker Remix),Justin Bieber & Summer Walker,Changes,Pop,1.29,9.99,2020-02-02 08:00:00+00:00,209177
1496639606,Running Over (feat. Lil Dicky),Justin Bieber,Changes,Pop,1.29,9.99,2020-02-14 12:00:00+00:00,179625
1365288569,Hard 2 Face Reality (feat. Justin Bieber & Jay Electronica),Poo Bear,Poo Bear Presents: Bearthday Music,R&B/Soul,1.29,9.99,2018-04-06 07:00:00+00:00,196570
1496639778,Changes,Justin Bieber,Changes,Pop,1.29,9.99,2020-02-14 12:00:00+00:00,135492
1588044254,Hold On,Justin Bieber,Justice (The Complete Edition),Pop,1.29,16.99,2021-03-05 08:00:00+00:00,170813
1496639780,Confirmation,Justin Bieber,Changes,Pop,1.29,9.99,2020-02-14 12:00:00+00:00,170580
1496639770,E.T.A.,Justin Bieber,Changes,Pop,1.29,9.99,2020-02-14 12:00:00+00:00,176744
1561058740,Ghost,Justin Bieber,Justice (Triple Chucks Deluxe / Deluxe Video Version),Pop,,,2021-03-19 07:00:00+00:00,153190
1615644588,up at night (feat. Justin Bieber),Kehlani,blue water road,R&B/Soul,1.29,9.99,2022-03-31 07:00:00+00:00,182227
1496639615,Second Emotion (feat. Travis Scott),Justin Bieber,Changes,Pop,1.29,9.99,2020-02-14 12:00:00+00:00,202718
1694794945,Cold Water (feat. Justin Bieber & MØ),Major Lazer,Cold Water (feat. Justin Bieber & MØ) - Single,Electronic,1.29,1.29,2016-07-22 12:00:00+00:00,185352
1244229849,"I'm the One (feat. Justin Bieber, Quavo, Chance the Rapper & Lil Wayne)",DJ Khaled,Grateful,Hip-Hop/Rap,1.29,12.99,2017-04-28 07:00:00+00:00,288877
1442259401,#thatPOWER (feat. Justin Bieber),will.i.am,#willpower (Deluxe),Pop,1.29,11.99,2013-03-18 12:00:00+00:00,279504
1556175661,Unstable (feat. The Kid LAROI),Justin Bieber,Justice,Pop,1.29,11.99,2021-03-19 12:00:00+00:00,158324
1440661553,Never Let You Go,Justin Bieber,My World 2.0 (Bonus Track Version),Pop,1.29,9.99,2010-03-02 12:00:00+00:00,264400
1588044273,Anyone,Justin Bieber,Justice (The Complete Edition),Pop,1.29,16.99,2021-01-01 08:00:00+00:00,190779
1496639608,Take It Out On Me,Justin Bieber,Changes,Pop,1.29,9.99,2020-02-14 12:00:00+00:00,178016
1825994654,THINGS YOU DO,Justin Bieber,SWAG,Pop,1.29,11.99,2025-07-11 12:00:00+00:00,108387
1581822387,Don't Go,"Skrillex, Justin Bieber & Don Toliver",Don't Go - Single,Pop,1.29,1.29,2021-08-20 12:00:00+00:00,168253
1440661556,Overboard (feat. Jessica Jarrell),Justin Bieber,My World 2.0 (Bonus Track Version),Pop,1.29,9.99,2010-03-19 12:00:00+00:00,251187
1496639784,That's What Love Is,Justin Bieber,Changes,Pop,1.29,9.99,2020-02-14 12:00:00+00:00,165121
1440829763,Purpose,Justin Bieber,Purpose (Deluxe),Pop,1.29,11.99,2015-11-13 12:00:00+00:00,210151
1440661558,Eenie Meenie,Justin Bieber & Sean Kingston,My World 2.0 (Bonus Track Version),Pop,,9.99,2010-03-19 12:00:00+00:00,202627
1709023875,Justin Bieber,Fortunes.,Jacket - EP,R&B/Soul,1.29,5.99,2016-02-16 12:00:00+00:00,230904
1440826328,Love Yourself,Justin Bieber,Purpose,Pop,1.29,9.99,2015-11-09 12:00:00+00:00,233719
1837867201,SPEED DEMON,Justin Bieber,SWAG II,Pop,1.29,11.99,2025-09-05 12:00:00+00:00,211960
1825994906,DEVOTION,Justin Bieber & Dijon,SWAG,Pop,1.29,11.99,2025-07-11 12:00:00+00:00,234400
1440829623,No Sense (feat. Travis Scott),Justin Bieber,Purpose (Deluxe),Pop,1.29,11.99,2015-11-13 12:00:00+00:00,275038
1441164589,Here Comes the Sun,The Beatles,Abbey Road (Remastered),Rock,1.29,12.99,1969-09-26 12:00:00+00:00,185733
1441164805,Yesterday,The Beatles,Help!,Rock,1.29,12.99,1965-08-06 12:00:00+00:00,125667
1441164829,In My Life,The Beatles,Rubber Soul,Rock,1.29,12.99,1965-12-03 12:00:00+00:00,146333
1441133277,Hey Jude,The Beatles,The Beatles 1967-1970 (The Blue Album),Rock,1.29,19.99,1968-08-26 12:00:00+00:00,431333
1441164738,Let It Be,The Beatles,Let It Be,Rock,1.29,12.99,1970-03-06 12:00:00+00:00,243027
1441164430,Come Together,The Beatles,Abbey Road (Remastered),Rock,1.29,12.99,1969-09-26 12:00:00+00:00,258947
1441133834,Blackbird,The Beatles,The Beatles (The White Album),Rock,1.29,19.99,1968-11-22 12:00:00+00:00,138387
1441165136,Twist and Shout,The Beatles,Please Please Me,Rock,1.29,12.99,1963-03-22 12:00:00+00:00,153225
1441133286,Don't Let Me Down,The Beatles,The Beatles 1967-1970 (The Blue Album),Rock,1.29,19.99,1969-04-11 12:00:00+00:00,215733
1441163771,Strawberry Fields Forever,The Beatles,Magical Mystery Tour,Rock,1.29,12.99,1967-02-13 12:00:00+00:00,247320
1441133644,While My Guitar Gently Weeps,The Beatles,The Beatles (The White Album),Rock,1.29,19.99,1968-11-22 12:00:00+00:00,285000
1441133613,"Ob-La-Di, Ob-La-Da",The Beatles,The Beatles (The White Album),Rock,1.29,19.99,1968-11-22 12:00:00+00:00,188960
1441133632,I Want to Hold Your Hand,The Beatles,"Past Masters, Vols. 1 & 2",Rock,1.29,19.99,1963-11-29 12:00:00+00:00,146533
1441164806,Eleanor Rigby,The Beatles,Revolver,Rock,1.29,12.99,1966-08-05 12:00:00+00:00,126533
1441164536,Help!,The Beatles,Help!,Pop,1.29,12.99,1965-07-19 12:00:00+00:00,138560
1441164421,And I Love Her,The Beatles,A Hard Day's Night,Rock,1.29,12.99,1964-07-10 12:00:00+00:00,149693
1441164819,I Saw Her Standing There,The Beatles,Please Please Me,Rock,1.29,12.99,1963-03-22 12:00:00+00:00,172947
1441164852,Lucy In the Sky with Diamonds,The Beatles,Sgt. Pepper's Lonely Hearts Club Band,Rock,1.29,12.99,1967-06-01 12:00:00+00:00,208467
1441164582,Something,The Beatles,Abbey Road (Remastered),Rock,1.29,12.99,1969-09-26 12:00:00+00:00,182293
1441164423,Can't Buy Me Love,The Beatles,A Hard Day's Night,Rock,1.29,12.99,1964-03-16 12:00:00+00:00,131867
1441164526,Yellow Submarine,The Beatles,Yellow Submarine,Rock,1.29,12.99,1966-08-05 12:00:00+00:00,158720
1441164625,All My Loving,The Beatles,With The Beatles,Rock,1.29,12.99,1963-11-22 12:00:00+00:00,127853
1441164417,A Hard Day's Night,The Beatles,A Hard Day's Night,Rock,1.29,12.99,1964-07-10 12:00:00+00:00,153200
1441163755,"Hello, Goodbye",The Beatles,Magical Mystery Tour,Rock,1.29,12.99,1967-11-24 12:00:00+00:00,208840
1441163777,Penny Lane,The Beatles,Magical Mystery Tour,Rock,1.29,12.99,1967-02-13 12:00:00+00:00,180893
1441164669,Ticket to Ride,The Beatles,Help!,Rock,1.29,12.99,1965-04-09 12:00:00+00:00,189680
1834474179,Here Comes The Sun (Take 9),The Beatles,Anthology 4,Rock,1.29,24.99,1969-09-26 12:00:00+00:00,221653
1441165168,A Day In the Life,The Beatles,Sgt. Pepper's Lonely Hearts Club Band,Rock,1.29,12.99,1967-06-01 12:00:00+00:00,335410
1441164629,Michelle,The Beatles,Rubber Soul,Rock,1.29,12.99,1965-12-03 12:00:00+00:00,162373
1441163753,I Am the Walrus,The Beatles,Magical Mystery Tour,Rock,1.29,12.99,1967-11-24 12:00:00+00:00,275867
1441164364,Drive My Car,The Beatles,Rubber Soul,Rock,1.29,12.99,1965-12-03 12:00:00+00:00,147893
1441164370,Norwegian Wood (This Bird Has Flown),The Beatles,Rubber Soul,Rock,1.29,12.99,1965-12-03 12:00:00+00:00,124693
1441164953,Get Back,The Beatles,Let It Be,Rock,1.29,12.99,1969-04-11 12:00:00+00:00,187382
1441165099,Eight Days a Week,The Beatles,Beatles For Sale,Rock,1.29,12.99,1964-12-04 12:00:00+00:00,163600
1441164675,Across the Universe,The Beatles,Let It Be,Rock,1.29,12.99,1969-12-12 12:00:00+00:00,228133
1441133910,I Will,The Beatles,The Beatles (The White Album),Rock,1.29,19.99,1968-11-22 12:00:00+00:00,105933
1573250550,With A Little Help From My Friends (2017 Mix),The Beatles,Sgt. Pepper's Lonely Hearts Club Band (2017 Mix),Rock,1.29,12.99,1967-05-26 12:00:00+00:00,165293
1582223667,Let It Be (2021 Mix),The Beatles,Let It Be (2021 Mix),Rock,1.29,12.99,1970-05-08 07:00:00+00:00,243173
1474815799,Come Together (2019 Mix),The Beatles,Abbey Road (2019 Mix),Rock,1.29,12.99,1969-09-26 07:00:00+00:00,260200
1441164614,Nowhere Man,The Beatles,Rubber Soul,Rock,1.29,12.99,1965-12-03 12:00:00+00:00,163693
1441163780,All You Need Is Love,The Beatles,Magical Mystery Tour,Rock,1.29,12.99,1967-07-07 12:00:00+00:00,228381
1474815898,Here Comes the Sun (2019 Mix),The Beatles,Abbey Road (2019 Mix),Rock,1.29,12.99,1969-09-26 12:00:00+00:00,185707
1474815801,Something (2019 Mix),The Beatles,Abbey Road (2019 Mix),Rock,1.29,12.99,1969-09-26 07:00:00+00:00,182227
1468023761,I Want to Hold Your Hand,The Beatles,Meet The Beatles!,Rock,1.29,119.99,1963-11-29 12:00:00+00:00,147213
1441133197,Back In the U.S.S.R.,The Beatles,The Beatles (The White Album),Pop,1.29,19.99,1968-11-22 12:00:00+00:00,162453
1441134371,Hey Jude,The Beatles,"Past Masters, Vols. 1 & 2",Rock,1.29,19.99,1968-08-26 12:00:00+00:00,429933
1573250861,Lucy In The Sky With Diamonds (2017 Mix),The Beatles,Sgt. Pepper's Lonely Hearts Club Band (2017 Mix),Rock,1.29,12.99,1967-05-26 12:00:00+00:00,207680
1441165128,Love Me Do,The Beatles,Please Please Me,Rock,1.29,12.99,1962-10-05 12:00:00+00:00,141693
1474833934,Here Comes the Sun (2019 Mix),The Beatles,Abbey Road (Super Deluxe Edition) [2019 Remix & Remaster],Rock,1.29,29.99,1969-09-26 12:00:00+00:00,185707
1441164585,Oh! Darling,The Beatles,Abbey Road (Remastered),Rock,1.29,12.99,1969-09-26 12:00:00+00:00,207240
119840824,The Beatles (George Harrison),Stars On 45,The Very Best of Stars On 45,Electronic,0.99,8.99,2002-09-03 12:00:00+00:00,405107
834464038,"The Beatles (When Ringo Shook His Mop) [feat. Hamilton Leithauser, Nick Stumpf, Josh Wise & Matt Iwanusa]",Walter Martin,We're All Young Together,Singer/Songwriter,1.29,9.99,2014-05-13 12:00:00+00:00,250027
1441164546,You've Got to Hide Your Love Away,The Beatles,Help!,Rock,1.29,12.99,1965-08-06 12:00:00+00:00,129120
1441133428,Dear Prudence,The Beatles,The Beatles (The White Album),Pop,1.29,19.99,1968-11-22 12:00:00+00:00,235773
1642995456,Eleanor Rigby (2022 Mix),The Beatles,Revolver (2022 Mix),Rock,1.29,12.99,1966-08-05 07:00:00+00:00,126467
1834472875,Blackbird (Take 4 - Remastered),The Beatles,Anthology 3,Rock,,,1996-10-28 12:00:00+00:00,138627
1441164851,With a Little Help From My Friends,The Beatles,Sgt. Pepper's Lonely Hearts Club Band,Rock,1.29,12.99,1967-06-01 12:00:00+00:00,164107
1474815804,Oh! Darling (2019 Mix),The Beatles,Abbey Road (2019 Mix),Rock,1.29,12.99,2019-09-06 07:00:00+00:00,207147
1834474037,In My Life (Take 1),The Beatles,Anthology 4,Rock,1.29,24.99,2010-11-16 12:00:00+00:00,160333
1797166530,The Beatles,Devendra Banhart,Cripple Crow,Alternative,1.29,11.99,2005-09-13 12:00:00+00:00,104413
1713197541,Now And Then,The Beatles,Now And Then - Single,Rock,1.29,1.99,2023-11-02 07:00:00+00:00,248333
1573252107,A Day In The Life (2017 Mix),The Beatles,Sgt. Pepper's Lonely Hearts Club Band (2017 Mix),Rock,1.29,12.99,1967-05-26 12:00:00+00:00,330893
1474833784,Come Together (2019 Mix),The Beatles,Abbey Road (Super Deluxe Edition) [2019 Remix & Remaster],Rock,1.29,29.99,1969-09-26 12:00:00+00:00,260200
1441133857,Rocky Raccoon,The Beatles,The Beatles (The White Album),Rock,1.29,19.99,1968-11-22 12:00:00+00:00,213107
1474833801,Something (2019 Mix),The Beatles,Abbey Road (Super Deluxe Edition) [2019 Remix & Remaster],Rock,1.29,29.99,1969-09-26 12:00:00+00:00,182227
1441134091,Day Tripper,The Beatles,"Past Masters, Vols. 1 & 2",Rock,1.29,19.99,1965-12-03 12:00:00+00:00,168147
1441163498,The Fool On the Hill,The Beatles,Magical Mystery Tour,Rock,1.29,12.99,1967-11-27 12:00:00+00:00,179107
1441133611,She Loves You,The Beatles,"Past Masters, Vols. 1 & 2",Rock,1.29,19.99,1963-08-23 12:00:00+00:00,141333
1441134207,Helter Skelter,The Beatles,The Beatles (The White Album),Rock,1.29,19.99,1968-11-22 12:00:00+00:00,269787
1441133681,Happiness Is a Warm Gun,The Beatles,The Beatles (The White Album),Rock,1.29,19.99,1968-11-22 12:00:00+00:00,164547
1441133348,I Want to Hold Your Hand,The Beatles,The Beatles 1962-1966 (The Red Album),Rock,1.29,19.99,1963-11-29 12:00:00+00:00,146720
1573250534,Sgt. Pepper's Lonely Hearts Club Band (2017 Mix),The Beatles,Sgt. Pepper's Lonely Hearts Club Band (2017 Mix),Rock,1.29,12.99,1967-05-26 12:00:00+00:00,122133
1441133279,Revolution,The Beatles,The Beatles 1967-1970 (The Blue Album),Rock,1.29,19.99,1968-08-26 12:00:00+00:00,203292
282495296,The Beatles,Daniel Johnston,Yip! Jump Music,Alternative,0.99,9.99,1983-05-01 12:00:00+00:00,145453
1441163496,Magical Mystery Tour,The Beatles,Magical Mystery Tour,Rock,1.29,12.99,1967-11-27 12:00:00+00:00,169107
1474815805,Octopus's Garden (2019 Mix),The Beatles,Abbey Road (2019 Mix),Rock,1.29,12.99,1969-09-26 12:00:00+00:00,170800
1441164817,"Here, There and Everywhere",The Beatles,Revolver,Rock,1.29,12.99,1966-08-05 12:00:00+00:00,144880
1441164721,Sgt. Pepper's Lonely Hearts Club Band,The Beatles,Sgt. Pepper's Lonely Hearts Club Band,Rock,1.29,12.99,1967-06-01 12:00:00+00:00,121893
1441164634,Girl,The Beatles,Rubber Soul,Rock,1.29,12.99,1965-12-03 12:00:00+00:00,151720
1474815897,I Want You (She's So Heavy) [2019 Mix],The Beatles,Abbey Road (2019 Mix),Rock,1.29,12.99,1969-09-26 12:00:00+00:00,467360
1440834224,Hey Jude,The Beatles,1,Rock,1.29,12.99,1968-08-26 12:00:00+00:00,425653
1441134086,Birthday,The Beatles,The Beatles (The White Album),Rock,1.29,19.99,1968-11-22 12:00:00+00:00,162080
1474815905,Golden Slumbers (2019 Mix),The Beatles,Abbey Road (2019 Mix),Rock,1.29,12.99,1969-09-26 12:00:00+00:00,91440
1441165126,Please Please Me,The Beatles,Please Please Me,Rock,1.29,12.99,1963-01-11 12:00:00+00:00,120853
1441164600,Golden Slumbers,The Beatles,Abbey Road (Remastered),Rock,1.29,12.99,1969-09-26 12:00:00+00:00,91760
1441164801,I've Just Seen a Face,The Beatles,Help!,Rock,1.29,12.99,1965-08-06 12:00:00+00:00,125040
1441164893,The Long and Winding Road,The Beatles,Let It Be,Rock,1.29,12.99,1970-05-08 12:00:00+00:00,218187
1834472966,Oh! Darling (Apple Studio - Remastered),The Beatles,Anthology 3,Rock,,,1996-10-28 12:00:00+00:00,247480
1441164586,Octopus's Garden,The Beatles,Abbey Road (Remastered),Rock,1.29,12.99,1969-09-26 12:00:00+00:00,170720
1441164419,If I Fell,The Beatles,A Hard Day's Night,Rock,1.29,12.99,1964-07-10 12:00:00+00:00,139467
1441133702,I'm So Tired,The Beatles,The Beatles (The White Album),Rock,1.29,19.99,1968-11-22 12:00:00+00:00,123493
1582222018,Across the Universe (2021 Mix),The Beatles,Let It Be (2021 Mix),Rock,1.29,12.99,1970-05-08 07:00:00+00:00,228093
1474815899,Because (2019 Mix),The Beatles,Abbey Road (2019 Mix),Rock,1.29,12.99,1969-09-26 12:00:00+00:00,165613
1474815803,Maxwell's Silver Hammer (2019 Mix),The Beatles,Abbey Road (2019 Mix),Rock,1.29,12.99,1969-09-26 12:00:00+00:00,207973
1440833542,I Want to Hold Your Hand,The Beatles,1,Rock,1.29,12.99,1963-11-29 12:00:00+00:00,145747
1441134094,We Can Work It Out,The Beatles,"Past Masters, Vols. 1 & 2",Rock,1.29,19.99,1965-12-03 12:00:00+00:00,135440
1468032748,Hey Jude,The Beatles,Hey Jude,Rock,1.29,119.99,1968-08-26 12:00:00+00:00,432200
1441164821,I'm Looking Through You,The Beatles,Rubber Soul,Pop,1.29,12.99,1965-12-03 12:00:00+00:00,146387
1573251670,When I'm Sixty-Four (2017 Mix),The Beatles,Sgt. Pepper's Lonely Hearts Club Band (2017 Mix),Rock,1.29,12.99,1967-05-26 12:00:00+00:00,160013
1441165132,Do You Want to Know a Secret,The Beatles,Please Please Me,Rock,1.29,12.99,1963-03-22 12:00:00+00:00,117013
1440650719,Another One Bites the Dust,Queen,"Greatest Hits I, II & III: The Platinum Collection",Rock,1.29,24.99,1980-06-30 12:00:00+00:00,215336
1440651216,We Will Rock You,Queen,"Greatest Hits I, II & III: The Platinum Collection",Rock,1.29,24.99,1977-10-07 12:00:00+00:00,122123
1440650733,Don't Stop Me Now,Queen,"Greatest Hits I, II & III: The Platinum Collection",Rock,1.29,24.99,1978-11-10 12:00:00+00:00,210333
1440651012,Somebody to Love,Queen,"Greatest Hits I, II & III: The Platinum Collection",Rock,1.29,24.99,1976-11-12 12:00:00+00:00,297017
1440651281,We Are the Champions,Queen,"Greatest Hits I, II & III: The Platinum Collection",Rock,1.29,24.99,1977-10-07 12:00:00+00:00,180190
1440651291,Under Pressure,Queen & David Bowie,"Greatest Hits I, II & III: The Platinum Collection",Rock,1.29,24.99,1981-10-26 12:00:00+00:00,246264
1440650728,Fat Bottomed Girls (Single Version),Queen,"Greatest Hits I, II & III: The Platinum Collection",Rock,1.29,24.99,1978-10-13 12:00:00+00:00,203213
1440650722,Killer Queen,Queen,"Greatest Hits I, II & III: The Platinum Collection",Rock,1.29,24.99,1974-10-11 12:00:00+00:00,181024
1440651297,Radio Ga Ga,Queen,"Greatest Hits I, II & III: The Platinum Collection",Rock,1.29,24.99,1984-01-23 12:00:00+00:00,343293
1440650739,Crazy Little Thing Called Love,Queen,"Greatest Hits I, II & III: The Platinum Collection",Rock,1.29,24.99,1979-01-01 12:00:00+00:00,164904
1440651310,I Want to Break Free (Single Remix),Queen,"Greatest Hits I, II & III: The Platinum Collection",Rock,1.29,24.99,1984-02-27 12:00:00+00:00,258680
1445958631,Queen,Loren Gray,Queen - Single,Pop,1.29,1.29,2018-12-21 12:00:00+00:00,160444
1589217826,Queen,Perfume Genius,Too Bright,Alternative,1.29,9.99,2014-07-17 12:00:00+00:00,230720
1376116249,Queen,Shawn Mendes,Shawn Mendes,Pop,1.29,9.99,2018-05-25 12:00:00+00:00,204693
1433988071,Queen (feat. Quinn XCII),ayokay,In the Shape of a Dream,Electronic,1.29,8.99,2018-08-31 07:00:00+00:00,224707
1474314123,Queen,Shawn Mendes,Shawn Mendes (Deluxe),Pop,1.29,11.99,2018-05-25 07:00:00+00:00,204693
1135602791,Queen,HIRIE,Wandering Soul,Reggae,1.29,9.99,2016-08-19 12:00:00+00:00,196853
1535654734,QUEEN,TWICE,Eyes wide open,K-Pop,1.29,12.99,2020-10-26 07:00:00+00:00,193573
1638567997,Queen,Kanaria,Queen - Single,Anime,1.29,1.29,2022-08-10 12:00:00+00:00,141882
1603322834,Queen,Magic City Hippies,Water Your Garden,Pop,1.29,10.99,2021-06-25 12:00:00+00:00,146387
1458074378,Queen,Sy Ari Da Kid,B4 the Heartbreak,Rap,1.29,9.99,2016-02-04 12:00:00+00:00,188053
956642297,Queen,Raheem DeVaughn,Love Sex Passion,R&B/Soul,1.29,7.99,2015-02-17 12:00:00+00:00,240675
1588548633,Queen,Jamison & Kimmie Devereux,Queen - Single,Pop,0.99,0.99,2021-11-05 12:00:00+00:00,168759
1737703547,Queen,Jac Ross,Queen - Single,Country,0.99,0.99,2024-04-05 12:00:00+00:00,176687
1586414628,Queen,Toby Fox,Deltarune Chapter 2 (Original Game Soundtrack),Soundtrack,0.99,9.99,2021-09-17 12:00:00+00:00,56750
302097714,Queen,Melvins,Stoner Witch,Hard Rock,1.29,9.99,1994-09-27 12:00:00+00:00,187267
731457959,Queen (feat. Mimi Imfurst),Xelle,Queens - EP,Pop,0.99,4.95,2012-10-23 12:00:00+00:00,247578
1102273282,Queen,HISTORY,Him,K-Pop,1.29,7.99,2016-04-11 12:00:00+00:00,200430
1768775000,QUEEN,Anthony Hamilton,QUEEN - Single,R&B/Soul,1.29,1.29,2024-10-04 12:00:00+00:00,164018
1443882597,Queen,Stephen Jerzak,Miles and Miles,Pop,0.99,5.99,2011-01-01 12:00:00+00:00,216880
535085181,Queen,Andrew Tan,Love Again·Queen,Mandopop,0.99,9.9,2011-11-11 12:00:00+00:00,289400
1161598520,Queen,MONSTA X,"THE CLAN, Pt. 2 ""GUILTY"" - EP",K-Pop,1.29,5.99,2016-10-04 07:00:00+00:00,192660
1770716765,QUEEN,LiSA,QUEEN - Single,Anime,1.29,2.99,2024-10-13 12:00:00+00:00,187908
1158362453,Queen,Zack Knight & Raxstar,Queen - Single,Indian Pop,1.29,1.29,2015-07-30 12:00:00+00:00,231891
1792310438,Queen (feat. Clairo),P.H.F.,9MM,Alternative,0.99,8.91,2016-12-19 12:00:00+00:00,256057
1449226118,queen,slenderbodies,soraya - EP,Alternative,1.29,4.99,2018-01-25 12:00:00+00:00,170281
1463200540,Queen,Cash and Maverick,Queen - Single,Pop,1.29,1.29,2019-05-23 12:00:00+00:00,202658
1425955647,Queen (feat. Chronixx),Estelle,Lovers Rock,Reggae,1.29,9.99,2018-09-07 07:00:00+00:00,217213
1758071375,Queen (feat. SefaM),Eddy Dyno,Simple Days - EP,R&B/Soul,1.29,4.99,2019-02-14 12:00:00+00:00,183391
1577388914,Queen,KVPV,Queen - Single,Dance,0.99,0.99,2021-07-21 12:00:00+00:00,157714
1813651050,QUEEN,Armaan Gill & Arnaaz Gill,QUEEN - Single,Worldwide,0.99,0.99,2025-05-23 12:00:00+00:00,158300
1717505151,Queen (feat. Odd Panda),"Raouf, Erwin Do & Beto Braga",Queen (feat. Odd Panda) - Single,Jazz,1.29,1.29,2023-12-18 12:00:00+00:00,126978
1470543895,Queen,Jax Anderson,Broke Royalty,Alternative,0.99,6.93,2017-01-17 12:00:00+00:00,201133
1440806739,Under Pressure,Queen & David Bowie,Hot Space (Deluxe Edition),Rock,1.29,11.99,1981-11-26 08:00:00+00:00,246264
1440774179,Another One Bites the Dust,Queen,The Game (Deluxe Edition),Rock,1.29,11.99,1980-06-30 12:00:00+00:00,214653
1166736159,Queen,twocolors,Queen - Single,Dance,0.99,0.99,2016-10-02 12:00:00+00:00,241951
1440651222,Bohemian Rhapsody,Queen,A Night at the Opera (Deluxe Edition),Rock,1.29,11.99,1975-11-21 08:00:00+00:00,354320
1647296571,Queen,Trickle,Queen - Single,Pop,0.99,0.99,2022-09-07 12:00:00+00:00,142237
1551720638,Queen,Alexis Nicole Jackson,"Elixir & Smoke, Vol. 1",R&B/Soul,1.29,9.03,2021-02-01 12:00:00+00:00,207360
1651774893,Queen,Sticky Fingers,LEKKERBOY,Indie Rock,0.99,9.99,2022-04-20 12:00:00+00:00,244432
1086215111,Queen,LYSA,Queen with a Woman's Touch,R&B/Soul,0.99,9.99,2016-02-25 12:00:00+00:00,260093
1440799630,We Will Rock You,Queen,News of the World (Deluxe Edition) [2011 Remaster],Rock,1.29,11.99,1977-10-07 12:00:00+00:00,121235
1440807150,Fat Bottomed Girls (Single Version),Queen,Jazz (Deluxe Edition),Rock,1.29,11.99,1978-10-13 12:00:00+00:00,204266
1440774185,Crazy Little Thing Called Love,Queen,The Game (Deluxe Edition),Rock,1.29,11.99,1979-01-01 12:00:00+00:00,168040
1440647874,Killer Queen,Queen,Sheer Heart Attack (Deluxe Edition) [2011 Remaster],Rock,1.29,11.99,1974-10-11 12:00:00+00:00,180859
1440799757,We Are the Champions,Queen,News of the World (Deluxe Edition) [2011 Remaster],Rock,1.29,11.99,1977-10-07 12:00:00+00:00,179191
1661644963,Queen,Kany,Queen - Single,French Pop,1.29,1.29,2023-01-06 12:00:00+00:00,181672
1460831742,Queen (acoustic),slenderbodies,King & Queen (Acoustic Ep),Alternative,1.29,1.99,2019-04-17 12:00:00+00:00,175497
1440908981,No Diggity (feat. Dr. Dre & Queen Pen),Blackstreet,Another Level,R&B/Soul,1.29,10.99,1996-07-29 07:00:00+00:00,304600
1440657943,Killer Queen,Queen,Sheer Heart Attack,Rock,1.29,9.99,1974-11-08 08:00:00+00:00,180859
1440806768,Bohemian Rhapsody,Queen,A Night at the Opera,Rock,1.29,9.99,1975-11-21 08:00:00+00:00,354320
1703321415,Queen (Mang Mu Mang Mu) [Live],Jess Lee,Queen (Mang Mu Mang Mu) [Live] - Single,Mandopop,1.29,1.29,2023-08-25 12:00:00+00:00,263746
1765736469,Queen,Perfume Genius,Too Bright (10th Anniversary Edition),Alternative,1.29,9.99,2014-07-17 07:00:00+00:00,230720
1440743586,Somebody to Love,Queen,A Day at the Races (Deluxe Edition),Rock,1.29,11.99,1976-12-10 08:00:00+00:00,298933
1440806992,Fat Bottomed Girls,Queen,Jazz (Deluxe Edition),Rock,1.29,11.99,1978-10-13 12:00:00+00:00,257120
1272899825,Queen,Jeff Bernat,Queen - Single,R&B/Soul,0.99,0.99,2016-01-19 12:00:00+00:00,207882
1440650731,You're My Best Friend,Queen,"Greatest Hits I, II & III: The Platinum Collection",Rock,1.29,24.99,1975-11-21 12:00:00+00:00,172923
1440651022,Good Old-Fashioned Lover Boy,Queen,"Greatest Hits I, II & III: The Platinum Collection",Rock,1.29,24.99,1976-12-10 12:00:00+00:00,172978
1422650797,Bohemian Rhapsody,Queen,Greatest Hits (1981 UK Edition),Rock,1.29,10.99,1975-10-31 12:00:00+00:00,355145
1422648513,Dancing Queen,ABBA,ABBA Gold: Greatest Hits,Pop,1.29,9.99,1976-01-01 12:00:00+00:00,231844
1392861274,Medicine,Queen Naija,Medicine - Single,R&B/Soul,1.29,1.29,2018-06-08 12:00:00+00:00,219136
1440807138,Don't Stop Me Now,Queen,Jazz (Deluxe Edition),Rock,1.29,11.99,1978-11-10 12:00:00+00:00,209391
1440807158,Don't Stop Me Now (With Long-Lost Guitars),Queen,Jazz (Deluxe Edition),Rock,1.29,11.99,2011-03-14 12:00:00+00:00,215627
509066282,Queen,Longombas,Queen - Single,Pop,0.99,0.99,2008-12-16 12:00:00+00:00,218907
1413906102,Butterflies,Queen Naija,Queen Naija - EP,R&B/Soul,1.29,4.99,2018-07-27 12:00:00+00:00,212175
1824532791,QUEEN,Armaan Gill & Arnaaz Gill,TWO OF A KIND,Worldwide,0.99,9.9,2025-05-23 12:00:00+00:00,158300
1440810590,Radio Ga Ga,Queen,The Works (Deluxe Edition),Rock,1.29,11.99,1984-02-27 08:00:00+00:00,349187
1440650729,Bicycle Race,Queen,"Greatest Hits I, II & III: The Platinum Collection",Rock,1.29,24.99,1978-10-13 12:00:00+00:00,181201
1440650821,You're My Best Friend,Queen,A Night at the Opera (Deluxe Edition),Rock,1.29,11.99,1975-11-21 12:00:00+00:00,172424
1753221933,Queen,Sunset Rollercoaster,BOSSA NOVA,Alternative,1.29,9.99,2011-09-22 12:00:00+00:00,185107
1440820267,Dancing Queen,ABBA,Arrival (Bonus Track Version),Pop,1.29,9.99,1976-10-11 07:00:00+00:00,231844
1440810742,I Want to Break Free,Queen,The Works (Deluxe Edition),Rock,1.29,11.99,1984-02-27 12:00:00+00:00,201082
1583189445,Queen,My Little Airport,Sabina之淚,Cantopop/HK-Pop,0.99,11.99,2021-08-30 12:00:00+00:00,163776
1525181122,Queen,Son Dam Bi,The Queen,K-Pop,1.29,5.99,2010-07-08 12:00:00+00:00,196298
1422650798,Another One Bites the Dust,Queen,Greatest Hits (1981 UK Edition),Rock,1.29,10.99,1980-06-30 12:00:00+00:00,215336
1440807049,Another One Bites the Dust,Queen,The Game,Rock,1.29,9.99,1980-06-30 12:00:00+00:00,214653
1440808939,"Bohemian Rhapsody (Live at the Milton Keynes Bowl, June 1982)",Queen,Queen On Fire: Live at the Bowl,Rock,1.29,13.99,2004-10-25 12:00:00+00:00,338200
1440763977,I Want to Break Free,Queen,The Works,Rock,1.29,9.99,1984-02-27 12:00:00+00:00,201082
1434899929,Bohemian Rhapsody (2011 Remaster),Queen,Bohemian Rhapsody (The Original Soundtrack),Rock,1.29,11.99,1975-10-31 12:00:00+00:00,354947
1476312953,homecoming queen?,Kelsea Ballerini,homecoming queen? - Single,Country,0.69,0.69,2019-09-06 12:00:00+00:00,167796
1402279747,Karma,Queen Naija,Karma - Single,R&B/Soul,1.29,1.29,2018-06-29 12:00:00+00:00,176076
1434899925,Killer Queen (2011 Remaster),Queen,Bohemian Rhapsody (The Original Soundtrack),Rock,1.29,11.99,1974-10-11 12:00:00+00:00,179356
1518529427,Queen,KIMMUSEUM,Paint Laurent - Single,R&B/Soul,1.29,1.99,2020-06-16 12:00:00+00:00,205761
1440810475,Under Pressure,Queen & David Bowie,Hot Space,Rock,1.29,9.99,1981-10-26 12:00:00+00:00,246264
1422650799,Killer Queen,Queen,Greatest Hits (1981 UK Edition),Rock,1.29,10.99,1974-10-11 12:00:00+00:00,181024
1440651302,I Want It All (Single Version),Queen,"Greatest Hits I, II & III: The Platinum Collection",Rock,1.29,24.99,1989-05-02 12:00:00+00:00,241560
1440650829,Love of My Life,Queen,A Night at the Opera (Deluxe Edition),Rock,1.29,11.99,1975-11-21 12:00:00+00:00,219055
159294551,Smooth Criminal,Michael Jackson,The Essential Michael Jackson,Pop,1.29,16.99,1987-08-31 07:00:00+00:00,258635
186166358,Rock With You,Michael Jackson,Off the Wall,Pop,1.29,9.99,1979-08-10 07:00:00+00:00,219926
159294485,Dirty Diana,Michael Jackson,The Essential Michael Jackson,Pop,1.29,16.99,1987-08-31 07:00:00+00:00,282596
159294478,Man In the Mirror,Michael Jackson,The Essential Michael Jackson,Pop,1.29,16.99,1987-08-31 07:00:00+00:00,320905
269573303,Thriller,Michael Jackson,Thriller,Pop,1.29,9.99,1982-11-29 08:00:00+00:00,358807
159294296,P.Y.T. (Pretty Young Thing),Michael Jackson,The Essential Michael Jackson,Pop,1.29,16.99,1982-11-30 08:00:00+00:00,239763
322847187,Remember the Time,Michael Jackson,Dangerous,Pop,1.29,9.99,1991-11-26 08:00:00+00:00,240134
186166292,Don't Stop 'Til You Get Enough,Michael Jackson,Off the Wall,Pop,1.29,9.99,1979-07-10 07:00:00+00:00,364442
159295942,You Rock My World,Michael Jackson,The Essential Michael Jackson,Pop,1.29,16.99,2001-08-22 07:00:00+00:00,307072
269573405,Human Nature,Michael Jackson,Thriller,Pop,1.29,9.99,1982-11-29 08:00:00+00:00,245838
159294429,The Way You Make Me Feel (Single Version),Michael Jackson,The Essential Michael Jackson,Pop,1.29,16.99,1987-08-31 07:00:00+00:00,267151
269572927,Wanna Be Startin' Somethin',Michael Jackson,Thriller,Pop,1.29,9.99,1982-11-29 08:00:00+00:00,363400
215738809,Heaven Can Wait,Michael Jackson,Invincible,Pop,1.29,9.99,2001-10-30 08:00:00+00:00,289680
850697800,Chicago,Michael Jackson,XSCAPE (Deluxe),Pop,1.29,16.99,2014-05-13 07:00:00+00:00,245443
336644173,They Don't Care About Us,Michael Jackson,Michael Jackson's This Is It (The Music That Inspired the Movie),Soundtrack,1.29,10.99,1996-03-31 12:00:00+00:00,284536
159294345,Bad,Michael Jackson,The Essential Michael Jackson,Pop,1.29,16.99,1987-08-31 07:00:00+00:00,246670
551515751,The Way You Make Me Feel,Michael Jackson,Bad (25th Anniversary Edition),Pop,1.29,14.99,1987-08-31 07:00:00+00:00,298122
215739235,You Rock My World,Michael Jackson,Invincible,Pop,1.29,9.99,2001-08-22 07:00:00+00:00,338947
159294814,Black or White,Michael Jackson,The Essential Michael Jackson,Pop,1.29,16.99,1991-11-11 08:00:00+00:00,256562
215739439,Butterflies,Michael Jackson,Invincible,Pop,1.29,9.99,2001-10-30 08:00:00+00:00,280547
269573208,The Girl Is Mine,Michael Jackson,Thriller,Pop,1.29,9.99,1982-10-18 07:00:00+00:00,222153
159295880,You Are Not Alone (Single Version),Michael Jackson,The Essential Michael Jackson,Pop,1.29,16.99,1995-08-15 07:00:00+00:00,295354
269573478,The Lady in My Life,Michael Jackson,Thriller,Pop,1.29,9.99,1982-11-29 08:00:00+00:00,298251
655262735,Liberian Girl,Michael Jackson,Bad,Pop,1.29,69.99,1987-08-31 12:00:00+00:00,232802
310505569,They Don't Care About Us,Michael Jackson,"HIStory - PAST, PRESENT AND FUTURE - BOOK I",Pop,1.29,14.99,1995-06-18 07:00:00+00:00,284310
336644234,Earth Song,Michael Jackson,Michael Jackson's This Is It (The Music That Inspired the Movie),Soundtrack,1.29,10.99,1995-06-18 12:00:00+00:00,406211
850697815,Love Never Felt So Good,Michael Jackson & Justin Timberlake,XSCAPE (Deluxe),Pop,1.29,16.99,2014-05-02 07:00:00+00:00,245671
159295684,Will You Be There (Single Version),Michael Jackson,The Essential Michael Jackson,Pop,1.29,16.99,1993-06-28 07:00:00+00:00,224015
310505597,You Are Not Alone,Michael Jackson,"HIStory - PAST, PRESENT AND FUTURE - BOOK I",Pop,1.29,14.99,1995-06-18 07:00:00+00:00,344826
186166433,Off the Wall,Michael Jackson,Off the Wall,Pop,1.29,9.99,1979-08-10 07:00:00+00:00,245779
186166410,Workin' Day and Night,Michael Jackson,Off the Wall,Pop,1.29,9.99,1979-08-10 07:00:00+00:00,312533
551515763,Smooth Criminal,Michael Jackson,Bad (25th Anniversary Edition),Pop,1.29,14.99,1987-08-31 12:00:00+00:00,257766
159294123,Wanna Be Startin' Somethin' (Single Version),Michael Jackson,The Essential Michael Jackson,Pop,1.29,16.99,1983-05-08 07:00:00+00:00,260888
159295548,Remember the Time,Michael Jackson,The Essential Michael Jackson,Pop,1.29,16.99,1991-11-26 08:00:00+00:00,240745
269573447,P.Y.T. (Pretty Young Thing),Michael Jackson,Thriller,Pop,1.29,9.99,1982-11-29 08:00:00+00:00,238334
322847119,Jam,Michael Jackson,Dangerous,Pop,1.29,9.99,1991-11-26 08:00:00+00:00,339515
273598930,You Rock My World (Radio Edit),Michael Jackson,Number Ones,Pop,1.29,10.99,2001-08-22 07:00:00+00:00,266915
322847185,In the Closet,Michael Jackson,Dangerous,Pop,1.29,9.99,1991-11-26 08:00:00+00:00,392177
559334752,The Way You Make Me Feel,Michael Jackson,Bad,Pop,1.29,9.99,1987-08-31 07:00:00+00:00,298122
559334751,Bad,Michael Jackson,Bad,Pop,1.29,9.99,1987-08-31 07:00:00+00:00,247369
79027548,Michael Jackson,Martin Lawrence,Live Talkin' Sh--,Comedy,1.29,9.99,2005-08-30 12:00:00+00:00,258613
269573042,Baby Be Mine,Michael Jackson,Thriller,Pop,1.29,9.99,1982-11-29 08:00:00+00:00,260368
273598928,You Are Not Alone (Radio Edit),Michael Jackson,Number Ones,Pop,1.29,10.99,1995-06-16 07:00:00+00:00,276245
159293419,Rock With You (Single Version),Michael Jackson,The Essential Michael Jackson,Pop,1.29,16.99,1979-08-10 07:00:00+00:00,204194
215738384,Break of Dawn,Michael Jackson,Invincible,Pop,1.29,9.99,2001-10-30 08:00:00+00:00,332782
159293848,Billie Jean (Single Version),Michael Jackson,The Essential Michael Jackson,Pop,1.29,16.99,1982-11-30 08:00:00+00:00,294601
186166572,I Can't Help It,Michael Jackson,Off the Wall,Pop,1.29,9.99,1979-08-10 07:00:00+00:00,269041
159293312,Don't Stop 'Til You Get Enough,Michael Jackson,The Essential Michael Jackson,Pop,1.29,16.99,1979-07-10 07:00:00+00:00,364834
322847191,Black or White,Michael Jackson,Dangerous,Pop,1.29,9.99,1991-11-11 08:00:00+00:00,256018
273598926,Black Or White (Single Version),Michael Jackson,Number Ones,Pop,1.29,10.99,1991-11-11 08:00:00+00:00,200061
1617262277,Michael Jackson,YUMDDA,Michael Jackson - Single,Hip-Hop,1.29,1.29,2021-02-10 12:00:00+00:00,179277
551515708,Bad,Michael Jackson,Bad (25th Anniversary Edition),Pop,1.29,14.99,1987-08-31 12:00:00+00:00,247369
559334764,Smooth Criminal,Michael Jackson,Bad,Pop,1.29,9.99,1987-08-31 07:00:00+00:00,257766
159294060,Beat It (Single Version),Michael Jackson,The Essential Michael Jackson,Pop,1.29,16.99,1982-11-30 08:00:00+00:00,259085
273598922,The Way You Make Me Feel,Michael Jackson,Number Ones,Pop,1.29,10.99,1987-08-31 07:00:00+00:00,299138
551515758,Man In the Mirror,Michael Jackson,Bad (25th Anniversary Edition),Pop,1.29,14.99,1987-08-31 12:00:00+00:00,318688
850697799,Love Never Felt So Good,Michael Jackson,XSCAPE (Deluxe),Pop,1.29,16.99,2014-05-02 07:00:00+00:00,234911
1483764601,Michael Jackson,CEF Tanzy,Michael Jackson - Single,R&B/Soul,0.99,0.99,2019-10-17 12:00:00+00:00,197442
273048789,Billie Jean,Michael Jackson,Thriller (25th Anniversary) [Deluxe Edition],Pop,1.29,16.99,1982-11-29 12:00:00+00:00,294188
551515762,Dirty Diana,Michael Jackson,Bad (25th Anniversary Edition),Pop,1.29,14.99,1987-08-31 07:00:00+00:00,280753
159294407,Leave Me Alone,Michael Jackson,The Essential Michael Jackson,Pop,1.29,16.99,1987-08-31 07:00:00+00:00,281415
559334757,Man In the Mirror,Michael Jackson,Bad,Pop,1.29,9.99,1987-08-31 07:00:00+00:00,318688
714928302,Michael Jackson,Fatboy Slim,Better Living Through Chemistry,Alternative,1.29,9.99,1996-01-01 12:00:00+00:00,349333
559334765,Leave Me Alone,Michael Jackson,Bad,Pop,1.29,9.99,1987-08-31 07:00:00+00:00,280359
1406109902,Don't Matter To Me,Drake & Michael Jackson,Scorpion,Hip-Hop/Rap,1.29,12.99,2018-06-29 12:00:00+00:00,245787
193016032,Ghosts,Michael Jackson,BLOOD ON THE DANCE FLOOR/ HIStory In The Mix,Pop,1.29,9.99,1997-05-20 12:00:00+00:00,313067
559334762,Dirty Diana,Michael Jackson,Bad,Pop,1.29,9.99,1987-08-31 07:00:00+00:00,280753
273598914,Billie Jean (Single Version),Michael Jackson,Number Ones,Pop,1.29,10.99,1982-11-30 08:00:00+00:00,294601
193015409,Blood on the Dance Floor,Michael Jackson,BLOOD ON THE DANCE FLOOR/ HIStory In The Mix,Pop,1.29,9.99,1997-03-21 08:00:00+00:00,254227
273598929,Earth Song (Radio Edit),Michael Jackson,Number Ones,Pop,1.29,10.99,1995-06-16 07:00:00+00:00,302187
186166428,Get On the Floor,Michael Jackson,Off the Wall,Pop,1.29,9.99,1979-08-10 07:00:00+00:00,277994
551515764,Leave Me Alone,Michael Jackson,Bad (25th Anniversary Edition),Pop,1.29,14.99,1987-08-31 12:00:00+00:00,280359
322847192,Who Is It,Michael Jackson,Dangerous,Pop,1.29,9.99,1991-11-26 08:00:00+00:00,395285
159295278,Heal the World,Michael Jackson,The Essential Michael Jackson,Pop,1.29,16.99,1991-11-26 08:00:00+00:00,385713
559334754,Liberian Girl,Michael Jackson,Bad,Pop,1.29,9.99,1987-08-31 07:00:00+00:00,232802
159294311,Thriller (2003 Edit),Michael Jackson,The Essential Michael Jackson,Pop,1.29,16.99,1982-11-30 08:00:00+00:00,312967
273048788,Beat It,Michael Jackson,Thriller (25th Anniversary) [Deluxe Edition],Pop,1.29,16.99,1982-11-30 12:00:00+00:00,258152
159294254,Human Nature (Single Version),Michael Jackson,The Essential Michael Jackson,Pop,1.29,16.99,1982-11-30 08:00:00+00:00,227245
273598915,Beat It (Single Version),Michael Jackson,Number Ones,Pop,1.29,10.99,1982-11-30 08:00:00+00:00,259483
186166483,She's Out of My Life,Michael Jackson,Off the Wall,Pop,1.29,9.99,1979-08-10 07:00:00+00:00,218152
322847189,Heal the World,Michael Jackson,Dangerous,Pop,1.29,9.99,1991-11-26 08:00:00+00:00,384461
551515760,I Just Can't Stop Loving You,Michael Jackson & Siedah Garrett,Bad (25th Anniversary Edition),Pop,1.29,14.99,1987-07-20 12:00:00+00:00,253785
1631592484,Hold My Hand (with Akon),Michael Jackson,Michael,Pop,1.29,9.03,2010-11-15 12:00:00+00:00,212227
322847216,Dangerous,Michael Jackson,Dangerous,Pop,1.29,9.99,1991-11-26 08:00:00+00:00,419092
850697805,Blue Gangsta,Michael Jackson,XSCAPE (Deluxe),Pop,1.29,16.99,2014-05-13 07:00:00+00:00,254533
159293734,The Girl Is Mine (with Paul McCartney),Michael Jackson,The Essential Michael Jackson,Pop,1.29,16.99,1982-10-18 07:00:00+00:00,222737
273598912,Don't Stop 'Til You Get Enough (2003 Edit),Michael Jackson,Number Ones,Pop,1.29,10.99,1979-07-28 07:00:00+00:00,237114
1630848121,Michael Jackson,Lucho SSJ,Buscándome,Hip-Hop/Rap,1.29,8.99,2022-06-15 12:00:00+00:00,109830
1211944973,Michael Jackson,Richard Jeni,A Big Steaming Pile of Me,Standup Comedy,1.29,9.99,2014-09-29 12:00:00+00:00,247464
159294386,I Just Can't Stop Loving You,Michael Jackson,The Essential Michael Jackson,Pop,1.29,16.99,1987-07-20 07:00:00+00:00,252804
559334756,Another Part of Me,Michael Jackson,Bad,Pop,1.29,9.99,1987-08-31 07:00:00+00:00,234715
273048791,P.Y.T. (Pretty Young Thing),Michael Jackson,Thriller (25th Anniversary) [Deluxe Edition],Pop,1.29,16.99,1982-11-30 12:00:00+00:00,238724
850697802,A Place with No Name,Michael Jackson,XSCAPE (Deluxe),Pop,1.29,16.99,2014-05-13 07:00:00+00:00,335160
559334760,I Just Can't Stop Loving You,Michael Jackson & Siedah Garrett,Bad,Pop,1.29,9.99,1987-07-20 07:00:00+00:00,253785
1443228831,Ben,Michael Jackson,Ben,Pop,1.29,5.99,1972-01-01 12:00:00+00:00,166527
273598921,Smooth Criminal (Radio Edit),Michael Jackson,Number Ones,Pop,1.29,10.99,1987-08-31 07:00:00+00:00,258701
322847195,Give In to Me,Michael Jackson,Dangerous,Pop,1.29,9.99,1991-11-26 08:00:00+00:00,329539
1641090163,USE THIS GOSPEL (feat. Kanye West & Eminem) [REMIX],DJ Khaled,GOD DID,Hip-Hop/Rap,1.29,10.99,2022-08-26 12:00:00+00:00,223533
1440903439,Lose Yourself,Eminem,8 Mile (Music from and Inspired By the Motion Picture),Soundtrack,1.29,9.99,2002-10-29 08:00:00+00:00,321960
1440864098,Rap God,Eminem,The Marshall Mathers LP2 (Deluxe),Hip-Hop/Rap,1.29,11.99,2013-10-15 12:00:00+00:00,363521
1495269629,Godzilla (feat. Juice WRLD),Eminem,Music To Be Murdered By,Hip-Hop/Rap,1.29,11.99,2020-01-17 08:00:00+00:00,210800
1440821643,Without Me,Eminem,The Eminem Show,Hip-Hop/Rap,1.29,9.99,2002-05-14 07:00:00+00:00,290120
1425131554,Mockingbird,Eminem,Encore (Deluxe Version),Hip-Hop/Rap,1.29,11.99,2004-11-12 12:00:00+00:00,250760
1440723739,The Real Slim Shady,Eminem,Curtain Call: The Hits,Hip-Hop/Rap,1.29,9.99,2000-04-15 12:00:00+00:00,283693
1440906589,The Real Slim Shady,Eminem,The Marshall Mathers LP,Hip-Hop/Rap,1.29,10.99,2000-05-23 07:00:00+00:00,284480
1749608600,Houdini,Eminem,Houdini - Single,Hip-Hop/Rap,1.29,1.29,2024-05-31 07:00:00+00:00,227239
1440821843,'Till I Collapse (feat. Nate Dogg),Eminem,The Eminem Show,Hip-Hop/Rap,1.29,9.99,2002-05-26 12:00:00+00:00,297907
1440858784,The Monster (feat. Rihanna),Eminem,The Marshall Mathers LP2,Hip-Hop/Rap,1.29,9.99,2013-10-29 12:00:00+00:00,250188
1444157209,Forgot About Dre (feat. Eminem),Dr. Dre,2001,Hip-Hop/Rap,1.29,11.99,1999-11-16 12:00:00+00:00,222253
1434766848,Lucky You (feat. Joyner Lucas),Eminem,Kamikaze,Hip-Hop/Rap,1.29,9.99,2018-08-31 12:00:00+00:00,244680
1698162327,Eminem,Joeyy,Eminem - Single,Rap,0.99,0.99,2022-07-20 12:00:00+00:00,107368
1436078784,Venom (Music from the Motion Picture),Eminem,Venom (Music from the Motion Picture) - Single,Hip-Hop/Rap,1.29,1.29,2018-08-31 07:00:00+00:00,269560
1440781847,Not Afraid,Eminem,Recovery,Hip-Hop/Rap,1.29,10.99,2010-04-29 12:00:00+00:00,248133
1440782199,Love the Way You Lie (feat. Rihanna),Eminem,Recovery,Hip-Hop/Rap,1.29,10.99,2010-06-21 12:00:00+00:00,263373
68061479,"Lean Back (Remix) [feat. Lil Jon, Eminem, Mase & Remy Martin]",Fat Joe,All Or Nothing,Hip-Hop/Rap,1.29,10.99,2005-06-14 12:00:00+00:00,290267
1445277813,I Need a Doctor (feat. Eminem & Skylar Grey),Dr. Dre,I Need a Doctor (feat. Eminem & Skylar Grey)  - Single,Hip-Hop/Rap,1.29,1.29,2010-01-01 12:00:00+00:00,283733
1440864295,The Monster (feat. Rihanna),Eminem,The Marshall Mathers LP2 (Deluxe),Hip-Hop/Rap,1.29,11.99,2013-10-29 12:00:00+00:00,250188
1444055863,Smack That (feat. Eminem),Akon featuring Eminem,Konvicted,Hip-Hop/Rap,1.29,9.99,2006-09-25 12:00:00+00:00,212347
1440808468,"Love the Way You Lie, Pt. II (feat. Eminem)",Rihanna,Loud (Deluxe),Pop,1.29,9.99,2010-11-12 12:00:00+00:00,296227
1440916690,River (feat. Ed Sheeran),Eminem,Revival,Hip-Hop/Rap,1.29,12.99,2017-12-15 12:00:00+00:00,221010
1440871795,'97 Bonnie & Clyde,Eminem,The Slim Shady LP,Hip-Hop/Rap,1.29,9.99,1999-02-23 12:00:00+00:00,316400
1440907546,Patiently Waiting (feat. Eminem),50 Cent,Get Rich or Die Tryin' (Bonus Track Version),Hip-Hop/Rap,1.29,9.99,2003-02-06 08:00:00+00:00,288880
1440916845,Revival (Interlude),Eminem,Revival,Hip-Hop/Rap,1.29,12.99,2017-12-15 12:00:00+00:00,51824
1440774474,We Made You,Eminem,Relapse: Refill,Hip-Hop/Rap,1.29,14.99,2009-04-07 12:00:00+00:00,269613
1434766863,Fall,Eminem,Kamikaze,Hip-Hop/Rap,1.29,9.99,2018-08-31 12:00:00+00:00,262493
1440878535,No Favors (feat. Eminem),Big Sean,I Decided.,Hip-Hop/Rap,1.29,10.99,2017-02-03 12:00:00+00:00,325837
1453197148,'97 Bonnie & Clyde,Eminem,The Slim Shady LP (Expanded Edition),Hip-Hop/Rap,1.29,14.99,1999-02-23 12:00:00+00:00,316413
1440723561,Lose Yourself (Soundtrack Version) [Edited Version],Eminem,Curtain Call: The Hits,Hip-Hop/Rap,1.29,9.99,2002-10-22 12:00:00+00:00,321213
1445727516,Stan (Live At 43rd Grammy Awards),Eminem & Elton John,Curtain Call: The Hits (Deluxe Edition),Hip-Hop/Rap,1.29,13.99,2005-12-06 12:00:00+00:00,380280
1434766860,"Not Alike (feat. Royce da 5'9"")",Eminem,Kamikaze,Hip-Hop/Rap,1.29,9.99,2018-08-31 12:00:00+00:00,288080
1453197146,If I Had,Eminem,The Slim Shady LP (Expanded Edition),Hip-Hop/Rap,1.29,14.99,1999-02-23 12:00:00+00:00,245547
1463113871,Homicide (feat. Eminem),Logic,Confessions of a Dangerous Mind,Hip-Hop/Rap,1.29,10.99,2019-05-03 07:00:00+00:00,245391
1440906513,Stan (feat. Dido),Eminem,The Marshall Mathers LP,Hip-Hop/Rap,1.29,10.99,2000-05-23 12:00:00+00:00,403360
1440906587,The Way I Am,Eminem,The Marshall Mathers LP,Hip-Hop/Rap,1.29,10.99,2000-05-23 12:00:00+00:00,290907
1440821625,Cleanin' Out My Closet,Eminem,The Eminem Show,Hip-Hop/Rap,1.29,9.99,2002-05-26 07:00:00+00:00,298187
1434766861,Kamikaze,Eminem,Kamikaze,Hip-Hop/Rap,1.29,9.99,2018-08-31 12:00:00+00:00,216027
368017294,"Airplanes, Pt. II (feat. Eminem & Hayley Williams of Paramore)",B.o.B feat. Eminem & Hayley Williams,B.o.B Presents: The Adventures of Bobby Ray (Deluxe Version),Hip-Hop/Rap,1.29,11.99,2010-04-27 12:00:00+00:00,319293
1443517542,Drop the World (feat. Eminem),Lil Wayne,Rebirth,Hip-Hop/Rap,1.29,7.99,2009-01-01 12:00:00+00:00,229267
1434766850,Normal,Eminem,Kamikaze,Hip-Hop/Rap,1.29,9.99,2018-08-31 12:00:00+00:00,222480
1434766963,Venom (Music From The Motion Picture),Eminem,Kamikaze,Hip-Hop/Rap,1.29,9.99,2018-08-31 12:00:00+00:00,269560
1443265933,"Forever (with Drake, Kanye West & Lil Wayne)","Drake, Kanye West, Lil Wayne & Eminem",Relapse: Refill,Hip-Hop/Rap,1.29,14.99,2009-08-27 12:00:00+00:00,357627
1440723697,Without Me,Eminem,Curtain Call: The Hits,Hip-Hop/Rap,1.29,9.99,2002-05-14 12:00:00+00:00,290120
1545468577,Gnat,Eminem,Music To Be Murdered By - Side B (Deluxe Edition),Hip-Hop/Rap,1.29,13.99,2020-12-18 08:00:00+00:00,224656
1440723567,Shake That,Eminem,Curtain Call: The Hits,Hip-Hop/Rap,1.29,9.99,2005-12-06 12:00:00+00:00,274053
1440558635,We Made You,Eminem,Relapse (Deluxe Version),Hip-Hop/Rap,1.29,14.99,2009-04-07 12:00:00+00:00,269613
1440723552,Stan (feat. Dido),Eminem,Curtain Call: The Hits,Hip-Hop/Rap,1.29,9.99,2000-05-23 12:00:00+00:00,402840
1440821832,Superman (feat. Dina Rae),Eminem,The Eminem Show,Hip-Hop/Rap,1.29,9.99,2002-05-26 12:00:00+00:00,350067
1471580180,Remember The Name (feat. Eminem & 50 Cent),Ed Sheeran,No.6 Collaborations Project,Pop,1.29,11.99,2019-07-12 07:00:00+00:00,206443
1444156955,What's the Difference (feat. Eminem & Alvin Joiner),Dr. Dre,2001,Hip-Hop/Rap,1.29,11.99,1999-11-16 12:00:00+00:00,244240
1434766865,Nice Guy,Eminem & Jessie Reyez,Kamikaze,Hip-Hop/Rap,1.29,9.99,2018-08-31 12:00:00+00:00,150813
1440821557,White America,Eminem,The Eminem Show,Hip-Hop/Rap,1.29,9.99,2002-05-26 12:00:00+00:00,324467
1453197250,"Bad Guys Always Die (From ""Wild Wild West"" Soundtrack)",Eminem & Dr. Dre,The Slim Shady LP (Expanded Edition),Soundtrack,1.29,14.99,1999-02-23 12:00:00+00:00,279133
1434766540,The Ringer,Eminem,Kamikaze,Hip-Hop/Rap,1.29,9.99,2018-08-31 12:00:00+00:00,337933
1440821623,Business,Eminem,The Eminem Show,Hip-Hop/Rap,1.29,9.99,2002-05-26 12:00:00+00:00,251827
1545469687,Godzilla (feat. Juice WRLD),Eminem,Music To Be Murdered By - Side B (Deluxe Edition),Hip-Hop/Rap,1.29,13.99,2020-01-17 08:00:00+00:00,210800
1445003149,Walk On Water (feat. Beyoncé),Eminem,Walk On Water (feat. Beyoncé) - Single,Hip-Hop/Rap,1.29,1.29,2017-11-10 12:00:00+00:00,303781
1440723327,My Name Is,Eminem,Curtain Call: The Hits,Hip-Hop/Rap,1.29,9.99,1999-01-25 12:00:00+00:00,268827
1269232350,Revenge (feat. Eminem),P!nk,Beautiful Trauma,Pop,1.29,10.99,2017-10-13 12:00:00+00:00,226159
1440821647,Sing For the Moment,Eminem,The Eminem Show,Hip-Hop/Rap,1.29,9.99,2002-05-26 07:00:00+00:00,339573
1457779589,Eminem (Instrumental),Ndioallday,NDIOALLDAY #1 (Instrumental),Hip-Hop/Rap,0.99,9.99,2019-03-21 12:00:00+00:00,149812
1440871845,Soap (Skit),"Eminem, Jeff Bass & Royce Da 5'9""",The Slim Shady LP,Hip-Hop/Rap,1.29,9.99,1999-02-23 12:00:00+00:00,34600
1440903449,8 Mile,Eminem,8 Mile (Music from and Inspired By the Motion Picture),Soundtrack,1.29,9.99,2002-10-29 08:00:00+00:00,359080
1495269627,Those Kinda Nights (feat. Ed Sheeran),Eminem,Music To Be Murdered By,Hip-Hop/Rap,1.29,11.99,2020-01-17 08:00:00+00:00,177693
1440723757,When I'm Gone,Eminem,Curtain Call: The Hits,Hip-Hop/Rap,1.29,9.99,2005-12-06 12:00:00+00:00,280093
1440907569,Don't Push Me (feat. Lloyd Banks & Eminem),50 Cent,Get Rich or Die Tryin' (Bonus Track Version),Hip-Hop/Rap,1.29,9.99,2003-02-06 08:00:00+00:00,248973
1495269624,Unaccommodating (feat. Young M.A),Eminem,Music To Be Murdered By,Hip-Hop/Rap,1.29,11.99,2020-01-17 08:00:00+00:00,216600
1440836185,My Name Is,Eminem,The Slim Shady LP,Hip-Hop/Rap,1.29,10.99,1999-02-23 08:00:00+00:00,268440
1398477212,Majesty (feat. Eminem & Labrinth),Nicki Minaj & Labrinth,Queen,Hip-Hop/Rap,1.29,12.99,2018-08-10 07:00:00+00:00,295646
1495269625,"You Gon' Learn (feat. Royce da 5'9"" & White Gold)",Eminem,Music To Be Murdered By,Hip-Hop/Rap,1.29,11.99,2020-01-17 08:00:00+00:00,234640
1495269630,Darkness,Eminem,Music To Be Murdered By,Hip-Hop/Rap,1.29,11.99,2020-01-17 08:00:00+00:00,337147
1815836645,Eminem,杭泰辉,浮夸,Worldwide,0.99,9.9,2022-09-05 12:00:00+00:00,62809
1440864500,Headlights (feat. Nate Ruess),Eminem,The Marshall Mathers LP2 (Deluxe),Hip-Hop/Rap,1.29,11.99,2013-11-05 12:00:00+00:00,343032
1637717491,Berzerk,Eminem,Curtain Call 2,Hip-Hop/Rap,1.29,14.99,2013-08-27 12:00:00+00:00,237225
1440799189,We Made You,Eminem,Relapse,Hip-Hop/Rap,1.29,11.99,2009-04-07 12:00:00+00:00,269613
1440782045,Cinderella Man,Eminem,Recovery,Hip-Hop/Rap,1.29,10.99,2010-06-21 12:00:00+00:00,279013
1545468922,Zeus (feat. White Gold),Eminem,Music To Be Murdered By - Side B (Deluxe Edition),Hip-Hop/Rap,1.29,13.99,2020-12-18 08:00:00+00:00,230399
1440810680,'Till I Collapse (feat. Nate Dogg),Eminem,Real Steel (Music from the Motion Picture),Soundtrack,,6.99,2002-05-26 12:00:00+00:00,299880
1440901527,Revival (Interlude),Eminem,Revival,Hip-Hop/Rap,1.29,12.99,2017-12-15 12:00:00+00:00,51827
1440723744,Mockingbird,Eminem,Curtain Call: The Hits,Hip-Hop/Rap,1.29,9.99,2004-11-12 12:00:00+00:00,250813
295376711,Who Want It (feat. Eminem),Trick Trick,The Villain (Bonus Track Version),Hip-Hop/Rap,0.99,7.99,2008-11-11 12:00:00+00:00,251760
1440821638,Soldier,Eminem,The Eminem Show,Hip-Hop/Rap,1.29,9.99,2002-05-26 12:00:00+00:00,226440
1707410709,Eminem,Alan Sdr & Rabelay,Eminem - Single,Hip-Hop,0.99,0.99,2023-09-28 12:00:00+00:00,126097
1440821833,Hailie's Song,Eminem,The Eminem Show,Hip-Hop/Rap,1.29,9.99,2002-05-26 12:00:00+00:00,320773
1434766857,Em Calls Paul (Skit),Eminem,Kamikaze,Hip-Hop/Rap,1.29,9.99,2018-08-31 12:00:00+00:00,49027
1453197163,Lounge (Skit),"Eminem, Jeffrey Erwin Bass & Mark Bass",The Slim Shady LP (Expanded Edition),Hip-Hop/Rap,1.29,14.99,1999-02-23 12:00:00+00:00,46533
1440781869,No Love (feat. Lil Wayne),Eminem,Recovery,Hip-Hop/Rap,1.29,10.99,2010-06-21 12:00:00+00:00,299507
1440864071,Legacy,Eminem,The Marshall Mathers LP2 (Deluxe),Hip-Hop/Rap,1.29,11.99,2013-11-05 12:00:00+00:00,296236
1440869013,Forgot About Dre (feat. Eminem) [Instrumental],Dr. Dre,2001 (Instrumental),Hip-Hop/Rap,1.29,9.99,1999-01-01 12:00:00+00:00,229573
1545467714,Black Magic,Eminem & Skylar Grey,Music To Be Murdered By - Side B (Deluxe Edition),Hip-Hop/Rap,1.29,13.99,2020-12-18 08:00:00+00:00,174864
1641779923,USE THIS GOSPEL (feat. Kanye West & Eminem) [REMIX],DJ Khaled,GOD DID,Hip-Hop/Rap,1.29,10.99,2022-08-26 07:00:00+00:00,223533
1545468913,Killer,Eminem,Music To Be Murdered By - Side B (Deluxe Edition),Hip-Hop/Rap,1.29,13.99,2020-12-18 08:00:00+00:00,195009
1440863970,Survival,Eminem,The Marshall Mathers LP2 (Deluxe),Hip-Hop/Rap,1.29,11.99,2013-10-08 12:00:00+00:00,272417
1522718331,The Adventures of Moon Man & Slim Shady,Kid Cudi & Eminem,The Adventures of Moon Man & Slim Shady - Single,Hip-Hop/Rap,1.29,1.29,2020-07-10 12:00:00+00:00,265653
1495269628,In Too Deep,Eminem,Music To Be Murdered By,Hip-Hop/Rap,1.29,11.99,2020-01-17 08:00:00+00:00,194704
1434766847,Greatest,Eminem,Kamikaze,Hip-Hop/Rap,1.29,9.99,2018-08-31 12:00:00+00:00,226933
1495269631,Leaving Heaven (feat. Skylar Grey),Eminem,Music To Be Murdered By,Hip-Hop/Rap,1.29,11.99,2020-01-17 08:00:00+00:00,265947
1440864719,Beautiful Pain (feat. Sia),Eminem,The Marshall Mathers LP2 (Deluxe),Hip-Hop/Rap,1.29,11.99,2013-11-05 12:00:00+00:00,265022
1441154439,Don't Stop The Music,Rihanna,Good Girl Gone Bad: Reloaded,R&B/Soul,1.29,9.99,2007-05-31 07:00:00+00:00,267080
1440896009,Only Girl (In The World),Rihanna,Loud (Deluxe),Pop,1.29,9.99,2010-09-10 07:00:00+00:00,235493
1444321282,Diamonds,Rihanna,Diamonds - Single,Pop,1.29,1.29,2012-09-26 07:00:00+00:00,225200
1441154580,Take a Bow,Rihanna,Good Girl Gone Bad: Reloaded,Pop,1.29,9.99,2008-04-15 07:00:00+00:00,229413
1440866698,Unfaithful,Rihanna,A Girl Like Me (Bonus Track Version),Pop,1.29,9.99,2006-04-10 07:00:00+00:00,228547
1440758945,We Found Love (feat. Calvin Harris),Rihanna,Talk That Talk,Pop,1.29,9.99,2011-09-22 07:00:00+00:00,215227
1440867324,Pon de Replay,Rihanna,Music of the Sun,Pop,1.29,9.99,2005-05-24 07:00:00+00:00,247116
1443061990,Where Have You Been,Rihanna,Talk That Talk (Deluxe),Pop,1.29,11.99,2011-11-18 12:00:00+00:00,242680
1440866685,SOS,Rihanna,A Girl Like Me (Bonus Track Version),Pop,1.29,9.99,2006-02-13 08:00:00+00:00,240426
1441154440,Breakin' Dishes,Rihanna,Good Girl Gone Bad: Reloaded,R&B/Soul,1.29,9.99,2007-05-31 07:00:00+00:00,200573
1108212668,This Is What You Came For,Calvin Harris & Rihanna,This Is What You Came For - Single,Dance,1.29,1.29,2016-04-29 07:00:00+00:00,221901
1440934025,Desperado,Rihanna,ANTI (Deluxe),Pop,1.29,11.99,2016-01-28 08:00:00+00:00,186451
1441154568,Rehab,Rihanna,Good Girl Gone Bad: Reloaded,R&B/Soul,1.29,9.99,2007-05-31 07:00:00+00:00,294720
1651763192,Lift Me Up (From Black Panther: Wakanda Forever - Music From and Inspired By),Rihanna,Lift Me Up (From Black Panther: Wakanda Forever - Music From and Inspired By) - Single,Pop,1.29,1.29,2022-10-28 12:00:00+00:00,196520
1441154563,Hate That I Love You (feat. Ne-Yo),Rihanna,Good Girl Gone Bad: Reloaded,R&B/Soul,1.29,9.99,2007-05-31 07:00:00+00:00,218947
1440925584,Dancing In the Dark,Rihanna,Home (Original Motion Picture Soundtrack),Soundtrack,1.29,7.99,2015-03-23 12:00:00+00:00,223040
1443062143,We Found Love (feat. Calvin Harris),Rihanna,Talk That Talk (Deluxe),Pop,1.29,11.99,2011-09-11 12:00:00+00:00,215227
1011505863,Rihanna (feat. Young Thug),Yo Gotti,Rihanna (feat. Young Thug) - Single,Hip-Hop/Rap,1.29,1.29,2015-06-29 07:00:00+00:00,234459
1446745487,Stay (feat. Mikky Ekko),Rihanna,Unapologetic (Deluxe Version),Pop,1.29,11.99,2012-11-19 12:00:00+00:00,240707
1629152599,Rihanna (Umbrella),Sean Kingston,Rihanna (Umbrella) - Single,Pop,1.29,1.29,2022-07-01 12:00:00+00:00,156999
1440934107,Same Ol’ Mistakes,Rihanna,ANTI (Deluxe),Pop,1.29,11.99,2016-01-28 08:00:00+00:00,397177
692143096,Rihanna,Orezi,Rihanna - Single,Reggae,0.99,0.99,2013-02-18 12:00:00+00:00,233964
1604102148,Rihanna (feat. Yemi Alade),Awilo Longomba,Rihanna (feat. Yemi Alade) - Single,African,0.99,0.99,2017-01-16 12:00:00+00:00,212313
1440808179,Only Girl (In the World),Rihanna,Loud (Deluxe),Pop,1.29,9.99,2010-09-10 12:00:00+00:00,235520
1647106778,Rihanna (Umbrella),Sean Kingston,Road To Deliverance,Reggae,1.29,6.99,2022-07-01 12:00:00+00:00,156999
1443105353,Where Have You Been,Rihanna,Talk That Talk (Deluxe Edition),Pop,1.29,11.99,2011-11-18 12:00:00+00:00,242680
1441154562,Shut Up and Drive,Rihanna,Good Girl Gone Bad: Reloaded,R&B/Soul,1.29,9.99,2007-05-31 07:00:00+00:00,213280
1443232440,Diamonds,Rihanna,Unapologetic,Pop,1.29,9.99,2012-09-26 07:00:00+00:00,225147
1207957709,Rihanna (feat. Jesse Baez & Indigo Jams),Finesse & BNMP,El Dorado,Urbano latino,1.29,7.99,2017-02-25 12:00:00+00:00,185156
1440934120,Close to You,Rihanna,ANTI (Deluxe),Pop,1.29,11.99,2016-01-28 08:00:00+00:00,237947
1443105360,We Found Love (feat. Calvin Harris),Rihanna,Talk That Talk (Deluxe Edition),Pop,1.29,11.99,2011-09-11 12:00:00+00:00,215227
1443232529,Stay (feat. Mikky Ekko),Rihanna,Unapologetic,Pop,1.29,9.99,2012-11-19 08:00:00+00:00,240707
1417177301,Diamonds,Rihanna,Unapologetic (Deluxe Version),Pop,1.29,11.99,2012-09-26 12:00:00+00:00,225147
1446745143,Diamonds,Rihanna,Unapologetic (Deluxe Version),Pop,1.29,11.99,2012-09-26 12:00:00+00:00,225147
1440867909,Pon De Replay (Remix) [feat. Elephant Man],Rihanna,Music of the Sun,Pop,1.29,9.99,2005-08-29 07:00:00+00:00,217538
1244229848,Wild Thoughts (feat. Rihanna & Bryson Tiller),DJ Khaled,Grateful,Hip-Hop/Rap,1.29,12.99,2017-06-16 07:00:00+00:00,204170
1440775739,Rude Boy,Rihanna,Rated R,Pop,1.29,9.99,2009-11-20 08:00:00+00:00,222987
1440934110,Never Ending,Rihanna,ANTI (Deluxe),Pop,1.29,11.99,2016-01-28 08:00:00+00:00,202505
1442286393,Take a Bow (Tony Moran & Warren Riggs),Rihanna,Good Girl Gone Bad: The Remixes,Pop,1.29,9.99,2009-01-27 12:00:00+00:00,242480
1443103437,We Found Love (feat. Calvin Harris) [Calvin Harris Extended Mix],Rihanna,Talk That Talk,Pop,1.29,9.99,2011-11-18 08:00:00+00:00,345733
1440896002,Cheers (Drink to That),Rihanna,Loud (Deluxe),Pop,1.29,9.99,2010-11-12 08:00:00+00:00,261747
1440896203,Skin,Rihanna,Loud (Deluxe),Pop,1.29,9.99,2010-11-12 08:00:00+00:00,303720
1258981727,Live Your Life (feat. Rihanna),T.I.,Paper Trail,Rap,1.29,10.99,2008-09-23 12:00:00+00:00,338853
1440934215,Goodnight Gotham,Rihanna,ANTI (Deluxe),Pop,1.29,11.99,2016-01-28 08:00:00+00:00,88484
1440867615,If It's Lovin' That You Want,Rihanna,Music of the Sun,Pop,1.29,9.99,2005-08-16 07:00:00+00:00,208107
1440843716,Too Good (feat. Rihanna),Drake,Views,Hip-Hop/Rap,1.29,11.99,2016-04-29 12:00:00+00:00,263371
1715688715,Who's That Chick? (feat. Rihanna),David Guetta,One More Love,Dance,1.29,9.99,2009-08-24 12:00:00+00:00,201040
1440896012,California King Bed,Rihanna,Loud (Deluxe),Pop,1.29,9.99,2010-11-12 08:00:00+00:00,251600
1713469226,We Found Love (feat. Rihanna),Calvin Harris,18 Months,Dance,1.29,9.99,2011-09-11 12:00:00+00:00,215520
1440925284,Love on the Brain,Rihanna,ANTI (Deluxe),Pop,1.29,11.99,2016-01-28 08:00:00+00:00,223996
726373202,Princess of China,Coldplay & Rihanna,Mylo Xyloto,Alternative,1.29,9.99,2011-10-19 07:00:00+00:00,239215
1440925280,Towards the Sun,Rihanna,Home (Original Motion Picture Soundtrack),Soundtrack,1.29,7.99,2015-02-24 12:00:00+00:00,273293
1440907882,LOYALTY. (FEAT. RIHANNA.),Kendrick Lamar,DAMN. COLLECTORS EDITION.,Hip-Hop/Rap,1.29,9.99,2017-04-14 12:00:00+00:00,227360
1440808466,Skin,Rihanna,Loud (Deluxe),Pop,1.29,9.99,2010-11-12 12:00:00+00:00,303720
1440776346,Run This Town (feat. Rihanna & Kanye West),JAY-Z & Kanye West,The Hits Collection Volume One (Edited Version),Hip-Hop/Rap,1.29,9.99,2009-07-24 12:00:00+00:00,268027
1653546259,Lift Me Up,Rihanna,Black Panther: Wakanda Forever - Music From and Inspired By,Alte,,10.99,2022-10-28 07:00:00+00:00,196520
1442286397,Hate That I Love You (feat. Ne-Yo) [K-Klassic],Rihanna,Good Girl Gone Bad: The Remixes,R&B/Soul,1.29,9.99,2009-01-27 12:00:00+00:00,238867
1440866702,We Ride,Rihanna,A Girl Like Me (Bonus Track Version),Pop,1.29,9.99,2006-04-10 07:00:00+00:00,236680
1443062154,Cockiness (Love It),Rihanna,Talk That Talk (Deluxe),Pop,1.29,11.99,2011-11-18 12:00:00+00:00,178027
1441154584,If I Never See Your Face Again (feat. Rihanna),Maroon 5,Good Girl Gone Bad: Reloaded,Rock,1.29,9.99,2008-05-02 07:00:00+00:00,198353
1260878657,Live Your Life (feat. Rihanna),T.I.,Paper Trail (Deluxe Version),Rap,1.29,13.99,2008-09-23 12:00:00+00:00,338853
825811737,Can't Remember to Forget You (feat. Rihanna) [Album],Shakira,Shakira. (Expanded Edition) [Spanish Version],Pop Latino,1.29,9.99,2014-01-13 12:00:00+00:00,206867
1502958244,Rihanna,Junior Lord,Rihanna - Single,Brazilian,0.99,0.99,2019-06-21 12:00:00+00:00,159488
1637868382,Rihanna (Bonus),Orezi,The Gehn Gehn Album,Worldwide,1.29,9.99,2013-02-18 12:00:00+00:00,233964
699912044,Who's That Chick? (feat. Rihanna),David Guetta & Rihanna,Who's That Chick (feat. Rihanna) - EP,House,1.29,6.99,2010-11-20 12:00:00+00:00,201040
1443062439,We Found Love (feat. Calvin Harris) [Calvin Harris Extended Mix],Rihanna,Talk That Talk (Deluxe),Pop,1.29,11.99,2011-09-22 12:00:00+00:00,345733
1443102663,Where Have You Been,Rihanna,Talk That Talk,Pop,1.29,9.99,2011-11-18 08:00:00+00:00,242680
1599253786,Rihanna,Oli $tone,Digital Love,R&B/Soul,1.29,9.03,2018-11-21 12:00:00+00:00,232196
1440808455,California King Bed,Rihanna,Loud (Deluxe),Pop,1.29,9.99,2010-11-12 12:00:00+00:00,251600
693169615,Who's That Chick? (feat. Rihanna) [Extended],David Guetta,Who's That Chick (feat. Rihanna) - Single,Rock,1.29,2.99,2011-01-07 12:00:00+00:00,275760
1440896207,Love the Way You Lie (Piano Version),Rihanna,Loud (Deluxe),Pop,1.29,9.99,2010-11-12 08:00:00+00:00,250294
1440866995,Break It Off,Rihanna & Sean Paul,A Girl Like Me (Bonus Track Version),Pop,1.29,9.99,2006-04-10 12:00:00+00:00,214493
1442286390,Shut Up and Drive (The Wideboys),Rihanna,Good Girl Gone Bad: The Remixes,R&B/Soul,1.29,9.99,2009-01-27 12:00:00+00:00,219640
1440775735,Russian Roulette,Rihanna,Rated R,Pop,1.29,9.99,2009-10-26 12:00:00+00:00,227573
1443062424,Watch n' Learn,Rihanna,Talk That Talk (Deluxe),Pop,1.29,11.99,2011-11-18 12:00:00+00:00,211000
1440808457,Man Down,Rihanna,Loud (Deluxe),Pop,1.29,9.99,2010-11-12 12:00:00+00:00,267173
1555172365,Rihanna,IZO,Rihanna - Single,R&B/Soul,1.29,1.29,2021-03-02 12:00:00+00:00,172052
1662170562,BELIEVE IT,PARTYNEXTDOOR & Rihanna,PARTYMOBILE,R&B/Soul,1.29,10.99,2020-03-27 12:00:00+00:00,183219
1445001888,If I Never See Your Face Again (feat. Rihanna),Maroon 5 feat. Rihanna,If I Never See Your Face Again (feat. Rihanna) - Single,Pop,1.29,1.29,2007-05-16 12:00:00+00:00,198413
1443231169,Work (feat. Drake),Rihanna,ANTI,Pop,1.29,9.99,2016-01-27 08:00:00+00:00,219340
1440808176,Cheers (Drink to That),Rihanna,Loud (Deluxe),Pop,1.29,9.99,2010-11-12 12:00:00+00:00,261747
1440775747,Te Amo,Rihanna,Rated R,Pop,1.29,9.99,2009-11-20 08:00:00+00:00,208427
1440925580,Sex With Me,Rihanna,ANTI (Deluxe),Pop,1.29,11.99,2016-01-28 08:00:00+00:00,206400
1443105369,Cockiness (Love It),Rihanna,Talk That Talk (Deluxe Edition),Pop,1.29,11.99,2011-11-18 12:00:00+00:00,178027
1440925067,Needed Me,Rihanna,ANTI (Deluxe),Pop,1.29,11.99,2016-01-28 08:00:00+00:00,191605
1442035549,Rihanna,Demola,"Afrobeats, Vol. 2",Afro-Pop,0.99,8.99,2018-05-01 12:00:00+00:00,123586
656740043,Rihanna (feat. Noonie Bao),Clean Bandit,Dust Clears (Remixes) - EP,Dance,1.29,3.99,2013-07-28 07:00:00+00:00,194106
1446745344,Loveeeeeee Song (feat. Future),Rihanna,Unapologetic (Deluxe Version),Pop,1.29,11.99,2012-11-19 12:00:00+00:00,256320
1444105804,Pour It Up,Rihanna,Unapologetic,Pop,1.29,9.99,2012-11-19 12:00:00+00:00,161200
1440896005,Fading,Rihanna,Loud (Deluxe),Pop,1.29,9.99,2010-11-12 08:00:00+00:00,207280
1443231326,Needed Me,Rihanna,ANTI,Pop,1.29,9.99,2016-01-28 08:00:00+00:00,191605
1544491998,Someone Like You,Adele,21,Pop,1.29,10.99,2011-01-19 12:00:00+00:00,285240
1544491233,Rolling in the Deep,Adele,21,Pop,1.29,10.99,2010-11-29 08:00:00+00:00,228093
1590036021,Easy On Me,Adele,30,Pop,1.29,10.99,2021-10-14 07:00:00+00:00,224695
1544494407,When We Were Young,Adele,25,Pop,1.29,10.99,2015-11-20 12:00:00+00:00,290900
1544494392,Hello,Adele,25,Pop,1.29,10.99,2015-10-23 07:00:00+00:00,295502
1544494912,All I Ask,Adele,25,Pop,1.29,10.99,2015-11-20 12:00:00+00:00,271800
1545382976,Make You Feel My Love,Adele,19,Pop,1.29,9.99,2008-01-28 12:00:00+00:00,212040
1545382295,Chasing Pavements,Adele,19,Pop,1.29,9.99,2008-01-14 08:00:00+00:00,210507
1544494394,Send My Love (To Your New Lover),Adele,25,Pop,1.29,10.99,2015-11-20 12:00:00+00:00,223079
566322365,Skyfall,Adele,Skyfall - Single,Pop,1.29,1.29,2012-10-05 07:00:00+00:00,286082
1544491234,Rumour Has It,Adele,21,Pop,1.29,10.99,2011-01-19 12:00:00+00:00,223267
1544491235,Turning Tables,Adele,21,Pop,1.29,10.99,2011-01-19 12:00:00+00:00,250000
1544491995,One and Only,Adele,21,Pop,1.29,10.99,2011-01-19 12:00:00+00:00,348227
1544491987,Don't You Remember,Adele,21,Pop,1.29,10.99,2011-01-19 12:00:00+00:00,243200
1590036026,My Little Love,Adele,30,Pop,1.29,10.99,2021-11-19 12:00:00+00:00,389107
1590036250,I Drink Wine,Adele,30,Pop,1.29,10.99,2021-11-19 12:00:00+00:00,376169
1590036269,To Be Loved,Adele,30,Pop,1.29,10.99,2021-11-19 12:00:00+00:00,403962
1544494717,Remedy,Adele,25,Pop,1.29,10.99,2015-11-20 12:00:00+00:00,245427
1544494401,I Miss You,Adele,25,Pop,1.29,10.99,2015-11-20 12:00:00+00:00,348625
1544494905,Million Years Ago,Adele,25,Pop,1.29,10.99,2015-11-20 12:00:00+00:00,227066
1544491996,Lovesong,Adele,21,Pop,1.29,10.99,2011-01-19 12:00:00+00:00,316240
1590036264,Hold On,Adele,30,Pop,1.29,10.99,2021-11-19 12:00:00+00:00,366004
1544491989,He Won't Go,Adele,21,Pop,1.29,10.99,2011-01-19 12:00:00+00:00,278040
1544491992,Take It All,Adele,21,Pop,1.29,10.99,2011-01-19 12:00:00+00:00,228293
1590036260,Woman Like Me,Adele,30,Pop,1.29,10.99,2021-11-19 12:00:00+00:00,300248
1544491994,I'll Be Waiting,Adele,21,Pop,1.29,10.99,2011-01-19 12:00:00+00:00,241351
1754692567,adele,RW 5ive,Right or Wrong,Hip-Hop/Rap,0.99,13.86,2024-07-26 12:00:00+00:00,185625
1590036034,Can I Get It,Adele,30,Pop,1.29,10.99,2021-11-19 12:00:00+00:00,210384
1544494916,Sweetest Devotion,Adele,25,Pop,1.29,10.99,2015-11-20 12:00:00+00:00,251702
1590036274,Love Is A Game,Adele,30,Pop,1.29,10.99,2021-11-19 12:00:00+00:00,403044
1544490605,I Can't Make You Love Me (Live),Adele,iTunes Festival: London 2011 - EP,Pop,1.29,5.99,2011-07-12 12:00:00+00:00,214241
1544492001,I Found a Boy,Adele,21,Pop,1.29,10.99,2011-01-19 12:00:00+00:00,217339
1590036258,All Night Parking (with Erroll Garner) Interlude,Adele,30,Pop,1.29,10.99,2021-11-19 12:00:00+00:00,161830
1544494725,River Lea,Adele,25,Pop,1.29,10.99,2015-11-20 12:00:00+00:00,225427
1590035908,Strangers By Nature,Adele,30,Pop,1.29,10.99,2021-11-19 12:00:00+00:00,182163
1545382801,Crazy for You,Adele,19,Pop,1.29,9.99,2008-01-28 12:00:00+00:00,208040
1545382291,Daydreamer,Adele,19,Pop,1.29,9.99,2008-01-28 12:00:00+00:00,220507
1374637021,Adele,"Tapes, Milo Gore & FARE",Dead Dogs & Sad Songs - EP,Alternative,1.29,6.45,2018-04-23 12:00:00+00:00,203076
1545382966,Right As Rain,Adele,19,Pop,1.29,9.99,2008-01-28 12:00:00+00:00,197347
1545382803,Melt My Heart to Stone,Adele,19,Pop,1.29,9.99,2008-01-28 12:00:00+00:00,203907
1545382957,First Love,Adele,19,Pop,1.29,9.99,2008-01-28 12:00:00+00:00,190280
1545382789,Cold Shoulder,Adele,19,Pop,1.29,9.99,2008-01-28 08:00:00+00:00,191867
1120878874,Adele,Ocb Relax,Adele - Single,New Age,0.99,0.99,2016-06-03 12:00:00+00:00,235785
1545382293,Best for Last,Adele,19,Pop,1.29,9.99,2008-01-28 12:00:00+00:00,258507
1545382979,Tired,Adele,19,Pop,1.29,9.99,2008-01-28 12:00:00+00:00,258853
1545382977,My Same,Adele,19,Pop,1.29,9.99,2008-01-28 12:00:00+00:00,195653
917499276,Adele,Serenitygrains,Chill Radio - Chilled Lounge Relaxation Instrumental Moods,Lounge,0.99,9.99,2014-09-08 12:00:00+00:00,582615
1835664174,Adele - Rolling in the Deep - Piano Cover,Katrina Hundred,Timeless Hits on Piano,Pop,0.99,11.99,2024-10-02 12:00:00+00:00,223200
1161499560,Adèle,Patricia Kaas,Patricia Kaas,French Pop,,,2016-11-11 12:00:00+00:00,189200
1676238681,Adele,Adik,Adele - Single,Dance,1.29,1.29,2023-03-29 12:00:00+00:00,270602
1437836726,Adele,John Medeski's Mad Skillet,Mad Skillet,Jazz,1.29,9.99,2018-11-09 12:00:00+00:00,474800
1824455918,Adele,Les Youles,Kokoriko,Worldwide,1.29,7.99,2000-01-01 12:00:00+00:00,256080
1758041105,Adele,Adik,Adele - Single,Dance,1.29,1.29,2023-03-29 12:00:00+00:00,270602
1395522697,Hometown Glory (Single Version),Adele,Hometown Glory - Single,Pop,1.29,2.99,2007-10-22 07:00:00+00:00,218960
350895884,Water and a Flame (feat. Adele),Daniel Merriweather,Love & War (Deluxe Version),Pop,1.29,10.99,2009-06-01 12:00:00+00:00,219177
1440860089,"Read All About It, Pt. III",Emeli Sandé,Our Version of Events (Deluxe Edition),Pop,1.29,11.99,2012-02-10 12:00:00+00:00,283867
1545376278,Make You Feel My Love,Adele,Make You Feel My Love - Single,Pop,1.29,1.29,2008-01-28 12:00:00+00:00,212040
715511772,Next to Me,Emeli Sandé,Our Version of Events,Pop,1.29,9.99,2012-02-10 08:00:00+00:00,196867
1546727192,Adèle,Jäde,Romance,Hip-Hop/Rap,1.29,7.99,2021-02-12 12:00:00+00:00,177760
1657034756,Adele,Wun Two,Adele - Single,Hip-Hop/Rap,1.29,1.29,2023-01-18 12:00:00+00:00,135000
1545269215,Adèle,Ariane Roy,AVALANCHE (n.f.) - EP,Pop,1.29,3.99,2019-05-24 12:00:00+00:00,255933
687554548,Beneath Your Beautiful (feat. Emeli Sandé),Labrinth,Beneath Your Beautiful - EP,Pop,1.29,4.99,2012-04-02 07:00:00+00:00,271813
1712545077,Adele,Kareful & Mannequin,Adele - Single,Dance,1.29,1.29,2023-03-10 12:00:00+00:00,218182
1545376345,Chasing Pavements,Adele,Chasing Pavements - Single,Pop,1.29,1.29,2008-01-14 12:00:00+00:00,210507
1545039948,Rolling in the Deep (Jamie xx Shuffle),Adele,Rolling in the Deep (Jamie xx Shuffle) - Single,Pop,1.29,1.29,2011-01-16 12:00:00+00:00,257652
1172852862,Adèle,Patricia Kaas,Patricia Kaas (Bonus Tracks Version),French Pop,,,2016-11-11 12:00:00+00:00,187053
1469042255,Amour plastique,"Videoclub, Adèle Castillon & Mattyeux",Amour plastique - Single,French Pop,1.29,1.29,2018-09-08 12:00:00+00:00,227027
1544490791,Rolling in the Deep (Live),Adele,iTunes Festival: London 2011 - EP,Pop,1.29,5.99,2011-07-12 12:00:00+00:00,321084
1163228129,Adèle,Patricia Kaas,Patricia Kaas (Bonus Tracks Version),French Pop,1.29,9.99,2016-11-11 12:00:00+00:00,187053
1394402440,Adele,Dru Serkes,Astoria - EP,Rock,0.99,3.96,2014-09-18 12:00:00+00:00,210395
1544490304,One and Only (Live),Adele,iTunes Festival: London 2011 - EP,Pop,1.29,5.99,2011-07-12 12:00:00+00:00,343807
1544490596,Take It All (Live),Adele,iTunes Festival: London 2011 - EP,Pop,1.29,5.99,2011-07-12 12:00:00+00:00,242319
1517944318,Adele,White Mud Freeway,Last Year's Junk,Rock,1.29,9.99,2004-07-24 12:00:00+00:00,268107
1771984201,Adele - Set Fire to the Rain - Piano Cover,Katrina Hundred,Adele - Piano Covers,Pop,0.99,9.9,2024-10-02 12:00:00+00:00,323333
1771984198,Adele - Hello - Piano Cover,Katrina Hundred,Adele - Piano Covers,Pop,0.99,9.9,2024-10-02 12:00:00+00:00,302338
1561892293,Adele (feat. Elaine),Chung Won Young,우중간 밀어치기 - EP,Korean Folk-Pop,1.29,5.16,2020-07-20 12:00:00+00:00,352530
1771984197,Adele - Skyfall - Piano Cover,Katrina Hundred,Adele - Piano Covers,Pop,0.99,9.9,2024-10-02 12:00:00+00:00,286798
1771984202,Adele - Someone Like You - Piano Cover,Katrina Hundred,Adele - Piano Covers,Pop,0.99,9.9,2023-04-07 12:00:00+00:00,271475
1771984199,Adele - Make You Feel My Love - Piano Cover,Katrina Hundred,Adele - Piano Covers,Pop,0.99,9.9,2024-10-02 12:00:00+00:00,211579
1771984195,Adele - Rumor Has It - Piano Cover,Katrina Hundred,Adele - Piano Covers,Pop,0.99,9.9,2024-10-02 12:00:00+00:00,222567
1562653745,Adele,Lilly Wood & The Prick,Most Anything,Pop,1.29,10.99,2021-05-21 12:00:00+00:00,221453
1153830653,Hello / Lacrimosa,The Piano Guys,Uncharted (Deluxe Edition),Classical,1.29,13.99,2016-01-28 12:00:00+00:00,231750
1440860045,Beneath Your Beautiful (feat. Emeli Sandé),Labrinth,Our Version of Events (Deluxe Edition),Pop,1.29,11.99,2012-04-02 12:00:00+00:00,273827
1544490584,Don't You Remember (Live),Adele,iTunes Festival: London 2011 - EP,Pop,1.29,5.99,2011-07-12 12:00:00+00:00,253680
1771984204,Adele - Send My Love - Piano Cover,Katrina Hundred,Adele - Piano Covers,Pop,0.99,9.9,2024-10-02 12:00:00+00:00,222000
1675204685,Adele,Stackalot,Adele - Single,Alternative,1.29,1.29,2023-03-16 12:00:00+00:00,114860
1544490588,Rumour Has It (Live),Adele,iTunes Festival: London 2011 - EP,Pop,1.29,5.99,2011-07-12 12:00:00+00:00,228033
1062244901,Adele,Jazz Club,"Sensual & Slow Jazz Music – Sexual Healing Cool Jazz, Sax & Guitar Background Love Making Music",Jazz,0.99,8.99,2015-11-21 12:00:00+00:00,490800
1771984205,Adele - Water Under the Bridge - Piano Cover,Katrina Hundred,Adele - Piano Covers,Pop,0.99,9.9,2024-10-02 12:00:00+00:00,239936
1172854352,Adèle (Piano voix) [Bonus Track],Patricia Kaas,Patricia Kaas (Bonus Tracks Version),French Pop,,,2016-11-11 12:00:00+00:00,146867
1771984203,Adele - Don't You Remember - Piano Cover,Katrina Hundred,Adele - Piano Covers,Pop,0.99,9.9,2024-10-02 12:00:00+00:00,241164
1669839005,Adele - When We Were Young (Violin Cover),Filip Jančík,Adele - When We Were Young (Violin Cover) - Single,Pop,0.99,0.99,2023-03-09 12:00:00+00:00,259000
1817601340,Adele - Rolling in the Deep - Piano Cover,Katrina Hundred,Piano Covers - Mix of Hit Songs - Piano Versions,Pop,0.99,11.99,2024-10-02 12:00:00+00:00,223200
1771984200,Adele - Rolling in the Deep - Piano Cover,Katrina Hundred,Adele - Piano Covers,Pop,0.99,9.9,2024-10-02 12:00:00+00:00,223200
1778036324,Lose Control,Teddy Swims,Top Hits 2024 - Melhores Internacionais,Pop,,,2023-06-23 12:00:00+00:00,210689
1778036316,Beautiful Things,Benson Boone,Top Hits 2024 - Melhores Internacionais,Pop,,,2024-01-18 12:00:00+00:00,180304
1746029914,Training Season,Dua Lipa,Top Hits 2024,Pop,,,2024-02-15 12:00:00+00:00,209488
1746029919,Lose Control,Teddy Swims,Top Hits 2024,Pop,,,2023-06-23 12:00:00+00:00,210689
1746030393,Locked Out of Heaven,Bruno Mars,Top Hits 2024,Pop,,,2012-10-01 12:00:00+00:00,233478
1778036624,Disco,Surf Curse,Top Hits 2024 - Melhores Internacionais,Alternative,,,2019-06-12 12:00:00+00:00,152761
1778036308,Illusion,Dua Lipa,Top Hits 2024 - Melhores Internacionais,Pop,,,2024-04-11 12:00:00+00:00,188143
1746030384,Before You Leave Me,Alex Warren,Top Hits 2024,Pop,,,2024-09-16 12:00:00+00:00,176178
1746029920,Houdini,Dua Lipa,Top Hits 2024,Pop,,,2023-11-09 12:00:00+00:00,185918
1757647864,"Ain't No Love in Oklahoma (From ""Twisters: The Album"")",Luke Combs,Country Top Hits 2024,Country,,,2024-05-18 12:00:00+00:00,210950
1757647853,Pink Skies,Zach Bryan,Country Top Hits 2024,Country,,,2024-05-24 12:00:00+00:00,194920
1438301150,Winter Wonderland (Remastered 2006),Bing Crosby,Christmas Top Hits,Holiday,,,1962-01-01 12:00:00+00:00,143067
1438301147,Joy To the World (Remastered 1999),"Nat ""King"" Cole",Christmas Top Hits,Holiday,,,1960-01-01 12:00:00+00:00,84067
1757649862,"Out of Oklahoma (From ""Twisters: The Album"")",Lainey Wilson,Country Top Hits 2024,Country,,,2024-06-20 12:00:00+00:00,208267
1737022830,I Remember Everything (feat. Kacey Musgraves),Zach Bryan,Top Hits 2024,Country,,,2023-01-27 12:00:00+00:00,227196
1746030389,Scared to Start,Michael Marcagi,Top Hits 2024,Alternative,,,2024-01-12 12:00:00+00:00,159636
1757648276,"Already Had It (From ""Twisters: The Album"")",Tucker Wetmore,Country Top Hits 2024,Country,,,2024-06-07 12:00:00+00:00,165558
1737022521,Beautiful Things,Benson Boone,Top Hits 2024,Pop,,,2024-01-18 12:00:00+00:00,180304
1757647868,Dirt Cheap,Cody Johnson,Country Top Hits 2024,Country,,,2023-11-03 12:00:00+00:00,239347
1778036626,Scared to Start,Michael Marcagi,Top Hits 2024 - Melhores Internacionais,Alternative,,,2024-01-12 12:00:00+00:00,159636
1737022526,Lose Control,Teddy Swims,Top Hits 2024,Pop,,,2023-06-23 12:00:00+00:00,210689
1757650582,The Painter,Cody Johnson,Country Top Hits 2024,Country,,,2023-01-06 12:00:00+00:00,211413
1757649870,Where It Ends,Bailey Zimmerman,Country Top Hits 2024,Country,,,2022-08-19 12:00:00+00:00,179294
1757648272,"Hell or High Water (From ""Twisters: The Album"")",Bailey Zimmerman,Country Top Hits 2024,Country,,,2024-05-23 12:00:00+00:00,194571
1737025349,Baby Don’t Hurt Me,"David Guetta, Anne-Marie & Coi Leray",Top Hits 2024,Dance,,,2023-03-27 12:00:00+00:00,140018
1737023725,What Was,Benson Boone,Top Hits 2024,Pop,,,2023-01-27 12:00:00+00:00,215218
1750537750,Am I Wrong,Nico & Vinz,SOMMER HITS - 2024 - Top Hits,Pop,,,2013-04-12 12:00:00+00:00,245867
1737022542,Strangers,Kenya Grace,Top Hits 2024,Dance,,,2023-09-01 12:00:00+00:00,172965
1737022821,Scared to Start,Michael Marcagi,Top Hits 2024,Alternative,,,2024-01-12 12:00:00+00:00,159636
1757651002,Sweetheart,Gavin Adcock,Country Top Hits 2024,Country,,,2024-06-19 12:00:00+00:00,198800
1737023117,Locked Out of Heaven,Bruno Mars,Top Hits 2024,Pop,,,2012-10-01 12:00:00+00:00,233478
1737022838,Viva La Vida,Coldplay,Top Hits 2024,Pop,,,2008-05-25 12:00:00+00:00,242373
1757651003,New to Country,Bailey Zimmerman,Country Top Hits 2024,Country,,,2024-06-28 12:00:00+00:00,177123
1737284109,Something in the Orange,Zach Bryan,Summer Top Hits 2024,Country,,,2022-04-22 12:00:00+00:00,228013
1757648285,"Never Left Me (From ""Twisters: The Album"")",Megan Moroney,Country Top Hits 2024,Country,,,2024-05-31 12:00:00+00:00,191658
1757650822,Some Things I'll Never Know (feat. Maren Morris),Teddy Swims,Country Top Hits 2024,Pop,,,2023-11-17 12:00:00+00:00,242317
1737026415,Sugar Sweet,Benson Boone,Top Hits 2024,Pop,,,2023-01-01 12:00:00+00:00,169839
1757648292,Scared to Start,Michael Marcagi,Country Top Hits 2024,Alternative,,,2024-01-12 12:00:00+00:00,159636
1778036864,Happier (feat. Clementine Douglas),The Blessed Madonna,Top Hits 2024 - Melhores Internacionais,Dance,,,2024-02-02 12:00:00+00:00,170359
1757647875,Relapse,Warren Zeiders,Country Top Hits 2024,Country,,,2024-06-07 12:00:00+00:00,158634
1794616625,Chess (Rat Dance) [Piano Version],Kim Bo,A Piano Trip: Top Hits 2024,Instrumental,1.29,14.99,2025-02-12 12:00:00+00:00,89615
1722424958,Get Busy,Sean Paul,Beach Party 2024 - Top Hits,Reggae,,,2002-11-12 12:00:00+00:00,211666
1737023123,I Love You So,The Walters,Top Hits 2024,Rock,,,2014-11-28 12:00:00+00:00,160240
1740535433,B.O.T.A. (Baddest of Them All) [Edit],Eliza Rose & Interplanetary Criminal,Eletrônico Top Hits 2024,Dance,,,2022-08-12 12:00:00+00:00,226627
1737023138,Yellow,Coldplay,Top Hits 2024,Alternative,,,2000-06-26 12:00:00+00:00,266773
1748076317,Sarah's Place (feat. Noah Kahan),Zach Bryan,Top Hits 2024,Country,,,2023-09-21 12:00:00+00:00,214056
1737027301,Don’t Stop Believin’,Teddy Swims,Top Hits 2024,Pop,,,2005-09-21 12:00:00+00:00,248436
1737023144,Perfect,Ed Sheeran,Top Hits 2024,Pop,,,2017-03-03 12:00:00+00:00,263400
1737023423,Don’t Start Now,Dua Lipa,Top Hits 2024,Pop,,,2019-10-31 12:00:00+00:00,183290
1757648298,"Song While You're Away (From ""Twisters: The Album"")",Tyler Childers,Country Top Hits 2024,Country,,,2024-06-24 12:00:00+00:00,300800
1757652184,Just like Johnny,Redferrin,Country Top Hits 2024,Country,,,2024-02-16 12:00:00+00:00,199392
1757650189,Straight and Narrow,Sam Barber,Country Top Hits 2024,Country,,,2022-07-29 12:00:00+00:00,199875
1757648271,Bigger Houses,Dan + Shay,Country Top Hits 2024,Country,,,2023-07-14 12:00:00+00:00,197067
1737023732,Bed on Fire (feat. Ingrid Andress),Teddy Swims,Top Hits 2024,Pop,,,2021-09-17 12:00:00+00:00,228507
1737023722,Riptide,Vance Joy,Top Hits 2024,Alternative,,,2013-03-22 12:00:00+00:00,204280
1750537230,Replay,Iyaz,SOMMER HITS - 2024 - Top Hits,Pop,,,2009-01-01 12:00:00+00:00,182307
1778036860,My Oh My,Ava Max,Top Hits 2024 - Melhores Internacionais,Pop,,,2024-04-04 12:00:00+00:00,156155
1737025485,That’s What I Like,Bruno Mars,Top Hits 2024,Pop,,,2016-11-18 12:00:00+00:00,205080
1757649062,Jack and Diet Coke,Redferrin,Country Top Hits 2024,Country,,,2024-01-19 12:00:00+00:00,193400
1737024903,Just the Way You Are,Bruno Mars,Top Hits 2024,Pop,,,2010-07-20 12:00:00+00:00,220733
1737024228,Only in My Mind,Kenya Grace,Top Hits 2024,Dance,,,2023-08-24 12:00:00+00:00,161138
1757649877,Just to Say We Did,Kenny Chesney,Country Top Hits 2024,Country,,,2024-02-02 12:00:00+00:00,155573
1737024231,Rock It,Ofenbach,Top Hits 2024,Electronic,,,2016-04-29 12:00:00+00:00,146127
1748076318,Lose Control,Teddy Swims,Top Hits 2024,Pop,,,2023-06-23 12:00:00+00:00,210689
1737024505,Photograph,Ed Sheeran,Top Hits 2024,Pop,,,2014-06-20 12:00:00+00:00,258987
1757649071,Carry You Home,Alex Warren,Country Top Hits 2024,Pop,,,2024-05-31 12:00:00+00:00,166881
1737023425,Vois sur ton chemin (Techno Mix),BENNETT,Top Hits 2024,Dance,,,2023-08-04 12:00:00+00:00,178156
1748077246,I Remember Everything (feat. Kacey Musgraves),Zach Bryan,Top Hits 2024,Country,,,2023-01-27 12:00:00+00:00,227196
1746029910,Pocpoc,PEDRO SAMPAIO,Top Hits 2024,Brazilian,,,2023-11-23 12:00:00+00:00,127385
1763183752,Apple,Charli xcx,"TOP HITS 2024, Vol. 2",Electronic,,,2024-06-07 12:00:00+00:00,151740
1737024521,Physical (feat. HWASA),Dua Lipa,Top Hits 2024,Pop,,,2020-03-18 12:00:00+00:00,193697
1737024915,Be the One,Dua Lipa,Top Hits 2024,Pop,,,2015-10-29 12:00:00+00:00,202915
1763183755,Beautiful Things,Benson Boone,"TOP HITS 2024, Vol. 2",Pop,,,2024-01-18 12:00:00+00:00,180304
1737024513,Paris,Kenya Grace,Top Hits 2024,Dance,,,2023-11-30 12:00:00+00:00,180527
1757650213,Growin’ Up Raising You,Gabby Barrett,Country Top Hits 2024,Country,,,2023-11-10 12:00:00+00:00,195827
1737025459,Experimento,Myke Towers,Top Hits 2024,Latin,,,2022-10-28 12:00:00+00:00,222728
1778036599,ALL MY LOVE,Coldplay,Top Hits 2024 - Melhores Internacionais,Alternative,,,2024-10-04 12:00:00+00:00,222648
1746029915,Beautiful Things,Benson Boone,Top Hits 2024,Pop,,,2024-01-18 12:00:00+00:00,180304
1763183757,Lose Control,Teddy Swims,"TOP HITS 2024, Vol. 2",Pop,,,2023-06-23 12:00:00+00:00,210689
1737025793,Sparks,Coldplay,Top Hits 2024,Rock,,,2000-07-10 12:00:00+00:00,227093
1737025884,No Idea,Don Toliver,Top Hits 2024,Hip-Hop/Rap,,,2021-02-10 12:00:00+00:00,154424
1757650594,Pretty Little Devil,Shaya Zamora,Country Top Hits 2024,Alternative,,,2024-04-19 12:00:00+00:00,167691
1737026602,Shape of You,Ed Sheeran,Top Hits 2024,Pop,,,2017-01-06 12:00:00+00:00,233713
1763183771,I Remember Everything (feat. Kacey Musgraves),Zach Bryan,"TOP HITS 2024, Vol. 2",Country,,,2023-01-27 12:00:00+00:00,227196
1737025906,Titanium (feat. Sia),David Guetta,Top Hits 2024,Electronic,,,2011-08-08 12:00:00+00:00,245040
1757649050,Darlin',Chase Matthew,Country Top Hits 2024,Country,,,2024-02-02 12:00:00+00:00,165000
1778037207,feelslikeimfallinginlove,Coldplay,Top Hits 2024 - Melhores Internacionais,Alternative,,,2024-05-03 12:00:00+00:00,237803
1763183761,Strangers,Kenya Grace,"TOP HITS 2024, Vol. 2",Dance,,,2023-09-01 12:00:00+00:00,172965
1269286851,Dile Que Tú Me Quieres,Ozuna,Odisea,Urbano latino,1.29,7.99,2017-08-25 12:00:00+00:00,226520
1757650596,Pray All the Way Home,Austin Snell,Country Top Hits 2024,Country,,,2023-01-30 12:00:00+00:00,144173
1763183762,Scared to Start,Michael Marcagi,"TOP HITS 2024, Vol. 2",Alternative,,,2024-01-12 12:00:00+00:00,159636
1737025897,Clarity,Vance Joy,Top Hits 2024,Alternative,,,2022-04-06 12:00:00+00:00,227240
1728077717,I Never Lie,Zach Top,Cold Beer & Country Music,Traditional Country,1.29,11.99,2024-04-05 12:00:00+00:00,224907
1757648289,Devil You Know,Tyler Braden,Country Top Hits 2024,Country,,,2024-02-02 12:00:00+00:00,192693
535061890,2024,Cage the Elephant,Thank You Happy Birthday,Alternative,1.29,9.99,2011-01-11 12:00:00+00:00,190333
1641389262,Romantic Homicide,d4vd,Romantic Homicide - Single,Alternative,1.29,1.29,2022-07-20 12:00:00+00:00,132631
1737026407,I’m Yours,Jason Mraz,Top Hits 2024,Pop,,,2008-02-12 12:00:00+00:00,242040
1737025816,Million Little Problems,The Walters,Top Hits 2024,Alternative,,,2022-04-14 12:00:00+00:00,147373
1714640190,Until I found you,VIOLIN COVERS,Top Hits 2023,Pop,0.99,9.99,2023-11-11 12:00:00+00:00,184458
1714640193,This I promise you,VIOLIN COVERS,Top Hits 2023,Pop,0.99,9.99,2023-11-11 12:00:00+00:00,225320
1714640192,Greedy,VIOLIN COVERS,Top Hits 2023,Pop,0.99,9.99,2023-11-11 12:00:00+00:00,139331
1714640187,Used To Be Young,VIOLIN COVERS,Top Hits 2023,Pop,0.99,9.99,2023-11-11 12:00:00+00:00,194516
1714640181,3D,VIOLIN COVERS,Top Hits 2023,Pop,0.99,9.99,2023-11-11 12:00:00+00:00,198780
1714640185,Children of the Sky,VIOLIN COVERS,Top Hits 2023,Pop,0.99,9.99,2023-11-11 12:00:00+00:00,195090
1714640189,Runaway,VIOLIN COVERS,Top Hits 2023,Pop,0.99,9.99,2023-11-11 12:00:00+00:00,150795
1714640183,Crush,VIOLIN COVERS,Top Hits 2023,Pop,0.99,9.99,2023-11-11 12:00:00+00:00,180432
1714640194,Got Me Started,VIOLIN COVERS,Top Hits 2023,Pop,0.99,9.99,2023-11-11 12:00:00+00:00,199658
1714640186,Padam Padam,VIOLIN COVERS,Top Hits 2023,Pop,0.99,9.99,2023-11-11 12:00:00+00:00,167559
1714640182,Car Keys,VIOLIN COVERS,Top Hits 2023,Pop,0.99,9.99,2023-11-11 12:00:00+00:00,151915
1714640184,Desire,VIOLIN COVERS,Top Hits 2023,Pop,0.99,9.99,2023-11-11 12:00:00+00:00,182967
1714640191,Single Soon,VIOLIN COVERS,Top Hits 2023,Pop,0.99,9.99,2023-11-11 12:00:00+00:00,173952
1728311373,Hits 2023 (Mashup),Trinix Remix,Hits 2023 (Mashup) - Single,Pop,1.29,1.29,2024-02-05 12:00:00+00:00,128879
1697335814,My Love Mine All Mine,Mitski,The Land Is Inhospitable and So Are We,Alternative,1.29,9.99,2023-09-15 12:00:00+00:00,137773
1461912470,11:00 PM,Maluma,11:11,Urbano latino,1.29,9.99,2019-05-17 12:00:00+00:00,175733
1664222496,Fin de Semana,Óscar Maydon & Junior H,Fin de Semana - Single,Música Mexicana,1.29,1.29,2023-01-13 12:00:00+00:00,224921
1609137778,MAMIII,Becky G & KAROL G,MAMIII - Single,Latin,1.29,1.29,2022-04-20 12:00:00+00:00,226088
1658411881,Que Vuelvas,Carín León & Grupo Frontera,Que Vuelvas - Single,Música Mexicana,1.29,1.29,2022-12-09 12:00:00+00:00,169419
1646547919,Here With Me,d4vd,Here With Me - Single,Alternative,,,2022-07-17 07:00:00+00:00,242485
1665312291,Moonlight,Kali Uchis,Red Moon In Venus,R&B/Soul,1.29,9.99,2023-03-03 12:00:00+00:00,187723
1605189373,Gangsta's Paradise (feat. L.V.) [2023 Remaster],Coolio,Gangsta's Paradise (Deluxe Edition),Hip-Hop/Rap,1.29,11.99,1995-08-08 12:00:00+00:00,241013
1631579019,Nonsense,Sabrina Carpenter,emails i can't send,Pop,1.29,9.99,2022-07-15 12:00:00+00:00,163648
945568998,Dani California,Red Hot Chili Peppers,Stadium Arcadium,Alternative,1.29,14.99,2006-04-03 07:00:00+00:00,282225
1702576701,Lil Boo Thang,Paul Russell,Lil Boo Thang - Single,Pop,1.29,1.29,2023-08-18 12:00:00+00:00,114234
1621221910,In The Stars,Benson Boone,In The Stars - Single,Pop,1.29,1.29,2022-04-29 12:00:00+00:00,216410
1624563284,La Bachata,Manuel Turizo,La Bachata - Single,Urbano latino,1.29,1.29,2022-05-26 12:00:00+00:00,162638
1632746802,"Quevedo: Bzrp Music Sessions, Vol. 52/66",Bizarrap & Quevedo,"Quevedo: Bzrp Music Sessions, Vol. 52/66 - Single",Hip-Hop/Rap,0.99,0.99,2022-07-06 12:00:00+00:00,198938
1528029632,Hawái,Maluma,Papi Juancho,Urbano latino,1.29,12.99,2020-07-24 12:00:00+00:00,199112
1612321591,Bones,Imagine Dragons,Bones - Single,Alternative,1.29,1.29,2021-03-11 12:00:00+00:00,165265
974485474,Stressed Out,twenty one pilots,Blurryface,Alternative,1.29,9.99,2015-04-28 07:00:00+00:00,202335
1720809853,Wanderer,Minato,Top Hits 2023,Hip-Hop/Rap,1.29,8.99,2023-11-01 12:00:00+00:00,177842
1676343411,BESO,ROSALÍA & Rauw Alejandro,RR - Single,Pop Latino,1.29,2.99,2023-03-24 12:00:00+00:00,194543
1269286798,Se Preparó,Ozuna,Odisea,Urbano latino,1.29,7.99,2017-08-25 12:00:00+00:00,188080
188261029,"Whenever, Wherever",Shakira,Laundry Service,Pop Latino,1.29,9.99,2001-08-27 07:00:00+00:00,196160
1614063459,Calm Down,Rema,Rave & Roses,Afrobeats,1.29,9.99,2022-02-11 08:00:00+00:00,219669
1642898573,Rush,Ayra Starr,19 & Dangerous (Deluxe),Afrobeats,0.99,11.99,2022-09-16 07:00:00+00:00,185093
1658390607,People,Libianca,People - Single,Afro-Beat,1.29,1.29,2022-12-06 12:00:00+00:00,184791
1122782281,Sparks,Coldplay,Parachutes,Alternative,1.29,9.99,2000-07-10 07:00:00+00:00,227094
1541731262,telepatía,Kali Uchis,Sin Miedo (del Amor y Otros Demonios) ∞,Latin,1.29,9.99,2020-11-18 08:00:00+00:00,160191
1704393613,Strangers,Kenya Grace,Strangers - Single,Dance,1.29,1.29,2023-09-01 12:00:00+00:00,172965
203709191,Glory Days,Bruce Springsteen,Born In the U.S.A.,Rock,1.29,9.99,1984-06-04 07:00:00+00:00,258310
726124491,Me Gustas Tú,Manu Chao,Próxima Estación: Esperanza,Worldwide,1.29,7.99,2001-05-14 12:00:00+00:00,239987
1440812153,Start Me Up,The Rolling Stones,Tattoo You,Rock,1.29,9.99,1981-08-14 07:00:00+00:00,213067
1670245869,TUS GAFITAS,KAROL G,MAÑANA SERÁ BONITO,Urbano latino,1.29,9.99,2023-02-24 12:00:00+00:00,168127
997914096,Space Song,Beach House,Depression Cherry,Alternative,1.29,8.99,2015-08-28 07:00:00+00:00,320467
1628125458,KU LO SA - A COLORS SHOW,Oxlade,KU LO SA - A COLORS SHOW - Single,Afrobeats,1.29,1.29,2022-06-09 12:00:00+00:00,147581
1468166328,Panini,Lil Nas X,7,Pop,1.29,6.99,2019-06-20 07:00:00+00:00,114893
289076747,Breakeven (Falling to Pieces),The Script,The Script (Deluxe),Pop,1.29,9.99,2008-08-08 07:00:00+00:00,261427
190849540,Jenny from the Block (feat. Jadakiss & Styles P) [Track Masters Remix],Jennifer Lopez,This Is Me...Then,Pop,1.29,9.99,2002-09-26 07:00:00+00:00,187840
1440862803,Counting Stars,OneRepublic,Native,Pop,1.29,10.99,2013-06-14 12:00:00+00:00,257286
1440880492,Now or Never,Halsey,hopeless fountain kingdom (Deluxe),Alternative,1.29,11.99,2017-04-04 12:00:00+00:00,214802
1670245863,MIENTRAS ME CURO DEL CORA,KAROL G,MAÑANA SERÁ BONITO,Urbano latino,1.29,9.99,2023-02-24 12:00:00+00:00,164256
1641737869,GATÚBELA,KAROL G & Maldy,GATÚBELA - Single,Urbano latino,1.29,1.29,2022-08-25 12:00:00+00:00,208749
593148438,Ain't It Fun,Paramore,Paramore,Alternative,1.29,9.99,2013-04-05 07:00:00+00:00,296508
1685962458,Workout Motivation (feat. DJ EDM Workout),Dj Vibes EDM,"Top Hits 2023: Workout Music Source, Get in Shape, Deep Beat",Ambient,0.99,4.99,2023-04-25 12:00:00+00:00,187200
1579362483,Está Dañada,Ivan Cornejo,Alma Vacía,Música Mexicana,0.99,6.93,2021-08-20 12:00:00+00:00,214149
1122776156,Clocks,Coldplay,A Rush of Blood to the Head,Alternative,1.29,9.99,2002-08-26 07:00:00+00:00,306906
1690840106,Mine (Taylor's Version),Taylor Swift,Speak Now (Taylor's Version),Pop,1.29,13.99,2023-07-07 12:00:00+00:00,231707
1368816792,Mi Gente,J Balvin & Willy William,Vibras,Urbano latino,1.29,9.99,2017-06-29 12:00:00+00:00,185054
1685962469,I Can Do This (feat. DJ EDM Workout),Dj Beats EDM,"Top Hits 2023: Workout Music Source, Get in Shape, Deep Beat",Ambient,0.99,4.99,2023-04-25 12:00:00+00:00,301538
635791802,Take It Easy,Eagles,Eagles,Rock,1.29,9.99,1972-05-01 07:00:00+00:00,211579
1228742334,New Rules,Dua Lipa,Dua Lipa (Deluxe),Pop,1.29,11.99,2017-07-07 12:00:00+00:00,209320
948438478,Can't Stop,Red Hot Chili Peppers,By the Way (Deluxe Edition),Alternative,1.29,12.99,2002-07-09 07:00:00+00:00,268370
1207120538,Paris,The Chainsmokers,Memories...Do Not Open,Dance,1.29,9.99,2017-01-13 08:00:00+00:00,221509
1576395046,Where Are You Now,Lost Frequencies & Calum Scott,Where Are You Now - Single,Dance,1.29,1.29,2021-08-18 12:00:00+00:00,148197
586705159,All Summer Long,Kid Rock,Rock N Roll Jesus,Hard Rock,1.29,10.99,2007-10-09 07:00:00+00:00,296970
1445834051,Closer,Ne-Yo,Year of the Gentleman (Deluxe Edition),R&B/Soul,1.29,11.99,2008-04-15 07:00:00+00:00,234360
1685962459,New Year’s Resolution (feat. DJ EDM Workout),Dj Beats EDM,"Top Hits 2023: Workout Music Source, Get in Shape, Deep Beat",Ambient,0.99,4.99,2023-04-25 12:00:00+00:00,326667
982388023,Want to Want Me,Jason Derulo,Everything Is 4,Pop,1.29,9.99,2015-03-09 07:00:00+00:00,207719
1622045948,Neverita,Bad Bunny,Un Verano Sin Ti,Latin,1.29,9.99,2022-05-06 12:00:00+00:00,173119
1500491200,Azul,J Balvin,Colores,Urbano latino,1.29,9.99,2020-03-19 12:00:00+00:00,205924
290303018,Use Somebody,Kings of Leon,Only By the Night,Alternative,1.29,9.99,2008-09-19 07:00:00+00:00,230714
1107743951,From the Ground Up,Dan + Shay,Obsessed,Country,1.29,9.99,2016-02-05 08:00:00+00:00,255680
193085066,Careless Whisper,George Michael,Make It Big,Pop,1.29,7.99,1984-07-01 07:00:00+00:00,392267
267537169,Iris,The Goo Goo Dolls,"Greatest Hits, Vol. One: The Singles",Rock,1.29,12.99,1998-03-31 08:00:00+00:00,289907
1867153031,NASA,ATEEZ,GOLDEN HOUR : Part.4 - EP,K-Pop,1.29,4.99,,190868
169004756,Separate Ways (Worlds Apart) [2024 Remaster],Journey,Greatest Hits (2024 Remaster),Rock,1.29,10.99,1983-01-05 08:00:00+00:00,326230
71580629,A Country Boy Can Survive,"Hank Williams, Jr.","Hank Williams, Jr.'s Greatest Hits, Vol. 1",Country,0.69,9.99,1981-08-01 07:00:00+00:00,255000
318675502,Break My Stride,Matthew Wilder,80's Pop Hits,Pop,1.29,19.99,1983-07-01 07:00:00+00:00,180200
1440823110,Don't Dream It's Over,Crowded House,Crowded House,Rock,1.29,9.99,1986-08-01 12:00:00+00:00,239261
322291107,80 S,Allison,Allison,Pop Latino,1.29,11.99,2006-04-25 12:00:00+00:00,175310
1125881235,80s,Berhana,Berhana - EP,R&B/Soul,1.29,5.99,2016-07-21 12:00:00+00:00,166892
574050495,Hells Bells,AC/DC,Back In Black,Hard Rock,1.29,9.99,1980-07-25 07:00:00+00:00,312815
1274680709,80s,Berhana,Berhana - EP,R&B/Soul,1.29,5.99,2016-07-21 12:00:00+00:00,166892
1214434092,80s Mercedes,Maren Morris,Hero (Deluxe Edition),Country,1.29,10.99,2016-06-03 07:00:00+00:00,211767
387194076,"Take My Breath Away (Love Theme from ""Top Gun"")",Berlin,Top Gun (Original Motion Picture Soundtrack) [Special Expanded Edition],Soundtrack,1.29,9.99,1986-05-13 07:00:00+00:00,255733
202271971,Go Your Own Way,Fleetwood Mac,Greatest Hits,Rock,1.29,11.99,1977-02-04 08:00:00+00:00,218400
387193955,Danger Zone,Kenny Loggins,Top Gun (Original Motion Picture Soundtrack) [Special Expanded Edition],Soundtrack,1.29,9.99,1986-05-13 07:00:00+00:00,216133
392429593,Take On Me,a-ha,25 (Deluxe Version),Pop,1.29,24.99,1985-06-01 07:00:00+00:00,229013
1440786241,Jack & Diane,John Cougar,American Fool (Bonus Track) [2005 Remaster],Rock,1.29,9.99,1982-04-12 08:00:00+00:00,254493
1440888252,Old Time Rock & Roll,Bob Seger & The Silver Bullet Band,Stranger In Town,Rock,1.29,9.99,1978-05-05 12:00:00+00:00,194147
1440843361,The Joker,Steve Miller Band,Greatest Hits 1974-78,Rock,1.29,9.99,1973-09-01 12:00:00+00:00,217800
193084947,Wake Me Up Before You Go-Go,Wham!,Make It Big,Pop,1.29,7.99,1984-05-01 07:00:00+00:00,231333
716231650,Call Me,Blondie,Call Me - EP,Disco,1.29,4.99,1980-02-01 08:00:00+00:00,212227
1469579721,Mary Jane's Last Dance,Tom Petty & The Heartbreakers,Greatest Hits,Rock,1.29,9.99,1993-11-16 12:00:00+00:00,272202
1248795598,80s,Locomondo,80s - Single,Reggae,,,2017-06-17 12:00:00+00:00,292858
1440831121,Here Without You,3 Doors Down,The Greatest Hits,Rock,1.29,9.99,2002-11-12 12:00:00+00:00,235638
1660435144,80's Hits - Santa Style,Eclipse 6,80's Hits - Santa Style - Single,Holiday,0.99,0.99,2022-12-12 12:00:00+00:00,313835
523229275,Let's Groove,"Earth, Wind & Fire",Raise!,R&B/Soul,1.29,7.99,1981-09-01 07:00:00+00:00,339018
728255310,Kokomo,The Beach Boys,Greatest Hits,Rock,,10.99,1988-07-18 07:00:00+00:00,215617
395918958,Faith,George Michael,Faith (2010 Remastered),Pop,1.29,9.99,1987-10-30 08:00:00+00:00,193200
251128564,Don't Close Your Eyes,Keith Whitley,16 Biggest Hits: Keith Whitley,Country,1.29,9.99,1988-05-31 07:00:00+00:00,253067
1377826748,Paradise City,Guns N' Roses,Appetite for Destruction,Rock,1.29,27.99,1987-07-21 07:00:00+00:00,405605
1761230752,The Boys Of Summer (Remastered 2024),Don Henley,Building The Perfect Beast (Remastered 2024),Rock,1.29,9.99,1984-11-19 12:00:00+00:00,289880
1444118647,All the Small Things,blink-182,Enema of the State,Rock,1.29,9.99,1999-06-01 07:00:00+00:00,168165
1440868258,Island In the Sun,Weezer,Weezer (Green Album),Rock,1.29,9.99,2002-05-14 12:00:00+00:00,200307
1671603483,80's,FouKi,Zayon,Hip-Hop/Rap,1.29,13.99,2023-01-27 12:00:00+00:00,201410
580708280,Immigrant Song,Led Zeppelin,Led Zeppelin III (Remastered),Rock,1.29,9.99,1970-10-05 07:00:00+00:00,146250
1728071582,Sharp Dressed Man,ZZ Top,Eliminator,Rock,1.29,9.99,1983-03-23 12:00:00+00:00,258027
1377813701,Sweet Child O' Mine,Guns N' Roses,Appetite For Destruction,Rock,1.29,10.99,1987-07-21 12:00:00+00:00,356067
169003481,Wheel In the Sky (2024 Remaster),Journey,Greatest Hits (2024 Remaster),Rock,1.29,10.99,1978-01-20 08:00:00+00:00,254717
1452842547,Tainted Love,Soft Cell,Non Stop Erotic Cabaret (Deluxe Edition),Pop,1.29,17.99,1981-11-27 08:00:00+00:00,153880
580708180,Stairway to Heaven,Led Zeppelin,Led Zeppelin IV (Remastered),Rock,1.29,9.99,1971-11-08 08:00:00+00:00,482830
1440955834,Bad Moon Rising,Creedence Clearwater Revival,Chronicle: The 20 Greatest Hits,Rock,1.29,11.99,1969-04-01 12:00:00+00:00,140257
219393906,Edge of Seventeen,Stevie Nicks,Crystal Visions... The Very Best of Stevie Nicks (Bonus Version),Rock,1.29,12.99,1981-07-27 07:00:00+00:00,329680
693610779,Hungry Like the Wolf,Duran Duran,Rio (Collectors Edition),New Wave,1.29,14.99,1982-05-10 07:00:00+00:00,220627
1790170198,80's,Harnoor,80's - Single,Pop,1.29,1.29,2025-01-29 12:00:00+00:00,153249
400603695,Time After Time,Cyndi Lauper,She's So Unusual,Pop,1.29,8.99,1983-10-14 07:00:00+00:00,245530
1443124564,Sunglasses at Night,Corey Hart,First Offense,Pop,1.29,7.99,1984-01-01 12:00:00+00:00,320000
308899539,Der Kommissar,After the Fire,Radio Hits of the 80s,Pop,1.29,9.99,2006-07-18 12:00:00+00:00,337187
1500642840,Gimme Shelter (Remastered 2019),The Rolling Stones,Let It Bleed (Remastered 2019),Rock,1.29,8.99,1969-11-28 08:00:00+00:00,270549
158618562,It's Still Rock and Roll to Me,Billy Joel,Glass Houses,Rock,1.29,9.99,1980-03-12 08:00:00+00:00,177598
685585942,Rock the Casbah,The Clash,Combat Rock,Punk,1.29,9.99,1982-05-14 07:00:00+00:00,222438
1440904267,Pour Some Sugar On Me,Def Leppard,Hysteria,Hard Rock,,9.99,1987-08-03 12:00:00+00:00,267202
1440912996,I Guess That's Why They Call It the Blues,Elton John,Too Low For Zero (Bonus Track Version),Pop,1.29,9.99,1983-04-01 12:00:00+00:00,285333
187454421,Drive,Incubus,Make Yourself,Rock,1.29,9.99,1999-10-26 07:00:00+00:00,232428
1425261763,Rock You Like a Hurricane,Scorpions,Love at First Sting,Hard Rock,1.29,9.99,1984-02-09 12:00:00+00:00,252493
716691562,Ice Ice Baby,Vanilla Ice,To the Extreme,Hip-Hop/Rap,0.99,9.99,1990-07-02 07:00:00+00:00,271467
258611797,Jessie's Girl,Rick Springfield,The Best of Rick Springfield,Hard Rock,1.29,9.99,1981-02-24 08:00:00+00:00,192867
217749916,I Can't Go for That (No Can Do),Daryl Hall & John Oates,Private Eyes (Expanded Edition),Rock,1.29,9.99,1981-09-01 07:00:00+00:00,307307
203708455,Born In the U.S.A.,Bruce Springsteen,Born In the U.S.A.,Rock,1.29,9.99,1984-06-04 07:00:00+00:00,279784
265611986,For What It's Worth,Buffalo Springfield,Buffalo Springfield,Rock,1.29,9.99,1966-12-05 08:00:00+00:00,153693
579149037,Fade to Black,Metallica,Ride the Lightning (Remastered) [2016 Remastered Version],Metal,1.29,9.99,1984-07-27 07:00:00+00:00,417227
725786574,Alone,Heart,Greatest Hits 1985-1995,Hard Rock,1.29,9.99,1987-05-16 07:00:00+00:00,219293
1728071499,Gimme All Your Lovin',ZZ Top,Eliminator,Rock,1.29,9.99,1983-03-23 12:00:00+00:00,243853
187488205,Girls Just Want to Have Fun,Cyndi Lauper,The Essential Cyndi Lauper,Pop,1.29,10.99,1983-09-06 07:00:00+00:00,235467
1524586058,80's,prettyboyshav,Too Pretty For Sunshine,Pop,0.99,6.93,2020-07-29 12:00:00+00:00,187304
209695192,"Mama, I'm Coming Home",Ozzy Osbourne,No More Tears (Bonus Track Version),Hard Rock,1.29,9.99,1991-09-17 07:00:00+00:00,251870
135132767,Harvest Moon,Neil Young,Greatest Hits,Rock,1.29,11.99,1992-10-27 08:00:00+00:00,303213
307031223,Diggin' Up Bones,Randy Travis,I Told You So: The Ultimate Hits of Randy Travis,Country,1.29,17.99,1986-06-06 07:00:00+00:00,178973
196480329,The Final Countdown,Europe,The Final Countdown (Expanded Edition),Hard Rock,1.29,9.99,1986-02-14 08:00:00+00:00,310333
332683295,Life's Been Good,Joe Walsh,"But Seriously, Folks...",Rock,1.29,9.99,1978-05-16 07:00:00+00:00,536165
1634770446,Africa,Lullaby Rock!,Lullaby Versions of 80s Hits (Volume 2),Lullabies,0.99,9.99,2022-08-12 12:00:00+00:00,244463
284531789,I Want to Know What Love Is,Foreigner,No End In Sight: The Very Best of Foreigner (Remastered),Rock,1.29,17.99,1984-11-13 08:00:00+00:00,301107
948446133,Otherside,Red Hot Chili Peppers,Californication (Deluxe Edition),Alternative,1.29,12.99,1999-06-08 07:00:00+00:00,255951
1196728221,Everywhere (2017 Remaster),Fleetwood Mac,Tango in the Night (2017 Remaster) [Deluxe Edition],Pop,1.29,19.99,1987-04-13 12:00:00+00:00,226667
266611666,Ain't Nobody,Chaka Khan,"Epiphany: The Best of Chaka Khan, Vol. 1",R&B/Soul,1.29,9.99,1983-08-10 07:00:00+00:00,280853
68876131,Grandpa (Tell Me 'Bout the Good Old Days),The Judds,Number One Hits,Country,1.29,11.99,1985-10-30 08:00:00+00:00,254640
158619054,We Didn't Start the Fire,Billy Joel,Storm Front,Rock,1.29,9.99,1989-09-27 07:00:00+00:00,291100
200304009,Take Me Home Tonight,Eddie Money,The Best of Eddie Money,Rock,1.29,9.99,1986-10-01 07:00:00+00:00,211467
186352862,I Want You to Want Me (Live),Cheap Trick,Authorized Greatest Hits,Rock,1.29,10.99,1978-10-08 07:00:00+00:00,224093
203304621,Butterfly,Crazy Town,The Gift of Game,Rock,1.29,9.99,1999-01-01 12:00:00+00:00,216733
200007628,Manic Monday,The Bangles,Greatest Hits,Rock,1.29,9.99,1986-01-27 08:00:00+00:00,184893
580708477,Ramble On,Led Zeppelin,Led Zeppelin II (Remastered),Hard Rock,1.29,9.99,1969-10-22 07:00:00+00:00,274010
201281527,Like a Rolling Stone,Bob Dylan,Highway 61 Revisited,Rock,1.29,8.99,1965-07-20 07:00:00+00:00,371714
200008030,Walk Like an Egyptian,The Bangles,Greatest Hits,Rock,1.29,9.99,1985-01-01 08:00:00+00:00,203213
948460560,Under the Bridge,Red Hot Chili Peppers,Blood Sugar Sex Magik (Deluxe Edition),Alternative,1.29,12.99,1991-09-24 07:00:00+00:00,264206
385550946,Keep On Loving You,REO Speedwagon,The Hits,Rock,1.29,10.99,1980-11-04 08:00:00+00:00,201107
1196728362,Little Lies (2017 Remaster),Fleetwood Mac,Tango in the Night (2017 Remaster) [Deluxe Edition],Pop,1.29,19.99,1987-04-01 12:00:00+00:00,221067
357653191,All Along the Watchtower,The Jimi Hendrix Experience,Electric Ladyland,Rock,1.29,9.99,1968-09-16 07:00:00+00:00,240800
1223063396,3Am,Matchbox Twenty,90s Hits,Pop,1.29,10.99,1996-10-01 12:00:00+00:00,225947
1223063384,I Wanna Sex You Up (Single Mix),Color Me Badd,90s Hits,Pop,1.29,10.99,1991-03-02 12:00:00+00:00,241840
1223063386,My Lovin' (You're Never Gonna Get It),En Vogue,90s Hits,R&B/Soul,1.29,10.99,1992-03-17 12:00:00+00:00,281613
1223063385,Ironic,Alanis Morissette,90s Hits,Pop,1.29,10.99,1995-06-13 12:00:00+00:00,228573
1223063391,Put Your Hands Where My Eyes Could See,Busta Rhymes,90s Hits,Hip-Hop/Rap,1.29,10.99,1997-08-13 12:00:00+00:00,194560
1223062689,The Boy Is Mine,Brandy & Monica,90s Hits,Pop,1.29,10.99,1998-05-04 12:00:00+00:00,294787
1223063395,Semi-Charmed Life (Remastered 2006),Third Eye Blind,90s Hits,Pop,1.29,10.99,1997-04-08 12:00:00+00:00,268640
1223063389,Don't Walk Away,Jade,90s Hits,Dance,1.29,10.99,1992-11-23 12:00:00+00:00,284133
1223063404,Where Have All the Cowboys Gone?,Paula Cole,90s Hits,Pop,1.29,10.99,1996-10-15 12:00:00+00:00,263653
1223063387,One Week,Barenaked Ladies,90s Hits,Pop,1.29,10.99,1998-07-07 12:00:00+00:00,169760
1223063406,I Love You Always Forever,Donna Lewis,90s Hits,Pop,1.29,10.99,1996-04-16 12:00:00+00:00,239960
1223063398,Mysterious Girl (Radio Edit),Peter Andre,90s Hits,Pop,1.29,10.99,1996-11-20 12:00:00+00:00,218733
1720488587,'90s Hits (Santa Style),Eclipse 6,'90s Hits (Santa Style) - Single,Holiday,0.99,0.99,2023-11-29 12:00:00+00:00,337482
1223063390,It's Over Now,112,90s Hits,R&B/Soul,1.29,10.99,2000-01-30 12:00:00+00:00,264933
1223063383,I Know Where Its at (Radio Mix),All Saints,90s Hits,R&B/Soul,1.29,10.99,1997-08-18 12:00:00+00:00,294773
1223063405,I'll Give All My Love to You (Single Version) [Remastered],Keith Sweat,90s Hits,R&B/Soul,1.29,10.99,2004-01-13 12:00:00+00:00,269027
716787314,Sex & Candy,Marcy Playground,Cool '90s Hits,Pop,1.29,9.99,1997-02-25 12:00:00+00:00,172333
716787335,Unbelievable,EMF,Cool '90s Hits,Pop,,9.99,1991-01-01 12:00:00+00:00,209667
716787333,Hold On,Wilson Phillips,Cool '90s Hits,Pop,1.29,9.99,1990-03-24 12:00:00+00:00,262133
1223063407,Ain't No Doubt,Jimmy Nail,90s Hits,Pop,1.29,10.99,1992-06-29 12:00:00+00:00,247800
716787346,Nothing Compares 2 U,Sinéad O'Connor,Cool '90s Hits,Pop,,9.99,1990-03-20 12:00:00+00:00,303533
1778206045,I’ll Be,Edwin McCain,90s Hits Best 90s Music,Pop,,,1997-06-24 12:00:00+00:00,266533
1223063400,Stay,Eternal,90s Hits,R&B/Soul,1.29,10.99,1993-01-01 12:00:00+00:00,237533
1223063401,Sleeping Satellite,Tasmin Archer,90s Hits,Pop,1.29,10.99,1992-10-19 12:00:00+00:00,258933
1223063402,Romantic,Karyn White,90s Hits,Pop,1.29,10.99,1991-08-23 12:00:00+00:00,247160
1223063399,Private Line,Gerald Levert,90s Hits,R&B/Soul,1.29,10.99,1991-10-11 12:00:00+00:00,340933
1223063408,Spaceman,Babylon Zoo,90s Hits,Pop,1.29,10.99,2008-03-31 12:00:00+00:00,242493
1223063403,Naked,Louise,90s Hits,Pop,1.29,10.99,1996-04-15 12:00:00+00:00,215173
1778205170,The Boy Is Mine (Radio Edit),Brandy & Monica,90s Hits Best 90s Music,Contemporary R&B,,,1998-01-01 12:00:00+00:00,240053
716787343,U Can't Touch This,MC Hammer,Cool '90s Hits,Pop,1.29,9.99,1990-01-01 12:00:00+00:00,257800
716787363,I Touch Myself,Divinyls,Cool '90s Hits,Pop,1.29,9.99,1990-11-19 12:00:00+00:00,227773
1559755455,Mysterious Girl,Peter Andre,All 90s Hits,Pop,,,1996-11-20 12:00:00+00:00,216173
1681210374,Two Tickets to Paradise,Eddie Money,"Summer Rewind (70s, 80s, 90s Hits)",Rock,,,1977-12-01 12:00:00+00:00,240419
1778206453,I Wanna Sex You Up (Single Version),Color Me Badd,90s Hits Best 90s Music,Contemporary R&B,,,1991-03-02 12:00:00+00:00,241840
1778204752,Semi-charmed Life (2006 Remaster),Third Eye Blind,90s Hits Best 90s Music,Pop,,,1997-04-08 12:00:00+00:00,268640
1778206040,One Week,Barenaked Ladies,90s Hits Best 90s Music,Pop,,,1998-07-07 12:00:00+00:00,169760
1778204920,Freak Me,Silk,90s Hits Best 90s Music,Contemporary R&B,,,1992-11-17 12:00:00+00:00,274533
716787319,Santa Monica,Everclear,Cool '90s Hits,Pop,1.29,9.99,1995-05-23 12:00:00+00:00,191827
1778206330,Regret,New Order,90s Hits Best 90s Music,Pop,,,1993-04-05 12:00:00+00:00,248973
716787355,All I Wanna Do Is Make Love to You (Remastered),Heart,Cool '90s Hits,Pop,1.29,9.99,2000-01-01 12:00:00+00:00,310440
1778205737,Show Me Love,Robin S.,90s Hits Best 90s Music,Pop,,,1991-01-01 12:00:00+00:00,252107
716787340,Ordinary World (Single Version),Duran Duran,Cool '90s Hits,Pop,,9.99,1981-06-15 12:00:00+00:00,282413
716611725,Some Kind of Wonderful (Remastered),Grand Funk Railroad,Great 70's Hits,Pop,,,1991-02-26 12:00:00+00:00,202760
1691609156,As Long as You Love Me,Backstreet Boys,90s Hits / Top 100 Songs,Pop,,,1997-08-11 12:00:00+00:00,212147
716787337,I'm Gonna Be (500 Miles),The Proclaimers,Cool '90s Hits,Pop,,9.99,1988-01-01 12:00:00+00:00,218293
716787351,Silent Lucidity,Queensrÿche,Cool '90s Hits,Pop,1.29,9.99,2000-01-01 12:00:00+00:00,345800
1451060010,Mysterious Girl (Radio Edit),Peter Andre,Dub Be Good to Me: 90's Hits,Pop,,,1996-11-20 12:00:00+00:00,218733
1691609471,Un-Break My Heart,Toni Braxton,90s Hits / Top 100 Songs,R&B/Soul,,,1996-06-18 12:00:00+00:00,268293
1778205736,This Kiss,Faith Hill,90s Hits Best 90s Music,Country,,,1998-03-03 12:00:00+00:00,194867
1681209858,Baby Hold On,Eddie Money,"Summer Rewind (70s, 80s, 90s Hits)",Rock,,,1977-12-01 12:00:00+00:00,213633
1681210222,Amie (Remastered  January 1992),Pure Prairie League,"Summer Rewind (70s, 80s, 90s Hits)",Rock,,,1972-01-01 12:00:00+00:00,259480
716787376,Tennessee,Arrested Development,Cool '90s Hits,Pop,1.29,9.99,2002-01-01 12:00:00+00:00,272707
1539138897,Plush,Stone Temple Pilots,90's Hits,Rock,1.29,10.99,1992-09-29 12:00:00+00:00,310347
1559755886,This Kiss,Faith Hill,All 90s Hits,Country,,,1998-03-03 12:00:00+00:00,194907
1451059715,The Boy Is Mine (Radio Edit),Brandy & Monica,Dub Be Good to Me: 90's Hits,R&B/Soul,,,1998-01-01 12:00:00+00:00,240053
1691608936,Let's Get Married (feat. Rev Run) [ReMarqable Remix],Jagged Edge,90s Hits / Top 100 Songs,R&B/Soul,,,2000-07-04 12:00:00+00:00,249027
716787379,Cantaloop (Flip Fantasia),Us3,Cool '90s Hits,Pop,1.29,9.99,1993-01-01 12:00:00+00:00,279267
1778205718,Been Caught Stealing,Jane's Addiction,90s Hits Best 90s Music,Rock,,,1990-08-21 12:00:00+00:00,214760
1778205174,The Rhythm of the Night (Rapino Brothers Radio Version),Corona,90s Hits Best 90s Music,Pop,,,1995-04-04 12:00:00+00:00,221400
1778206451,I’ll Stand by You,Pretenders,90s Hits Best 90s Music,Rock,,,1994-04-01 12:00:00+00:00,240547
1691608938,John Deere Green,Joe Diffie,90s Hits / Top 100 Songs,Country,,,1993-04-20 12:00:00+00:00,271960
1718814473,90s,Seyi Vibez,90s - Single,Afrobeats,1.29,1.29,2021-06-15 12:00:00+00:00,180899
1778204750,Beautiful Girl,INXS,90s Hits Best 90s Music,Pop,,,1992-08-03 12:00:00+00:00,207493
1778205617,Walking in Memphis,Marc Cohn,90s Hits Best 90s Music,Pop,,,1991-02-08 12:00:00+00:00,252613
716787309,No Rain,Blind Melon,Cool '90s Hits,Pop,1.29,9.99,1992-09-14 12:00:00+00:00,217107
1691609159,It's All Coming Back to Me Now,Céline Dion,90s Hits / Top 100 Songs,Pop,,,1996-03-08 12:00:00+00:00,456867
586783815,My Heart Will Go On (Jack Sauce Mix),Afro Duck,"90's Hits Euro Dance Remix Classics, Vol. 1",Dance,0.99,14.99,2012-05-04 12:00:00+00:00,229877
716787358,Lady (Radio Edit),D'Angelo,Cool '90s Hits,Pop,1.29,9.99,2004-07-20 12:00:00+00:00,246560
1778206438,Groove Is in the Heart,Deee-Lite,90s Hits Best 90s Music,Pop,,,1990-01-01 12:00:00+00:00,231787
1714804538,Plush,Stone Temple Pilots,90s HITS - 100 Greatest Songs of the 1990s,Rock,,,1992-09-29 12:00:00+00:00,310347
1714803131,Under the Bridge,Red Hot Chili Peppers,90s HITS - 100 Greatest Songs of the 1990s,Alternative,,,1991-09-24 12:00:00+00:00,264307
1691609989,"My Heart Will Go On (Love Theme from ""Titanic"")",Céline Dion,90s Hits / Top 100 Songs,Pop,,,1997-11-14 12:00:00+00:00,281720
1451060011,I Wanna Sex You Up,Color Me Badd,Dub Be Good to Me: 90's Hits,R&B/Soul,,,1991-03-02 12:00:00+00:00,240200
1681209947,Working for the Weekend,Loverboy,"Summer Rewind (70s, 80s, 90s Hits)",Rock,,,1981-10-07 12:00:00+00:00,220747
1714805739,Feel So Good,Mase,90s HITS - 100 Greatest Songs of the 1990s,Hip-Hop/Rap,,,1997-10-14 12:00:00+00:00,204733
1451059733,Groove Is In the Heart,Deee-Lite,Dub Be Good to Me: 90's Hits,Pop,,,1990-01-01 12:00:00+00:00,231787
1778205186,In the Meantime,Spacehog,90s Hits Best 90s Music,Rock,,,1995-10-24 12:00:00+00:00,299507
586783266,Believe (90's Anthems Version),Area 44,"90's Hits Euro Dance Remix Classics, Vol. 1",Dance,0.99,14.99,2012-11-16 12:00:00+00:00,219450
1691607966,Thank You,Dido,90s Hits / Top 100 Songs,Pop,,,1998-04-14 12:00:00+00:00,221693
1714803843,Only Wanna Be with You,Hootie & The Blowfish,90s HITS - 100 Greatest Songs of the 1990s,Rock,,,1994-07-05 12:00:00+00:00,229587
1635858751,Closing Time,Semisonic,90's Hits,Rock,,,1998-03-10 12:00:00+00:00,274160
1203765875,Bellissima (Radio Edit),DJ Quicksilver,Ten Top10 90s Hits,Dance,0.99,6.99,2008-01-01 12:00:00+00:00,194560
1451059711,Freak Like Me,Adina Howard,Dub Be Good to Me: 90's Hits,R&B/Soul,,,1995-01-25 12:00:00+00:00,253613
1778206066,High Enough,Damn Yankees,90s Hits Best 90s Music,Rock,,,1990-03-13 12:00:00+00:00,286026
1681210129,Take Me Home Tonight,Eddie Money,"Summer Rewind (70s, 80s, 90s Hits)",Pop,,,1986-10-01 12:00:00+00:00,214587
1746545764,Right Now,Al B. Sure!,90s Hits R&B,R&B/Soul,,,2003-05-27 12:00:00+00:00,354960
1714803129,Iris,The Goo Goo Dolls,90s HITS - 100 Greatest Songs of the 1990s,Pop,,,1998-03-31 12:00:00+00:00,289907
1635858744,You Get What You Give,New Radicals,90's Hits,Pop,,,1998-11-01 12:00:00+00:00,300034
1714805480,Push,Matchbox Twenty,90s HITS - 100 Greatest Songs of the 1990s,Rock,,,1996-09-03 12:00:00+00:00,238667
1778204761,Always,Erasure,90s Hits Best 90s Music,Pop,,,1994-04-11 12:00:00+00:00,237800
1714802702,Pure Shores,All Saints,90s HITS - 100 Greatest Songs of the 1990s,Pop,,,2000-02-07 12:00:00+00:00,268747
1714804826,3Am,Matchbox Twenty,90s HITS - 100 Greatest Songs of the 1990s,Pop,,,1996-10-01 12:00:00+00:00,225947
1778204762,Pet Sematary (Single Version),Ramones,90s Hits Best 90s Music,Rock,,,1989-03-23 12:00:00+00:00,210333
586783586,It's My Life (Swedish Pop Remix),Ragga Club,"90's Hits Euro Dance Remix Classics, Vol. 1",Dance,0.99,14.99,2008-02-05 12:00:00+00:00,222169
1778205611,"Baby, I Love Your Way",BIG MOUNTAIN,90s Hits Best 90s Music,Reggae,,,1994-05-01 12:00:00+00:00,249520
1714803993,Have I Told You Lately,Rod Stewart,90s HITS - 100 Greatest Songs of the 1990s,Pop,,,1991-03-25 12:00:00+00:00,241507
586783642,Everybody's Free (To Feel Good) [At the Playboy Mansion Mix],Disco Deluxe,"90's Hits Euro Dance Remix Classics, Vol. 1",Dance,0.99,14.99,2009-03-20 12:00:00+00:00,187931
586783263,Children 2012 (Davincii Remix),Dutch South,"90's Hits Euro Dance Remix Classics, Vol. 1",Dance,0.99,14.99,2012-06-22 12:00:00+00:00,208817
1681209663,Peace of Mind,Boston,"Summer Rewind (70s, 80s, 90s Hits)",Rock,,,1976-01-01 12:00:00+00:00,299053
1778003058,Peaches & Cream (feat. Diddy),112,00s Hits - Best 00s Music,Hip-Hop/Rap,,,2004-11-23 12:00:00+00:00,225947
1335648190,When We Stand Together,Nickelback,00s Hits,Rock,,,2011-09-26 12:00:00+00:00,190787
1335647200,Cupid's Chokehold / Breakfast in America,Gym Class Heroes,00s Hits,Alternative,,,2005-03-01 12:00:00+00:00,236066
1335647104,How You Remind Me,Nickelback,00s Hits,Pop,,,2001-08-21 12:00:00+00:00,223747
1335647177,Bad Day,Daniel Powter,00s Hits,Pop,,,2005-06-27 12:00:00+00:00,235160
1335648293,Youth of the Nation,P.O.D.,00s Hits,Rock,,,2001-09-11 12:00:00+00:00,258173
1335648034,Me & U,Cassie,00s Hits,Pop,,,2006-04-25 12:00:00+00:00,192213
1335647257,Follow Me,Uncle Kracker,00s Hits,Country,,,2000-03-07 12:00:00+00:00,215107
1778002738,All Summer Long,Kid Rock,00s Hits - Best 00s Music,Rock,,,2007-10-09 12:00:00+00:00,297587
1335647588,Replay,Iyaz,00s Hits,Pop,,,2009-01-01 12:00:00+00:00,182307
1778004745,Show Me What I’m Looking For,Carolina Liar,00s Hits - Best 00s Music,Pop,,,2008-03-05 12:00:00+00:00,240467
1778003592,Sympathy,The Goo Goo Dolls,00s Hits - Best 00s Music,Rock,,,2002-04-09 12:00:00+00:00,178147
1708261575,Sway,Michael Bublé,Love Is Gone 00s Hits,Pop,,,2003-02-11 12:00:00+00:00,188067
1688609419,The Best Day,George Strait,BEST ROAD TRIP COUNTRY 90-00'S HITS,Country,,,2000-01-03 12:00:00+00:00,204067
1567209927,How Far We've Come,Matchbox Twenty,Anywhere Pop - 00's Hits,Pop,,,2007-09-04 12:00:00+00:00,211107
1335648273,I Believe in a Thing Called Love,The Darkness,00s Hits,Rock,,,2003-07-07 12:00:00+00:00,217653
1778002731,How You Remind Me,Nickelback,00s Hits - Best 00s Music,Rock,,,2001-08-21 12:00:00+00:00,223747
1335647569,Hands Clean,Alanis Morissette,00s Hits,Rock,,,2002-01-08 12:00:00+00:00,269400
1335647578,Can't Get You Out of My Head,Kylie Minogue,00s Hits,Pop,,,2001-09-08 12:00:00+00:00,231480
1335647580,Pure Shores,All Saints,00s Hits,Pop,,,2000-02-07 12:00:00+00:00,268747
1778003049,The Only Exception,Paramore,00s Hits - Best 00s Music,Alternative,,,2009-09-29 12:00:00+00:00,267653
1786559835,I Write Sins Not Tragedies,Panic! At the Disco,US 00's Hits,Rock,,,2005-09-27 12:00:00+00:00,187613
1778004225,Can’t Help but Wait,Trey Songz,00s Hits - Best 00s Music,Contemporary R&B,,,2007-08-06 12:00:00+00:00,206413
1335648300,La Da Dee,Cody Simpson,00s Hits,Pop,,,2013-07-12 12:00:00+00:00,196787
1335648294,Cobrastyle (feat. Mad Cobra),Teddybears,00s Hits,Rock,,,2004-01-01 12:00:00+00:00,180173
1335647575,We'll Be Alright,Travie McCoy,00s Hits,Pop,,,2010-05-11 12:00:00+00:00,197360
1778003032,Full Moon,Brandy,00s Hits - Best 00s Music,Contemporary R&B,,,2002-03-05 12:00:00+00:00,233227
1800468426,How You Remind Me,Nickelback,00s Hits - 100 Top Songs,Rock,,,2001-08-21 12:00:00+00:00,223747
1335649262,Tempted to Touch,Rupee,00s Hits,Reggae,,,2004-07-27 12:00:00+00:00,243133
1778002621,Feeling Good,Michael Bublé,00s Hits - Best 00s Music,Pop,,,2005-02-08 12:00:00+00:00,237333
1800468820,Snow (Hey Oh),Red Hot Chili Peppers,00s Hits - 100 Top Songs,Alternative,,,2006-05-05 12:00:00+00:00,334667
1778004763,Dark Blue (2015 Remaster),Jack's Mannequin,00s Hits - Best 00s Music,Alternative,,,2005-08-23 12:00:00+00:00,251533
1690273738,A Thousand Miles,Vanessa Carlton,90s & 00s Hits Rewind,Pop,,,2002-04-30 12:00:00+00:00,237493
1335648039,What About Us?,Brandy,00s Hits,R&B/Soul,,,2002-02-25 12:00:00+00:00,253200
1335648987,Shout It Out,David Lindgren,00s Hits,Pop,,,2005-09-15 12:00:00+00:00,183107
1778003753,Welcome to the Black Parade,My Chemical Romance,00s Hits - Best 00s Music,Alternative,,,2006-09-11 12:00:00+00:00,277680
1800468424,I Write Sins Not Tragedies,Panic! At the Disco,00s Hits - 100 Top Songs,Rock,,,2005-09-27 12:00:00+00:00,187613
1335648307,Heroes,Måns Zelmerlöw,00s Hits,Pop,,,2015-02-28 12:00:00+00:00,190613
1335647584,The Power of Love,Gabrielle Aplin,00s Hits,Singer/Songwriter,,,2012-01-01 12:00:00+00:00,245160
1335648993,A Little Bit of Love,Andreas Johnson,00s Hits,Pop,,,2007-01-01 12:00:00+00:00,185973
386153478,Yeah! (feat. Lil Jon & Ludacris),USHER,Confessions (Expanded Edition),R&B/Soul,1.29,10.99,2004-01-10 08:00:00+00:00,250373
1778003053,Follow Me,Uncle Kracker,00s Hits - Best 00s Music,Country,,,2000-03-07 12:00:00+00:00,215107
1800468433,All Summer Long,Kid Rock,00s Hits - 100 Top Songs,Rock,,,2007-10-09 12:00:00+00:00,297587
1690273418,Break Your Heart,Taio Cruz,90s & 00s Hits Rewind,R&B/Soul,,,2009-09-13 12:00:00+00:00,203493
1778004208,Until the Day I Die,Story of the Year,00s Hits - Best 00s Music,Pop,,,2003-08-12 12:00:00+00:00,235200
1688609235,Are You Leaving With Him,Luke Bryan,BEST ROAD TRIP COUNTRY 90-00'S HITS,Country,,,2014-03-11 12:00:00+00:00,203973
1689283813,In the End,LINKIN PARK,00s Hits Essentials,Alternative,,,2000-10-24 12:00:00+00:00,216800
1335649270,Wearing My Rolex (Radio Edit),Wiley,00s Hits,Dance,,,2008-05-05 12:00:00+00:00,170480
315025823,Complicated,Avril Lavigne,Let Go,Pop,1.29,9.99,2002-03-11 08:00:00+00:00,244507
1567209389,Talking to the Moon,Bruno Mars,Anywhere Pop - 00's Hits,Pop,,,2010-10-04 12:00:00+00:00,217867
1778002737,Low (feat. T-Pain),Flo Rida,00s Hits - Best 00s Music,Hip-Hop/Rap,,,2007-10-09 12:00:00+00:00,231400
1806587187,I Write Sins Not Tragedies,Panic! At the Disco,00s Hits – Best Throwback Songs,Rock,,,2005-09-27 12:00:00+00:00,187613
302992640,"One, Two Step (feat. Missy Elliott)",Ciara,Goodies,R&B/Soul,1.29,9.99,2004-09-28 07:00:00+00:00,203787
1567209140,Anywhere,Rita Ora,Anywhere Pop - 00's Hits,Pop,,,2018-11-09 12:00:00+00:00,215827
1778002743,There You’ll Be,Faith Hill,00s Hits - Best 00s Music,Pop,,,2001-05-13 12:00:00+00:00,222120
327261795,Hotel Room Service,Pitbull,Pitbull Starring In: Rebelution (Deluxe Version),Hip-Hop/Rap,1.29,11.99,2009-06-16 07:00:00+00:00,237640
1677075720,The Only Exception,Paramore,Some 00's Hits,Alternative,,,2009-09-29 12:00:00+00:00,267653
296393515,Paper Planes,M.I.A.,Kala,Electronic,1.29,11.99,2007-08-08 07:00:00+00:00,205200
1677075365,Finesse,Bruno Mars,Some 00's Hits,Pop,,,2016-11-18 12:00:00+00:00,189440
1800468802,She Wouldn't Be Gone,Blake Shelton,00s Hits - 100 Top Songs,Country,,,2008-08-18 12:00:00+00:00,215613
1786000124,Gasolina,Daddy Yankee,Barrio Fino (Deluxe Version),Urbano latino,1.29,11.99,2004-01-01 12:00:00+00:00,192600
1800473698,Opposite of Adults,Chiddy Bang,00s Hits - 100 Top Songs,Hip-Hop/Rap,,,2010-02-19 12:00:00+00:00,191600
945578427,Can't Stop,Red Hot Chili Peppers,By the Way,Alternative,1.29,9.99,2002-07-09 07:00:00+00:00,268370
68891680,Live Like You Were Dying,Tim McGraw,Live Like You Were Dying,Country,0.69,9.99,2004-06-07 07:00:00+00:00,300333
1755401965,Pure Shores,All Saints,Best of 00s Hits,Pop,,,2000-02-07 12:00:00+00:00,268747
80969167,"I Need a Girl (Pt. 2) [feat. Loon, Ginuwine, Mario Winans]",P. Diddy,Bad Boy's 10th Anniversary- The Hits,R&B/Soul,1.29,9.99,2002-05-14 07:00:00+00:00,285587
1440755144,Troubadour,George Strait,Troubadour,Country,1.29,7.99,2008-04-01 12:00:00+00:00,176227
1538550744,I Won't Give Up,Jason Mraz,00's Hits Rewind,Pop,,,2012-01-03 12:00:00+00:00,240166
208294873,Like a Stone,Audioslave,Audioslave,Hard Rock,1.29,9.99,2002-11-18 08:00:00+00:00,293955
1708264699,In the End,LINKIN PARK,Love Is Gone 00s Hits,Alternative,,,2000-10-24 12:00:00+00:00,216800
1800469582,I Love You,Faith Evans,00s Hits - 100 Top Songs,Contemporary R&B,,,2001-11-06 12:00:00+00:00,267160
1800470575,I Wish,Carl Thomas,00s Hits - 100 Top Songs,Hip-Hop/Rap,,,2000-02-15 12:00:00+00:00,226760
1440827944,Be Without You (Kendu Mix),Mary J. Blige,The Breakthrough (Deluxe),Hip-Hop/Rap,1.29,12.99,2005-11-14 08:00:00+00:00,246333
328449358,Say Aah (feat. Fabolous),Trey Songz,Ready (Deluxe),R&B/Soul,1.29,9.99,2009-08-31 07:00:00+00:00,207547
282988494,Forever (Main Version),Chris Brown,Forever - EP,R&B/Soul,1.29,3.99,2007-11-02 07:00:00+00:00,278573
1443085141,Down (feat. Lil Wayne),Jay Sean,All or Nothing (Bonus Track Version),R&B/Soul,,,2009-05-31 12:00:00+00:00,212107
303171383,It's Gonna Be Me,*NSYNC,No Strings Attached,Pop,1.29,9.99,2000-03-21 08:00:00+00:00,192427
1741403966,Crazy,Gnarls Barkley,St. Elsewhere,Alternative,1.29,9.99,2005-01-01 12:00:00+00:00,182066
1800469602,In the End,LINKIN PARK,00s Hits - 100 Top Songs,Alternative,,,2000-10-24 12:00:00+00:00,216800
1688609426,If I Don't Make It Back,Tracy Lawrence,BEST ROAD TRIP COUNTRY 90-00'S HITS,Country,,,2005-10-18 12:00:00+00:00,244680
268528722,How You Gonna Act Like That,Tyrese,I Wanna Go There,R&B/Soul,1.29,9.99,2002-12-17 08:00:00+00:00,294693
1800473450,Music,Madonna,00s Hits - 100 Top Songs,Pop,,,2000-08-21 12:00:00+00:00,224240
298396538,Amazed,Lonestar,From There to Here: Greatest Hits,Country,1.29,9.99,1999-05-17 07:00:00+00:00,240147
381237322,TiK ToK,Kesha,Animal (Expanded Edition),Pop,1.29,13.99,2009-08-07 07:00:00+00:00,199693
1778002227,Can’t Stop,Red Hot Chili Peppers,00s Hits - Best 00s Music,Alternative,,,2022-05-20 12:00:00+00:00,269000
385629699,Over My Head (Cable Car),The Fray,How to Save a Life,Rock,1.29,9.99,2005-09-13 07:00:00+00:00,236267
1455390118,The Sweet Escape (feat. Akon),Gwen Stefani,The Sweet Escape,Pop,1.29,9.99,2006-01-01 12:00:00+00:00,246467
1652782418,Get Busy,Sean Paul,Dutty Rock (20th Anniversary),Electronic,1.29,12.99,2002-11-12 12:00:00+00:00,211666
1800470977,Letters from Home,John Michael Montgomery,00s Hits - 100 Top Songs,Country,,,2004-02-24 12:00:00+00:00,267533
290555300,Bust Your Windows,Jazmine Sullivan,Fearless,R&B/Soul,1.29,9.99,2008-09-16 07:00:00+00:00,266307
1778002413,Feel Good Inc,Gorillaz,00s Hits - Best 00s Music,Rock,,,2005-05-09 12:00:00+00:00,222640
214403497,Photograph,Nickelback,All the Right Reasons,Rock,1.29,9.99,2005-09-20 07:00:00+00:00,258920
604804763,Misery Business,Paramore,Riot!,Alternative,1.29,9.99,2007-04-13 07:00:00+00:00,211475
1440882172,LOVE. (FEAT. ZACARI.),Kendrick Lamar,DAMN.,Hip-Hop/Rap,1.29,9.99,2017-04-14 12:00:00+00:00,213400
1440881708,LOVE. (feat. Zacari),Kendrick Lamar,DAMN.,Hip-Hop/Rap,1.29,9.99,2017-04-14 12:00:00+00:00,213400
1440921200,Love,Musiq Soulchild,Aijuswanaseing,R&B/Soul,1.29,9.99,2000-11-14 12:00:00+00:00,304667
1440899958,Love,Lana Del Rey,Lust for Life,Alternative,1.29,10.99,2017-02-18 12:00:00+00:00,272743
1440858399,Love,John Lennon,John Lennon/Plastic Ono Band,Rock,1.29,9.99,1970-12-11 12:00:00+00:00,202453
1619150074,Love Songs,Kaash Paige,420 Hits: Kaash Paige - EP,R&B/Soul,,,2018-11-19 12:00:00+00:00,148640
1843078648,Love Songs (feat. Kosmo Kint),Prospa,Love Songs (feat. Kosmo Kint) - Single,Dance,,,2025-10-03 12:00:00+00:00,198425
1577833514,Love Songs,Kaash Paige,lofi love,R&B/Soul,,,2018-11-19 12:00:00+00:00,148640
40582621,Love Songs,Glenn Jones,Here I Am,R&B/Soul,1.29,9.99,1994-03-08 12:00:00+00:00,335227
1767982479,Love Songs,Clairo,Love Songs - Single,Alternative,1.29,1.29,2024-10-09 12:00:00+00:00,178353
1507926747,Love Songs,Lukas Graham,Love Songs - Single,Pop,1.29,1.29,2020-05-01 12:00:00+00:00,191119
1496511615,Love Songs (Remix),Kaash Paige & 6LACK,Love Songs (Remix) - Single,R&B/Soul,1.29,1.29,2020-01-28 12:00:00+00:00,149465
1485664502,Love Songs,James Taylor,Gorilla (Remastered),Singer/Songwriter,1.29,9.99,1975-05-01 07:00:00+00:00,346280
1518701584,Love Songs,Sarah Barrios,Love Songs - Single,Pop,1.29,1.29,2020-06-26 12:00:00+00:00,144176
1777296857,Love Songs,Kaash Paige,Lockdown 2020s Music,R&B/Soul,,,2018-11-19 12:00:00+00:00,148640
1628144433,Love Songs,Kaash Paige,24 Hrs - EP,R&B/Soul,,,2018-11-19 12:00:00+00:00,148640
1729678854,Love Songs,Maggie Lindemann,PARANOIA,Alternative,1.29,7.99,2021-01-22 12:00:00+00:00,146119
1510890799,Love Songs,Mat Zo,Love Songs - Single,Dance,0.99,0.99,2020-05-22 12:00:00+00:00,238164
1056895366,Love Songs,Lola Coca,Bad Girlfriend - Single,Alternative,0.99,1.98,2015-12-04 12:00:00+00:00,220887
351896163,Love Songs,Brandi Carlile,XOBC - EP,Singer/Songwriter,1.29,3.99,2010-02-08 12:00:00+00:00,188588
592198076,Love,Destiny's Child,Love Songs,R&B/Soul,1.29,10.99,2004-11-15 08:00:00+00:00,269573
1544332225,Love Songs,Kaash Paige,Lagu Cinta Terbaik,R&B/Soul,,,2018-11-19 12:00:00+00:00,148640
1707395834,Love (feat. Parker McCollum),Koe Wetzel,Noise Complaint,Country,1.29,9.99,2016-08-17 12:00:00+00:00,223062
1871445147,"IF I SAY, I LOVE YOU (Live Ver.)",BOYNEXTDOOR,BOYNEXTDOOR TOUR ‘KNOCK ON Vol.1’ FINAL (LIVE),K-Pop,1.29,15.99,2026-02-04 12:00:00+00:00,256360
1440734487,Love,Keyshia Cole,The Way It Is,R&B/Soul,1.29,9.99,2005-06-21 12:00:00+00:00,255333
1521201013,Love Songs,Sarah Barrios,Letters I Never Sent - EP,Pop,1.29,3.99,2020-06-26 12:00:00+00:00,144176
1632664787,Love Songs,The Colleagues & Raheem DeVaughn,Love Songs - Single,R&B/Soul,1.29,1.29,2022-05-06 07:00:00+00:00,303568
1718770760,Love Songs.,Sammy Arriaga,Boots x Beats,Country,0.99,9.99,2019-09-06 12:00:00+00:00,176925
1440788848,Love,Nancy Adams,Robin Hood (Motion Picture Soundtrack) [Walt Disney Records: The Legacy Collection],Musicals,1.29,14.99,1973-11-08 08:00:00+00:00,116947
1643973171,Love Songs,Boston Bun,Love Songs - Single,Dance,1.29,1.29,2022-09-30 12:00:00+00:00,188308
1644499752,Love,Atlas Ocean,Love,New Age,0.99,7.92,2022-09-16 12:00:00+00:00,175500
1770274550,love.,wave to earth,0.1 flaws and all.,Alternative,0.99,13.86,2023-04-20 12:00:00+00:00,307750
1735619124,Love Songs,Alee,Love Songs - Single,Country,1.29,1.29,2023-02-10 12:00:00+00:00,178845
1739659144,WILDFLOWER,Billie Eilish,HIT ME HARD AND SOFT,Alternative,1.29,9.99,2024-05-17 12:00:00+00:00,261467
1146195725,White Ferrari,Frank Ocean,Blonde,Pop,1.29,9.99,2016-08-20 07:00:00+00:00,248808
1586648831,LOVE,TRASH,Holy Trip!,Mandopop,,,2021-09-24 12:00:00+00:00,285222
1476731889,We Belong Together,Mariah Carey,The Emancipation Of Mimi,Pop,1.29,9.99,2005-03-15 08:00:00+00:00,201400
1511107728,Love Songs,Daryl Braithwaite,Love Songs - Single,Pop,1.29,1.29,2020-06-05 12:00:00+00:00,195496
1245744937,Your Song (Acoustic),Rita Ora,Your Song (Acoustic) - Single,Pop,1.29,1.29,2017-06-16 12:00:00+00:00,181907
1403517299,LOVE. (FEAT. ZACARI.),Kendrick Lamar,DAMN. COLLECTORS EDITION.,Hip-Hop/Rap,1.29,9.99,2017-04-14 07:00:00+00:00,213400
1460315064,Adore You,Miley Cyrus,Bangerz (Deluxe Version),Pop,1.29,13.99,2013-09-30 07:00:00+00:00,278758
1874130271,(Turn Out The Light And) Love Me Tonight (Single Version),Don Williams,I Believe in Love,Country,,,,145160
1315030175,Greatest Love Story,LANCO,Hallelujah Nights,Country,1.29,9.99,2016-04-15 12:00:00+00:00,222567
1440857081,Young and Beautiful,Lana Del Rey,The Great Gatsby (Music From Baz Luhrmann's Film),Soundtrack,1.29,10.99,2013-01-01 12:00:00+00:00,235889
1570407994,Love Songs,"Mark Mendy, HADES & Mathew V",Love Songs - Single,Dance,0.99,0.99,2021-06-18 12:00:00+00:00,170732
1452810404,Love,Musiq Soulchild,Aijuswanaseing (Special Edition),R&B/Soul,1.29,12.99,2000-11-14 12:00:00+00:00,304667
1441493608,Mirrors,Justin Timberlake,The 20/20 Experience (Deluxe Version),Pop,1.29,9.99,2013-02-11 12:00:00+00:00,485598
1440935432,In Case You Didn't Know,Brett Young,Brett Young,Country,1.29,9.99,2016-02-12 12:00:00+00:00,226209
217635636,Can't Help Falling In Love,Elvis Presley,The Essential Elvis Presley,Rock,1.29,14.99,1961-11-11 08:00:00+00:00,182116
1444029383,Birthday Sex,Jeremih,Jeremih,R&B/Soul,1.29,9.99,2009-01-01 12:00:00+00:00,226507
893013343,I Don't Dance,Lee Brice,I Don't Dance (Deluxe Edition),Country,1.29,9.99,2014-02-18 08:00:00+00:00,239187
561048725,My Kind of Woman,Mac DeMarco,2,Alternative,0.99,9.99,2012-10-16 07:00:00+00:00,190846
1707416065,Made For Me,Muni Long,Made For Me - Single,R&B/Soul,1.29,1.29,2023-09-15 12:00:00+00:00,188000
327388309,Gettin' You Home,Chris Young,The Man I Want to Be,Country,1.29,9.99,2009-02-17 08:00:00+00:00,212129
1449291388,Secreto,Anuel AA & KAROL G,Secreto - Single,Urbano latino,1.29,1.29,2019-01-15 12:00:00+00:00,258800
6920394,Somewhere Over the Rainbow,Israel Kamakawiwo'ole,Alone in IZ World,Worldwide,1.29,11.99,1990-11-23 08:00:00+00:00,210907
1500821192,LOVE,Jhené Aiko,Chilombo,R&B/Soul,1.29,11.99,2020-03-06 12:00:00+00:00,156467
1685966881,Another Love Song,Toosii,NAUJOUR,Hip-Hop/Rap,1.29,11.99,2023-06-02 12:00:00+00:00,171000
735301567,Say Something,A Great Big World & Christina Aguilera,Is There Anybody Out There?,Pop,1.29,9.99,2013-11-04 08:00:00+00:00,229404
1440757476,Because of You,Ne-Yo,Because of You,R&B/Soul,1.29,5.99,2007-03-27 12:00:00+00:00,266840
1439113027,Nothin' on You,Cody Johnson,Ain't Nothin' to It,Country,1.29,10.99,2019-01-18 12:00:00+00:00,260467
301001052,Can We Talk,Tevin Campbell,The Best of Tevin Campbell,R&B/Soul,1.29,9.99,2001-01-30 12:00:00+00:00,284587
254938889,At Your Best (You Are Love),Aaliyah,Age Ain't Nothing But a Number (Deluxe),R&B/Soul,1.29,9.99,1994-05-24 07:00:00+00:00,291400
576655099,Marry You,Bruno Mars,Doo-Wops & Hooligans,Pop,1.29,9.99,2010-10-04 07:00:00+00:00,230192
733143757,It Won't Stop (feat. Chris Brown),Sevyn Streeter,"Call Me Crazy, But...",R&B/Soul,1.29,8.99,2013-08-28 12:00:00+00:00,281081
1446769768,Talk You Out of It,Florida Georgia Line,Can't Say I Ain't Country,Country,1.29,12.99,2018-07-06 07:00:00+00:00,202920
1276760758,Can't Take My Eyes Off of You (I Love You Baby),Lauryn Hill,The Miseducation of Lauryn Hill,R&B/Soul,1.29,10.99,1998-08-19 07:00:00+00:00,221467
391099490,You and Tequila (feat. Grace Potter),Kenny Chesney,Hemingway's Whiskey (Deluxe Edition),Country,1.29,13.99,2010-09-28 07:00:00+00:00,242840
1440726015,Your Man,Josh Turner,Your Man,Country,1.29,7.99,2005-07-26 12:00:00+00:00,211893
1440770235,Love Don't Change,Jeremih,All About You (Deluxe Edition),R&B/Soul,1.29,11.99,2010-09-28 12:00:00+00:00,256707
1361152303,High Hopes,Panic! At the Disco,Pray for the Wicked,Alternative,1.29,9.99,2018-05-23 07:00:00+00:00,190947
1381582728,Girls Like You (feat. Cardi B),Maroon 5,Girls Like You (feat. Cardi B) - Single,Pop,1.29,1.29,2018-05-30 12:00:00+00:00,235545
635016640,Sweater Weather,The Neighbourhood,I Love You.,Alternative,1.29,9.99,2012-12-03 08:00:00+00:00,240400
1161504024,24K Magic,Bruno Mars,24K Magic,Pop,1.29,9.99,2016-10-07 07:00:00+00:00,226917
1642080990,Workout,KES & Nailah Blackman,Workout - Single,Modern Dancehall,0.99,1.98,2016-12-20 12:00:00+00:00,238154
1642081900,Workout,KES & Nailah Blackman,Get Soca 2017,Modern Dancehall,1.29,11.99,2016-12-20 12:00:00+00:00,237034
1193306700,Workout (feat. Nailah Blackman),Kes,Workout (feat. Nailah Blackman) - Single,Reggae,0.99,0.99,2016-12-20 12:00:00+00:00,238154
1737497080,"Good Luck, Babe!",Chappell Roan,"Good Luck, Babe! - Single",Pop,1.29,1.29,2024-04-05 12:00:00+00:00,218424
1229315050,Feel It Still,Portugal. The Man,Woodstock,Alternative,1.29,9.99,2017-03-02 08:00:00+00:00,163269
1652080289,No Me Conoce (Remix),"JHAYCO, J Balvin & Bad Bunny",Famouz,Urbano latino,1.29,9.99,2019-05-17 12:00:00+00:00,307135
81902612,Return of the Mack,Mark Morrison,Return of the Mack,Pop,1.29,9.99,1996-03-18 08:00:00+00:00,213093
1442463848,Promiscuous (feat. Timbaland),Nelly Furtado,Loose,Pop,1.29,9.99,2006-04-25 07:00:00+00:00,242293
1440859510,Moves Like Jagger (feat. Christina Aguilera),Maroon 5,Hands All Over (Deluxe Edition),Pop,1.29,12.99,2010-09-15 12:00:00+00:00,201240
251948354,Toxic,Britney Spears,In the Zone,Pop,1.29,9.99,2003-11-15 08:00:00+00:00,198800
1369109322,Youngblood,5 Seconds of Summer,Youngblood (Deluxe),Pop,1.29,11.99,2018-04-13 07:00:00+00:00,203418
1440819170,Dark Horse (feat. Juicy J),Katy Perry,PRISM (Deluxe Version),Pop,1.29,11.99,2013-10-18 07:00:00+00:00,215672
1713469225,Feel So Close (Radio Edit),Calvin Harris,18 Months,Dance,1.29,9.99,2011-08-19 12:00:00+00:00,206413
1449315876,It Wasn't Me (feat. Ricardo Ducent),Shaggy,Hot Shot,Pop,1.29,10.99,2000-08-08 07:00:00+00:00,227600
157465470,Pony,Ginuwine,Ginuwine... The Bachelor,R&B/Soul,1.29,9.99,1996-08-20 07:00:00+00:00,324800
171980163,Me & U,Cassie,Cassie,R&B/Soul,1.29,9.99,2006-04-25 07:00:00+00:00,192213
323098606,Run It! (feat. Juelz Santana),Chris Brown,Chris Brown (Expanded Edition),R&B/Soul,1.29,13.99,2005-11-29 08:00:00+00:00,229867
1473307010,China (feat. J Balvin & Ozuna),"Anuel AA, Daddy Yankee & KAROL G",China (feat. J Balvin & Ozuna) - Single,Urbano latino,1.29,1.29,2019-07-19 12:00:00+00:00,301714
1377826892,Sweet Child O' Mine,Guns N' Roses,Appetite for Destruction,Rock,1.29,27.99,1987-07-21 07:00:00+00:00,356067
1481092695,Still Don't Know My Name,Labrinth,Euphoria (Original Score from the HBO Series),Soundtrack,1.29,9.99,2019-10-04 12:00:00+00:00,153294
1001677305,How Deep Is Your Love,"Calvin Harris, Disciples",How Deep Is Your Love - Single,Dance,1.29,1.29,2015-07-17 07:00:00+00:00,212496
601405365,Out of My League,Fitz and The Tantrums,More Than Just a Dream (Deluxe Version),Alternative,1.29,11.99,2013-02-07 08:00:00+00:00,211189
716192601,Teenage Dream,Katy Perry,Teenage Dream,Pop,1.29,9.99,2010-07-23 07:00:00+00:00,227741
1113239250,All We Got (feat. Kanye West & Chicago Children's Choir),Chance the Rapper,Coloring Book,Hip-Hop/Rap,0.99,9.99,2016-05-13 07:00:00+00:00,203794
1440899130,my boy,Billie Eilish,dont smile at me,Alternative,1.29,8.99,2017-08-11 12:00:00+00:00,170852
1497195359,Workout (45 Minutes),Korey Mickie,Praise Push 1,Fitness & Workout,,9.99,2020-02-07 12:00:00+00:00,2753646
400946435,SexyBack (feat. Timbaland),Justin Timberlake,FutureSex/LoveSounds (Deluxe Edition),Pop,1.29,9.99,2006-07-18 07:00:00+00:00,242800
1525933490,Wonderwall (Remastered),Oasis,(What's The Story) Morning Glory? [Deluxe Remastered Edition],Indie Rock,1.29,14.99,1995-10-02 12:00:00+00:00,258773
1440742169,Right Now (Na Na Na),Akon,Freedom,R&B/Soul,1.29,9.99,2008-09-23 12:00:00+00:00,240747
1286871115,Again (feat. XXXTENTACION),Noah Cyrus,Again (feat. XXXTENTACION) - Single,Pop,1.29,1.29,2017-09-22 12:00:00+00:00,193962
1293230534,How Long,Charlie Puth,Voicenotes,Pop,1.29,9.99,2017-10-05 12:00:00+00:00,200853
1487577497,My Oh My (feat. DaBaby),Camila Cabello,Romance,Pop,1.29,10.99,2019-12-06 12:00:00+00:00,171375
1275819878,Master of Puppets,Metallica,Master of Puppets (Deluxe Box Set),Metal,1.29,99.99,1986-03-03 12:00:00+00:00,515387
1450695877,my strange addiction,Billie Eilish,"WHEN WE ALL FALL ASLEEP, WHERE DO WE GO?",Alternative,1.29,10.99,2019-03-29 12:00:00+00:00,179884
1369348544,Burning Man (feat. Brothers Osborne),Dierks Bentley,The Mountain,Country,1.29,11.99,2018-05-25 07:00:00+00:00,238490
1201058123,Never Forget You,Zara Larsson & MNEK,So Good,Pop,1.29,7.99,2017-03-17 07:00:00+00:00,212575
1440861976,Clarity (feat. Foxes),Zedd,Clarity,Dance,1.29,8.99,2012-10-02 12:00:00+00:00,271707
1094908777,Gold,Kiiara,low kii savage - EP,Pop,1.29,3.99,2015-03-22 07:00:00+00:00,225882
1440915693,All Star,Smash Mouth,Astro Lounge,Alternative,1.29,9.99,1999-05-04 07:00:00+00:00,200373
1440735264,Zombie,The Cranberries,Stars: The Best of the Cranberries 1992-2002,Rock,1.29,9.99,1994-09-13 12:00:00+00:00,306627
1532019310,The Business,Tiësto,The Business - Single,Pop,1.29,1.29,2020-09-25 12:00:00+00:00,164000
1434145184,I Love Rock 'N Roll,Joan Jett & The Blackhearts,I Love Rock 'N' Roll (Expanded Edition),Rock,1.29,9.99,1981-11-18 12:00:00+00:00,175173
1471704175,Counting Stars,OneRepublic,Native (Deluxe),Pop,1.29,12.99,2013-06-14 12:00:00+00:00,257286
1460840853,If I Can't Have You,Shawn Mendes,If I Can't Have You - Single,Pop,1.29,1.29,2019-05-03 12:00:00+00:00,190754
1538214889,Sweet but Psycho,Ava Max,Heaven & Hell,Pop,1.29,11.99,2018-08-17 12:00:00+00:00,187436
1820264156,Your Idol,"Saja Boys, Andrew Choi, Neckwav, Danny Chung, Kevin Woo, samUIL Lee & KPop Demon Hunters Cast",KPop Demon Hunters (Soundtrack from the Netflix Film),K-Pop,1.29,9.99,2025-06-19 12:00:00+00:00,191538
1469575893,Could You Be Loved,Bob Marley & The Wailers,Legend – The Best Of Bob Marley & The Wailers,Reggae,1.29,9.99,1984-05-08 12:00:00+00:00,236758
1445287036,Somewhere Only We Know,Keane,Somewhere Only We Know - EP,Pop,1.29,2.99,2004-02-16 12:00:00+00:00,238787
1262463311,HandClap,Fitz and The Tantrums,Fitz & the Tantrums (Deluxe),Alternative,1.29,9.99,2016-03-25 12:00:00+00:00,193260
196426738,Mr. Blue Sky,Electric Light Orchestra,All Over the World: The Very Best of Electric Light Orchestra,Rock,1.29,10.99,1977-10-03 07:00:00+00:00,302080
1038916752,Church Bells,Carrie Underwood,Storyteller,Country,1.29,12.99,2015-10-23 07:00:00+00:00,194494
990422390,Womanizer,Britney Spears,Circus (Deluxe Version),Pop,1.29,11.99,2008-09-26 07:00:00+00:00,224035
1479239196,Panini (DaBaby Remix),Lil Nas X & DaBaby,Panini (DaBaby Remix) - Single,Hip-Hop/Rap,1.29,1.29,2019-09-13 12:00:00+00:00,151040
186346150,Your Love,The Outfield,Big Innings: Best of The Outfield,Rock,1.29,9.99,1985-11-12 08:00:00+00:00,222960
1569550936,Rookie of the Year,Moneybagg Yo,Rookie of the Year - Single,Hip-Hop/Rap,1.29,1.29,2021-06-01 12:00:00+00:00,120110
1620257604,Heavy Eyes,Zach Bryan,American Heartbreak,Country,1.29,14.99,2022-05-20 12:00:00+00:00,190780
1368105802,I Like It,"Cardi B, Bad Bunny & J Balvin",Invasion of Privacy,Hip-Hop/Rap,1.29,9.99,2018-04-06 07:00:00+00:00,253390
1467957657,Gives You Hell,The All-American Rejects,When the World Comes Down (Deluxe Edition),Alternative,1.29,15.99,2008-09-30 12:00:00+00:00,213107
947999963,Budapest,George Ezra,Wanted On Voyage (Deluxe),Singer/Songwriter,1.29,9.99,2013-12-13 08:00:00+00:00,200574
1422955215,Wanted Dead or Alive,Bon Jovi,Slippery When Wet,Rock,1.29,9.99,1986-08-18 07:00:00+00:00,308344
1444860886,Swim Good,Frank Ocean,Swim Good - Single,Alternative,1.29,1.29,2011-02-16 12:00:00+00:00,257187
1474669074,Cinnamon Girl,Lana Del Rey,Norman Fucking Rockwell!,Alternative,1.29,12.99,2019-08-30 07:00:00+00:00,300683
1469575900,Three Little Birds,Bob Marley & The Wailers,Legend – The Best Of Bob Marley & The Wailers,Reggae,1.29,9.99,1984-05-08 12:00:00+00:00,181046
344673600,Hey Daddy (Daddy's Home) [feat. Plies],USHER,Hey Daddy (Daddy's Home) [feat. Plies] - Single,R&B/Soul,1.29,1.29,2009-12-08 12:00:00+00:00,256293
1308517151,Escápate Conmigo (feat. Ozuna),Wisin,Victory,Urbano latino,1.29,9.99,2017-03-31 12:00:00+00:00,232787
1229163691,Me Too,Meghan Trainor,Thank You (Deluxe Version),Pop,,,2016-05-05 07:00:00+00:00,181240
911121216,The Devil In I,Slipknot,.5: The Gray Chapter (Special Edition),Metal,1.29,12.99,2014-08-24 07:00:00+00:00,342821
1871252806,Party,Link,Change Your Mind EP. - EP,R&B/Soul,1.29,4.99,2025-10-31 12:00:00+00:00,217668
473768175,Party (feat. J Cole),Beyoncé,Party (feat. J Cole) - Single,Pop,1.29,1.29,2011-10-24 07:00:00+00:00,219827
1775530026,Party,wifiskeleton,Suburban Daredevil,Alternative,0.99,9.99,2024-10-22 12:00:00+00:00,70769
1459930613,Party (Homecoming Live),Beyoncé,HOMECOMING: THE LIVE ALBUM,Pop,1.29,19.99,2019-04-17 12:00:00+00:00,228208
1294797498,Party (feat. Usher & Gucci Mane),Chris Brown,Heartbreak on a Full Moon,R&B/Soul,1.29,16.99,2016-12-16 08:00:00+00:00,221178
1779127261,Party,Dis 'N' Dat,Bumpin',Rap,1.29,9.99,1994-08-23 12:00:00+00:00,291267
158642260,Party,Boston,Don't Look Back,Rock,1.29,7.99,1978-08-02 07:00:00+00:00,246507
1440802619,Party,Demi Lovato,Don't Forget,Pop,1.29,9.99,2008-09-23 12:00:00+00:00,233107
1480742202,Party (feat. A Boogie Wit da Hoodie),Paulo Londra,Party (feat. A Boogie Wit da Hoodie) - Single,Pop Latino,1.29,1.29,2019-09-26 12:00:00+00:00,210316
1641780226,PARTY (feat. Quavo & Takeoff),DJ Khaled,GOD DID,Hip-Hop/Rap,1.29,10.99,2022-08-26 07:00:00+00:00,211025
1015771708,PARTY,Girls' Generation,PARTY - Single,K-Pop,1.29,2.99,2015-07-07 07:00:00+00:00,193814
1659524951,Party,Daughter,Stereo Mind Game,Alternative,0.99,9.99,2023-04-07 12:00:00+00:00,267995
1690404230,Party (Homecoming Live),Beyoncé,HOMECOMING: THE LIVE ALBUM,Pop,1.29,19.99,2019-04-17 12:00:00+00:00,228208
405601037,Party,Boston,Greatest Hits,Rock,1.29,,1976-01-01 12:00:00+00:00,248133
1694849202,Party,House of Shem,Island Vibration,Reggae,1.29,11.99,2011-02-14 08:00:00+00:00,277037
1031478991,PARTY,Girls' Generation,Lion Heart - The 5th Album,K-Pop,1.29,11.99,2015-07-07 07:00:00+00:00,193814
1747847968,party,Avery Anna,Breakup Over Breakfast,Country,1.29,14.99,2024-07-19 07:00:00+00:00,205560
1756362895,Party,Cecily Wilborn,Kuntry Gurl Playlist,Blues,0.99,9.99,2023-11-24 12:00:00+00:00,178792
1322604198,Party (feat. Usher & Gucci Mane),Chris Brown,Heartbreak On A Full Moon Deluxe Edition: Cuffing Season - 12 Days Of Christmas,R&B/Soul,1.29,19.99,2016-12-16 08:00:00+00:00,221178
1440781520,Party,Nelly Furtado,"Whoa, Nelly!",Pop,1.29,10.99,2000-10-24 12:00:00+00:00,242800
1442844148,Party (feat. Young Thug),Mustard,Cold Summer,Hip-Hop/Rap,1.29,8.99,2016-09-30 12:00:00+00:00,185287
1290386102,Party,PAWSA,Party - Single,House,1.29,1.99,2017-09-29 12:00:00+00:00,237004
1445837278,Party,Wisin & Yandel,"Los Vaqueros, el Regreso (Deluxe Edition)",Urbano latino,1.29,13.99,2011-01-25 12:00:00+00:00,219067
1678895632,Party,Tobehonest,Party - Single,Dance,,,2022-11-04 12:00:00+00:00,208615
1698317042,Party,GOT7,Present : YOU,K-Pop,1.29,15.99,2018-09-17 07:00:00+00:00,184734
1134525293,Party,Tokyo Machine,Party - Single,Dance,1.29,1.29,2016-07-22 12:00:00+00:00,219375
1522732273,Party (feat. Makhadzi & Lebb Simons),Master KG,Jerusalema,Dance,1.29,7.99,2019-12-13 12:00:00+00:00,325945
1390608887,Party,Audrey,Party - Single,R&B/Soul,0.99,0.99,2018-06-15 12:00:00+00:00,207158
1784353714,party! (dance alone),"Knock2, Riovaz & cade clair",nolimit,Dance,1.29,10.99,2025-01-17 12:00:00+00:00,160428
1440837296,Party,JP Cooper,Raised Under Grey Skies (Deluxe),Singer/Songwriter,1.29,12.99,2016-06-10 12:00:00+00:00,203705
1676118960,Party (MarkCutz Remix) [Mixed],Rauw Alejandro & Bad Bunny,Puro Pari! Ep. 1 (DJ Mix),Urbano latino,,,2023-03-17 12:00:00+00:00,185626
1754018726,Party,Cecily Wilborn,Party - Single,Blues,0.99,0.99,2023-11-24 12:00:00+00:00,178792
1709548305,Party!,cade clair & cW,Party! - Single,Dance,1.29,1.29,2023-10-18 12:00:00+00:00,113985
1709758826,PARTY (feat. Young Gallo),"Yng Lvcas, Yeyo & Lexy walter",SUPER ESTRELLAS,Urbano latino,1.29,9.99,2023-10-13 12:00:00+00:00,190189
1360309590,PARTY (feat. Wax and Herbal T) [Ofenbach vs. Lack of Afro],Ofenbach & Lack of Afro,PARTY (feat. Wax and Herbal T) [Ofenbach vs. Lack of Afro] - Single,Electronic,1.29,1.29,2018-03-30 12:00:00+00:00,140094
1589243214,Party,"Nandy, Billnass & Mr Eazi",Party - Single,Afro-Beat,1.29,1.29,2021-11-24 12:00:00+00:00,190506
1661987731,Party (Live),Corey Smith,Outtakes from the Georgia Theatre - EP,Contemporary Country,1.29,7.74,2008-06-23 12:00:00+00:00,246432
1835415745,Party,Nick Swardson,Party,Comedy,1.29,9.99,2007-10-23 12:00:00+00:00,96733
1642037795,Party,Shal Marshall,Get Soca 2016,Modern Dancehall,1.29,11.99,2016-02-05 12:00:00+00:00,213800
1677477347,Party (feat. Pitbull),IAmChino & Bulin 47,Party (feat. Pitbull) - Single,Dance,0.99,0.99,2023-05-18 07:00:00+00:00,167138
1214279974,Party,Aldous Harding,Party,Alternative,1.29,9.99,2017-05-19 12:00:00+00:00,343660
1195967431,Party,The Breadman Lives,Party - Single,Dubstep,1.29,1.29,2017-01-30 12:00:00+00:00,219310
1444113373,Party In the U.S.A.,Miley Cyrus,The Time of Our Lives - EP,Pop,0.69,7.99,2009-08-11 07:00:00+00:00,202067
636529428,"Party (feat. Timati, GeeGun, L'One & Мot)",Black Star Mafia,"Party (feat. Timati, GeeGun, L'One & Мot) - Single",Hip-Hop/Rap,1.29,1.29,2013-04-21 07:00:00+00:00,279307
1276492819,Party (Follow Me) [feat. WOOSEOK],HyunA,Following - EP,K-Pop,1.29,4.99,2017-08-29 12:00:00+00:00,188610
170147420,Party,Kris Kross,Totally Krossed Out,Hip-Hop/Rap,1.29,9.99,1992-03-31 08:00:00+00:00,242093
347790426,Party,Limi-T 21,Adictivo,Latin,0.99,9.9,2010-01-01 12:00:00+00:00,202616
41228783,Party,Clint Mansell & Kronos Quartet,Requiem for a Dream (Soundtrack from the Motion Picture),Pop,1.29,9.99,2000-10-03 12:00:00+00:00,36107
1697783776,Party,GOT7,&ME Edition,K-Pop,1.29,15.99,2018-09-17 12:00:00+00:00,184734
1440628443,Party,Queen,The Miracle (Deluxe Edition),Rock,1.29,11.99,1989-05-22 12:00:00+00:00,143934
1725467591,Party!!,Ryokuoushoku Shakai,Party!! - EP,J-Pop,1.29,3.99,2024-01-25 08:00:00+00:00,258413
1546211349,Party,Planet 1999,Devotion (Deluxe),Pop,1.29,11.99,2020-01-22 12:00:00+00:00,170040
1750764959,Party,Bryansanon,Party - Single,Hip-Hop/Rap,1.29,1.29,2024-06-07 12:00:00+00:00,128052
1833106515,Party,Lil Baby Grand,Vol. 1 b,Instrumental,1.29,9.99,2022-05-15 12:00:00+00:00,194698
1566196980,Party,Kenneth Whalum,Broken Land 2,Alternative,1.29,7.99,2021-07-16 12:00:00+00:00,251689
1444856695,Party (Cheat Codes Remix),JP Cooper,Party (Cheat Codes Remix) - Single,Dance,1.29,1.29,2016-08-19 12:00:00+00:00,225721
1869712320,Party,KEVIN ROLDAN,Party - Single,Latin,0.99,0.99,2013-05-02 12:00:00+00:00,213972
1605713819,Party (feat. Fedi),Talk Down,Party (feat. Fedi) - Single,Farsi,0.99,0.99,2021-11-22 12:00:00+00:00,162284
1660391033,Party,Dasmart,Party - Single,Afro-Beat,0.99,0.99,2022-12-25 12:00:00+00:00,163344
1594741883,Party,"Nico Parga, Dayvi & DJ Zetian",PVRGVS,Dance,1.29,10.99,2021-11-17 12:00:00+00:00,258462
632895522,Body Party,Ciara,Ciara,R&B/Soul,1.29,9.99,2013-03-08 08:00:00+00:00,234295
1642036310,Party (Official GBM Roadmix),Shal Marshall,Party (Official GBM Roadmix) - Single,Modern Dancehall,0.99,0.99,2016-03-18 12:00:00+00:00,191627
1860132780,PARTY,"Jee Seok Jin, Lee Kwang Soo & Apink",Running Man Fan Meeting : Project Running 9 - EP,Soundtrack,1.29,5.99,2019-09-22 12:00:00+00:00,186541
636525266,Party,Verka Serduchka,Chita Drita,Pop,1.29,8.99,2003-01-01 12:00:00+00:00,175334
1710985810,Party,Basketmouth & Peruzzi,Uburu,Afro-Beat,1.29,7.99,2023-10-27 12:00:00+00:00,134118
1444276211,Party,JP Cooper,Party - Single,Singer/Songwriter,1.29,3.49,2016-06-10 12:00:00+00:00,205110
1729638324,Party,Madiel Lara,On (Deluxe),Urbano latino,1.29,10.99,2022-06-30 12:00:00+00:00,128422
1021871742,Pity Party,Melanie Martinez,Cry Baby (Deluxe Edition),Alternative,1.29,11.99,2015-06-02 07:00:00+00:00,204085
1729398579,Party,Madiel Lara,Party - Single,Christian,1.29,1.29,2022-06-30 12:00:00+00:00,128422
1662166406,Not Nice,PARTYNEXTDOOR,PARTYNEXTDOOR 3 (P3),R&B/Soul,1.29,10.99,2016-07-21 12:00:00+00:00,202661
1346713972,Party,Abel Ramos & Albert Neve,Party - Single,Dance,1.29,1.29,2016-08-29 12:00:00+00:00,191429
1564233676,Party,"KDDO, Jidenna & Bas",TOO LATE TOO LIT (EP),Afrobeats,1.29,8.99,2021-05-14 12:00:00+00:00,206942
1657958936,Party (Mixed),Rauw Alejandro & Bad Bunny,"Party In The Jungle: DeeJay Massive, Dec 2022 (DJ Mix)",Hip-Hop,,,2022-12-16 12:00:00+00:00,37474
1586701520,Party,"Inna, Minelli & Electric Chapel",Party - Single,Pop,,,2021-09-22 12:00:00+00:00,161745
1263704271,My Kinda Party,Jason Aldean,My Kinda Party,Country,1.29,9.99,2010-08-16 12:00:00+00:00,284960
1275400931,Party (Extended Mix),PAWSA,Party - Single,House,1.29,1.29,2017-09-29 12:00:00+00:00,312311
1440899140,party favor,Billie Eilish,dont smile at me,Alternative,1.29,8.99,2017-08-11 12:00:00+00:00,204770
1513162746,party 4 u,Charli xcx,how i'm feeling now,Pop,1.29,9.99,2020-05-15 12:00:00+00:00,296653
1702057231,Party (feat. Kofi Kinaata),Adina Thembi,Party (feat. Kofi Kinaata) - Single,Afro-fusion,1.29,1.29,2023-09-07 12:00:00+00:00,173010
1440862244,Crash My Party,Luke Bryan,Crash My Party,Country,1.29,9.99,2013-04-07 12:00:00+00:00,234667
1328865703,Party,Vybz Kartel,Party,Modern Dancehall,0.99,9.99,2017-12-08 12:00:00+00:00,172528
663098051,No. 1 Party Anthem,Arctic Monkeys,AM,Alternative,1.29,9.99,2013-09-09 07:00:00+00:00,243060
1490123697,Party (VIP),Hedex,From the Rave,Dance,1.29,10.99,2019-12-18 12:00:00+00:00,291182
192962986,Where the Party At,Jagged Edge,Jagged Little Thrill,R&B/Soul,1.29,9.99,2001-05-14 07:00:00+00:00,232573
1522900266,Party (feat. Makhadzi & Lebb Simons),Master KG,Jerusalema,Dance,1.29,9.99,2019-12-13 12:00:00+00:00,325945
1349101197,Party,Kumi Koda,And,J-Pop,1.29,12.9,2018-02-28 12:00:00+00:00,201920
206559371,Here for the Party,Gretchen Wilson,Here for the Party,Country,1.29,9.99,2004-05-11 07:00:00+00:00,196760
1759642970,Party,Alien Skin Official,Party - Single,Afrobeats,0.99,0.99,2023-05-08 12:00:00+00:00,184869
1662160915,TBH,PARTYNEXTDOOR,PARTYNEXTDOOR,R&B/Soul,1.29,9.99,2013-07-01 12:00:00+00:00,123080
1669512808,Gyal You a Party Animal,Charly Black,Gyal You a Party Animal - Single,Modern Dancehall,1.29,1.29,2015-04-14 12:00:00+00:00,214455
1724488124,Beautiful Things,Benson Boone,Beautiful Things - Single,Pop,1.29,1.29,2024-01-18 08:00:00+00:00,180304
1487502476,everything i wanted,Billie Eilish,everything i wanted - Single,Alternative,1.29,1.29,2019-11-13 12:00:00+00:00,245426
1798585530,Chill,LISA,Alter Ego,Pop,1.29,10.99,2025-02-28 08:00:00+00:00,159193
1455668669,Chill,Bakar,Chill - Single,Hip-Hop/Rap,1.29,2.58,2019-03-22 12:00:00+00:00,223293
1528217836,Chill,Toby Fox,Undertale Soundtrack,Soundtrack,1.29,10.99,2015-09-15 12:00:00+00:00,56284
1460714068,Chill,John K,if we never met - EP,Pop,1.29,3.99,2019-04-26 12:00:00+00:00,205141
1390268586,CHILL.,Tobe Nwigwe,THE ORIGINALS.,Hip-Hop/Rap,0.99,11.99,2018-03-04 12:00:00+00:00,137835
1802103977,Just In Case,Morgan Wallen,I’m The Problem,Country,1.29,14.99,2025-03-21 07:00:00+00:00,166206
1644436116,CHILL,Stray Kids,MAXIDENT,K-Pop,1.29,7.99,2022-10-07 12:00:00+00:00,195147
1146195714,Pink + White,Frank Ocean,Blonde,Pop,1.29,9.99,2016-08-20 07:00:00+00:00,184516
1260294777,Chill,EXO,THE WAR - The 4th Album,K-Pop,1.29,8.99,2017-07-18 12:00:00+00:00,187756
1799316848,Chill,LISA,Alter Ego,Pop,1.29,10.99,2025-02-28 08:00:00+00:00,159193
1809720724,"Chill (feat. Cessmun, Donell Lewis & Konecs)",DJ Noiz,"Chill (feat. Cessmun, Donell Lewis & Konecs) - Single",R&B/Soul,1.29,1.29,2018-05-10 12:00:00+00:00,159808
1359294051,changes,XXXTENTACION,?,Pop,1.29,9.99,2018-03-02 08:00:00+00:00,121887
1560735421,traitor,Olivia Rodrigo,SOUR,Pop,1.29,9.99,2021-05-21 12:00:00+00:00,229220
1754025109,Ophelia,The Lumineers,Cleopatra (Deluxe Edition),Alternative,1.29,10.99,2016-02-05 08:00:00+00:00,160097
1735414394,Too Sweet,Hozier,Unheard - EP,Alternative,1.29,3.99,2024-03-22 12:00:00+00:00,251424
1802103975,What I Want,Morgan Wallen & Tate McRae,I’m The Problem,Country,1.29,14.99,2025-05-16 12:00:00+00:00,184517
576655100,Talking to the Moon,Bruno Mars,Doo-Wops & Hooligans,Pop,1.29,9.99,2010-10-04 07:00:00+00:00,217867
1479600902,Memories,Maroon 5,Memories - Single,Pop,,,2019-09-20 12:00:00+00:00,189486
1739659141,CHIHIRO,Billie Eilish,HIT ME HARD AND SOFT,Alternative,1.29,9.99,2024-05-17 12:00:00+00:00,303440
1444631771,It Ain't Me,Kygo & Selena Gomez,It Ain't Me - Single,Pop,1.29,1.29,2017-02-17 12:00:00+00:00,220781
1668937962,"Chill (feat. Konecs, Donell Lewis & Kennyon Brown) [Remix]",DJ Noiz,"Chill (Remix) [feat. Konecs, Donell Lewis & Kennyon Brown] - Single",R&B/Soul,1.29,1.29,2018-07-13 12:00:00+00:00,166154
457563548,Barefoot Blue Jean Night,Jake Owen,Barefoot Blue Jean Night,Country,1.29,9.99,2011-04-18 07:00:00+00:00,169420
1440768240,Good Directions,Billy Currington,Doin' Somethin' Right,Country,1.29,7.99,2005-10-18 12:00:00+00:00,215853
904056331,American Kids,Kenny Chesney,The Big Revival,Country,1.29,11.99,2014-06-20 07:00:00+00:00,182983
1450695871,wish you were gay,Billie Eilish,"WHEN WE ALL FALL ASLEEP, WHERE DO WE GO?",Alternative,1.29,10.99,2019-03-03 08:00:00+00:00,221543
1527782147,Even Though I'm Leaving,Luke Combs,What You See Ain't Always What You Get (Deluxe Edition),Country,1.29,14.99,2019-06-07 07:00:00+00:00,225253
1402965704,Gonna Love Me,Teyana Taylor,K.T.S.E.,R&B/Soul,1.29,7.99,2018-06-22 07:00:00+00:00,166998
1543705508,Letting Someone Go,Zach Bryan,DeAnn,Singer/Songwriter,1.29,9.99,2019-08-24 12:00:00+00:00,239761
1802103973,Superman,Morgan Wallen,I’m The Problem,Country,1.29,14.99,2025-05-16 12:00:00+00:00,188201
1440914457,Take It From Me,Jordan Davis,Home State,Country,1.29,9.99,2017-10-20 12:00:00+00:00,174255
1440811817,Video Games,Lana Del Rey,Born to Die,Alternative,1.29,10.99,2011-10-07 12:00:00+00:00,282108
1471596298,How Do You Sleep?,Sam Smith,How Do You Sleep? - Single,Pop,1.29,1.29,2019-07-19 07:00:00+00:00,202205
1041586371,Buy Me a Boat,Chris Janson,Buy Me a Boat,Country,1.29,9.99,2015-03-20 07:00:00+00:00,179299
1509818694,This Is It,Scotty McCreery,Seasons Change,Country,0.99,9.99,2018-03-09 12:00:00+00:00,230973
1640157165,golden hour,JVKE,this is what ____ feels like (Vol. 1-4),Pop,1.29,10.99,2022-07-15 12:00:00+00:00,209260
1440857786,Better Together,Jack Johnson,In Between Dreams (Bonus Track Version),Rock,1.29,9.99,2005-01-01 12:00:00+00:00,207679
1236829679,Too Fast,Sonder,Into,R&B/Soul,0.99,6.93,2017-01-27 12:00:00+00:00,295801
1802104202,20 Cigarettes,Morgan Wallen,I’m The Problem,Country,1.29,14.99,2025-05-16 12:00:00+00:00,160902
1671114135,CHILL (Japanese version),Stray Kids,THE SOUND,K-Pop,1.29,9.99,2023-02-22 12:00:00+00:00,198240
1497942479,One Margarita,Luke Bryan,Born Here Live Here Die Here,Country,1.29,11.99,2020-03-13 07:00:00+00:00,193427
1802104591,I'm A Little Crazy,Morgan Wallen,I’m The Problem,Country,1.29,14.99,2025-03-21 07:00:00+00:00,199060
255369593,Drive (For Daddy Gene),Alan Jackson,Drive,Country,1.29,9.99,2002-01-15 08:00:00+00:00,242733
1571821966,2 You,Mariah the Scientist,RY RY WORLD,R&B/Soul,1.29,7.99,2021-06-18 07:00:00+00:00,184305
1593703971,MERCEDES,Brent Faiyaz,MERCEDES - Single,R&B/Soul,1.29,1.29,2021-12-03 12:00:00+00:00,233070
1497391086,Kinfolks,Sam Hunt,SOUTHSIDE,Country,1.29,11.99,2019-10-11 07:00:00+00:00,181933
172700493,They Don't Know,Jon B.,Cool Relax,R&B/Soul,0.99,9.99,1997-09-16 07:00:00+00:00,274667
1214433974,My Church,Maren Morris,Hero (Deluxe Edition),Country,1.29,10.99,2016-01-19 08:00:00+00:00,197931
1649773107,Chill,AL SHAMI,Chill - Single,Arabic Pop,0.99,0.99,2021-08-08 12:00:00+00:00,160000
1410702638,Some of It,Eric Church,Desperate Man,Country,1.29,9.99,2018-10-05 12:00:00+00:00,195147
1802104420,I Ain't Comin' Back,Morgan Wallen & Post Malone,I’m The Problem,Country,1.29,14.99,2025-05-16 12:00:00+00:00,175272
1452955723,Heart to Heart,Mac DeMarco,Here Comes the Cowboy,Alternative,1.29,9.99,2019-05-10 12:00:00+00:00,211140
202271847,Rhiannon,Fleetwood Mac,Greatest Hits,Rock,1.29,11.99,1975-07-11 07:00:00+00:00,252773
1441480830,whoa (mind in awe),XXXTENTACION,SKINS,Pop,1.29,9.99,2018-12-07 08:00:00+00:00,157777
262613509,Summertime,Kenny Chesney,The Road and the Radio,Country,1.29,9.99,2005-11-08 08:00:00+00:00,206587
1436895841,Runnin' Outta Moonlight,Randy Houser,How Country Feels,Country,1.29,9.99,2013-01-22 12:00:00+00:00,193773
1512318907,I Know You,Faye Webster,Faye Webster,Alternative,1.29,9.99,2017-05-12 12:00:00+00:00,251667
1485802982,Fine Line,Harry Styles,Fine Line,Pop,1.29,10.99,2019-12-13 12:00:00+00:00,377909
1422002194,Eastside (Acoustic),"benny blanco, Halsey & Khalid",Eastside (Acoustic) - Single,Pop,1.29,1.29,2018-08-17 12:00:00+00:00,173005
945575413,Californication,Red Hot Chili Peppers,Californication (Remastered),Alternative,1.29,9.99,1999-06-08 07:00:00+00:00,321366
1200868890,Shot Down,Khalid,American Teen,R&B/Soul,1.29,9.99,2017-02-03 08:00:00+00:00,207107
714552780,Boondocks,Little Big Town,The Road to Here,Country,1.29,9.99,2005-05-05 07:00:00+00:00,272347
1522611413,Dame Tu Calor,Eslabon Armado,Vibras de Noche,Música Mexicana,1.29,9.99,2020-07-17 12:00:00+00:00,245912
1079234243,River,Leon Bridges,Coming Home (Deluxe),R&B/Soul,1.29,12.99,2015-06-23 07:00:00+00:00,238559
1615585012,Matilda,Harry Styles,Harry's House,Pop,1.29,11.99,2022-05-20 12:00:00+00:00,245964
1615585100,Satellite,Harry Styles,Harry's House,Pop,1.29,11.99,2022-05-20 12:00:00+00:00,218577
254473944,All the Things (Your Man Won't Do),Joe,All That I Am,R&B/Soul,1.29,9.99,1996-01-09 08:00:00+00:00,380533
1564998965,YKWIM?,Yot Club,Bipolar - EP,Alternative,0.99,5.94,2019-05-31 12:00:00+00:00,212750
1440910038,Issues,Julia Michaels,Nervous System - EP,Pop,1.29,5.99,2017-01-13 12:00:00+00:00,176323
1458839012,rises the moon,Liana Flores,recently - EP,Singer/Songwriter,0.69,3.45,2019-04-09 12:00:00+00:00,161929
68875122,Something Like That,Tim McGraw,A Place in the Sun,Country,1.29,9.99,1999-05-04 07:00:00+00:00,183733
1440853776,Imagine,John Lennon,Imagine,Rock,1.29,9.99,1971-09-09 07:00:00+00:00,186853
1533349982,Sorrows,Bryson Tiller,A N N I V E R S A R Y,R&B/Soul,1.29,9.99,2020-10-02 12:00:00+00:00,193702
1511912117,Single Saturday Night,Cole Swindell,Single Saturday Night - Single,Country,1.29,1.29,2020-05-22 12:00:00+00:00,187684
1555624257,What's Your Country Song,Thomas Rhett,Country Again (Side A),Country,1.29,10.99,2020-11-11 08:00:00+00:00,171333
1758808436,Chill,Pacific,Chill - Single,Electronic,1.29,1.29,2020-02-21 12:00:00+00:00,154238
1547678056,Hell of a View,Eric Church,Soul,Country,1.29,10.99,2020-10-02 07:00:00+00:00,175280
599214104,Can't Get Enough,Tamia,Between Friends,R&B/Soul,0.99,9.99,2006-05-12 07:00:00+00:00,229027
1713785280,Firestone (feat. Conrad Sewell),Kygo,Cloud Nine,Dance,1.29,9.99,2014-12-01 12:00:00+00:00,273684
1556123057,Like I Want You,GIVĒON,When It's All Said And Done... Take Time,R&B/Soul,1.29,9.99,2019-11-20 12:00:00+00:00,260776
561048720,Freaking Out the Neighborhood,Mac DeMarco,2,Alternative,0.99,9.99,2012-10-16 07:00:00+00:00,173889
1485802974,Cherry,Harry Styles,Fine Line,Pop,1.29,10.99,2019-12-13 12:00:00+00:00,259180
445411367,Champagne Coast,Blood Orange,Coastal Grooves (Bonus Track Version),Alternative,0.99,9.99,2011-08-05 12:00:00+00:00,294413
198227598,Hold the Line,Toto,Toto,Rock,1.29,9.99,1978-10-02 07:00:00+00:00,235552
1464025342,N Side,Steve Lacy,Apollo XXI,Pop,1.29,9.99,2019-04-08 12:00:00+00:00,224444
1841828520,FOCUS,Hearts2Hearts,FOCUS - The 1st Mini Album - EP,K-Pop,1.29,4.99,2025-10-20 12:00:00+00:00,177052
1445010661,Focus,Ariana Grande,Focus - Single,Pop,1.29,1.29,2015-10-30 12:00:00+00:00,211367
1789854625,Focus (feat. CLOVES),John Summit,Focus (feat. CLOVES) - Single,Dance,1.29,1.29,2025-01-17 12:00:00+00:00,238242
1504088001,Focus,IFEELU,Focus - EP,New Age,0.99,3.96,2020-03-24 12:00:00+00:00,167143
1417088381,Focus (The Four Performance),Leah Jenea,Focus (The Four Performance) - Single,R&B/Soul,1.29,1.29,2018-06-27 12:00:00+00:00,176624
1809029089,Focus (feat. CLOVES) [Alok Remix],John Summit,Focus (feat. CLOVES) [Alok Remix] - Single,Dance,1.29,1.29,2025-04-25 12:00:00+00:00,207761
1548572882,Focus,Joeboy,Somewhere Between Beauty & Magic,Afrobeats,1.29,9.99,2021-02-03 12:00:00+00:00,152941
1402197078,Focus,Charli xcx,Focus / No Angel - Single,Pop,1.29,1.99,2018-06-29 12:00:00+00:00,202153
1378672502,Focus (feat. Chris Brown) [DJ Envy Remix],H.E.R.,Focus (feat. Chris Brown) [DJ Envy Remix] - Single,R&B/Soul,1.29,1.29,2018-05-01 12:00:00+00:00,199549
1481629218,FOCUS,Sarz & WurlD,I LOVE GIRLS WITH TROBUL,Afro-Beat,0.99,5.99,2019-11-08 12:00:00+00:00,181894
1475806293,Focus (feat. 21 Savage),Bazzi,Soul Searching,Pop,1.29,9.99,2019-06-13 07:00:00+00:00,155134
16232586,Focus,Brandy,Afrodisiac,Pop,1.29,9.99,2004-06-28 07:00:00+00:00,247107
1766560412,Focus,NCT 127,Sticker - The 3rd Album,K-Pop,1.29,8.99,2021-09-17 12:00:00+00:00,204707
1608033352,Focus (Rain),Dream Sounds,Relaxing Rain,New Age,0.99,11.99,2022-02-04 12:00:00+00:00,183531
1089268229,Focus,Exam Study,"Intense Studying: Focus and Study Music for Exams, Brain Power, No Stress, Memory, Relaxation, Concentration, Serenity, Harmony and Better Learning",Easy Listening,0.69,5.99,2016-02-29 12:00:00+00:00,66828
1555521662,focus,slenderbodies & Tim Atlas,focus - Single,Alternative,,,2021-03-10 12:00:00+00:00,207119
1502763042,Focus,Eric Thomas,The Prescription,Hip-Hop/Rap,1.29,8.99,2020-03-19 12:00:00+00:00,239288
1615841751,Focus,Shingo Nakamura,Focus - Single,Dance,1.29,2.58,2022-04-20 12:00:00+00:00,238000
1688594539,Focus,Joeboy,Somewhere Between Beauty & Magic (Deluxe),Afro-Pop,1.29,14.99,2021-02-03 08:00:00+00:00,152941
1404099552,Focus (Demo),Sigrid,Raw - EP,Pop,0.99,4.95,2018-06-15 07:00:00+00:00,228673
1732729570,Focus,Evan Ford,Focus - Single,Christian,1.29,1.29,2024-03-08 12:00:00+00:00,209760
1763641341,Focus (feat. Luca Chikovani),Jacob Whitesides,Why?,Singer/Songwriter,1.29,9.99,2016-09-09 12:00:00+00:00,228889
1443617201,Focus,Ashanti,Concrete Rose,Hip-Hop/Rap,0.99,13.99,2004-01-01 12:00:00+00:00,197147
1766659694,Focus,NCT 127,Favorite - The 3rd Album Repackage,K-Pop,1.29,9.99,2021-09-17 12:00:00+00:00,204707
1217528203,Focus (feat. L Marshall),Life Of Dillon,Focus (feat. L Marshall) - Single,Pop,1.29,1.29,2017-03-24 12:00:00+00:00,210560
1566430759,focus,slenderbodies & Tim Atlas,are we?,Alternative,1.29,8.99,2021-03-10 12:00:00+00:00,207119
1728295843,Focus,Charles Leclerc & Sofiane Pamart,DREAMERS - EP,Classical Crossover,0.99,3.96,2024-02-16 12:00:00+00:00,168867
1714920206,Focus (feat. Lena Leon),Deorro,Focus (feat. Lena Leon) - Single,Dance,1.29,1.29,2018-11-30 12:00:00+00:00,233379
1745501598,Focus,Halle Abadi,Focus - Single,Pop,1.29,1.29,2021-08-27 12:00:00+00:00,126853
1468221047,Focus,Jahmiel,Great Man,Reggae,1.29,9.99,2019-07-26 12:00:00+00:00,174757
1058623233,Focus (Gym Motivation),Fearless Motivation,Fear Less Dominate More (Gym & Sports Motivational Speeches & Workout Music),Spoken Word,0.99,9.99,2015-07-07 12:00:00+00:00,228871
1092948801,Focus,Deep study,"Studying Music - Relaxing Piano to Study, Work, Concentrate, Focus, Brain Power, Memory, Relax and Exam.",Ambient,0.69,10.99,2016-03-13 12:00:00+00:00,84739
1150836132,Focus,Study Now,"Study Now: Music for Study, Focus, Relaxation, Brain Power, Memory and Concentration for Exam",Ambient,1.29,10.99,2016-09-03 12:00:00+00:00,82924
1691929757,Focus,PØPE,Focus - Single,Hip-Hop/Rap,1.29,1.29,2023-06-23 12:00:00+00:00,140308
1753737242,Focus (feat. Balloranking),Kashcoming,"More Kashcoming, Vol. 2 - EP",Afrobeats,1.29,4.99,2024-06-28 12:00:00+00:00,141678
1440795842,Focus,10 Years,Division,Rock,0.99,9.99,2008-01-01 12:00:00+00:00,193520
1806440169,Focus (feat. CLOVES) [Layton Giordani Remix],John Summit,Focus (feat. CLOVES) [Layton Giordani Remix] - Single,Dance,1.29,1.29,2025-04-11 12:00:00+00:00,212093
1408304729,Focus (Gym Motivation),Fearless Motivation,10% Human 90% Beast (Gym Motivational Speeches),Rock,0.99,9.99,2015-07-07 12:00:00+00:00,228871
1579683707,Focus (Nature),Hypnos,Focus - Single,New Age,0.99,2.97,2021-08-06 12:00:00+00:00,149467
1809203643,Focus,Evan Ford,All of Me,Christian,1.29,9.99,2024-03-08 12:00:00+00:00,209760
1785265687,Focus,Aqyila,Focus - Single,R&B/Soul,1.29,1.29,2025-05-02 12:00:00+00:00,183488
1238800322,Focus,H.E.R.,"The RCA-List, Vol. 6",R&B/Soul,,,2016-09-09 12:00:00+00:00,200195
1648186546,Focus (Analog Version),Allie X,Super Sunset (Analog),Pop,1.29,11.61,2018-07-06 12:00:00+00:00,239086
1536378293,Focus,Ezzy,Chillhop Essentials Winter 2020,Hip-Hop/Rap,1.29,9.99,2020-12-02 12:00:00+00:00,124907
1405514227,Focus,Samoht,Mxxn Wave,R&B/Soul,0.99,9.99,2018-07-27 12:00:00+00:00,299220
1070986880,Focus,Jor'dan Armstrong,Confident - EP,Christian,1.29,5.99,2016-01-01 12:00:00+00:00,206499
1095365598,Focus (Feat. ),Relax Focus,"Relax: Relaxing Piano Music for Meditation, Spa, Yoga, Study, Massage, Sleep and Mindfulness.",Lounge,0.99,5.99,2016-03-09 12:00:00+00:00,90093
1739117564,Focus,Elvis Drew,Focus - Single,Alternative,0.99,0.99,2022-06-17 12:00:00+00:00,149184
1555108192,Focus,Motivation Songs Academy,ADHD Relief: Increase Focus & Hz Music Therapy,New Age,0.99,3.99,2021-02-11 12:00:00+00:00,216552
1440775320,Focus,U.S.D.A.,Young Jeezy Presents U.S.D.A. - Cold Summer the Authorized Mixtape,Hip-Hop/Rap,1.29,9.99,2007-05-22 12:00:00+00:00,222267
1767367443,Focus,Mindscape,Focus - Single,Hip-Hop/Rap,1.29,1.29,2024-09-20 12:00:00+00:00,128780
1391933174,Focus,Brain Stimulation Music Collective,Law of Attraction - Make Your Dreams Come True,New Age,0.99,7.99,2018-05-24 12:00:00+00:00,210252
1510081062,Focus,Smoove'L,Boy From Brooklyn,Hip-Hop/Rap,1.29,9.99,2020-05-01 12:00:00+00:00,133164
1683482818,FOCUS,KIM DONG HAN,D-HOURS AM 7:03 - EP,K-Pop,1.29,4.99,2019-05-01 12:00:00+00:00,214800
1729299143,Focus,Nosmoh & Swink,Focus - Single,Hip-Hop/Rap,,,2024-03-15 12:00:00+00:00,164605
1435799577,Focus (Yaeji Remix),Charli xcx,Focus (Yaeji Remix) - Single,Pop,1.29,1.29,2018-09-21 12:00:00+00:00,197965
1796232404,Focus,Aqyila,Falling Into Place,R&B/Soul,1.29,9.99,2025-05-02 12:00:00+00:00,183488
1125091299,Focus (Bonus Track),Emily King,The Switch (Deluxe Edition),Soul,1.29,9.99,2016-07-08 12:00:00+00:00,247083
1775125504,Focus,Dior Goodjohn,Focus - Single,R&B/Soul,1.29,1.29,2024-03-14 12:00:00+00:00,150215
1514694316,Focus (Acoustic Stripped),Tyler Carter,Moonshine (Acoustic),Rock,1.29,5.99,2020-06-26 12:00:00+00:00,170260
1150195533,Focus,Focus Study,"Focus and Study: Studying Music, Relaxation, Memory & Concentration for Exam.",Instrumental,1.29,10.99,2016-09-01 12:00:00+00:00,84410
1727552099,Focus,White Noise Society,"White Noise Focus, Vol. 1 - EP",Electronic,,,2022-05-27 12:00:00+00:00,151605
1574745721,Focus,Rivers of Nihil,The Work,Metal,1.29,9.99,2021-08-24 07:00:00+00:00,294333
1470538302,Focus (feat. Kudu Blue),Laxcity,Purity - EP,Dance,1.29,7.74,2019-07-12 12:00:00+00:00,252467
1499451137,Focus,Chris Heria,Workout Music,Fitness & Workout,0.99,8.91,2019-01-11 12:00:00+00:00,138500
1391814404,Focus,Allie X,Focus - Single,Pop,1.29,1.29,2018-06-01 12:00:00+00:00,227330
1698122066,Focus,Thomas Headon,Focus - Single,Pop,0.99,0.99,2020-07-24 12:00:00+00:00,199350
1279433863,Focus,Craig David,The Time Is Now (Expanded Edition),R&B/Soul,1.29,11.99,2018-01-26 12:00:00+00:00,176653
1441056751,Focus,Canon,Home,Christian Rap,1.29,6.99,2018-12-07 12:00:00+00:00,178500
1652120378,Focus,DcVybe,"Covers Dmv Style, Vol. 1 - EP",R&B/Soul,0.99,4.95,2022-10-28 12:00:00+00:00,206133
1716772978,Focus,J'Calm,Focus - Single,R&B/Soul,0.99,0.99,2023-11-23 12:00:00+00:00,228984
1471382097,Focus (feat. Bianca),Bonka,Focus (feat. Bianca) - EP,Dance,1.29,2.99,2019-05-02 12:00:00+00:00,169648
1698358446,Focus,Relyae,Focus - Single,Contemporary R&B,1.29,1.29,2023-09-08 12:00:00+00:00,180634
1438787462,Focus (feat. Sarah Juers),CASS,Not for Sale,R&B/Soul,0.99,9.9,2018-10-11 12:00:00+00:00,252581
1698122151,Focus,Thomas Headon,The Goodbye EP,Pop,0.99,5.94,2020-07-24 12:00:00+00:00,199350
1709031573,Focus,Fortunes.,Undress - EP,R&B/Soul,1.29,4.99,2017-03-10 12:00:00+00:00,240860
1491780746,Focus,min.a,Focus - Single,Electronic,0.99,1.98,2019-12-20 12:00:00+00:00,240000
1552626552,Focus (feat. Chris Echols),Timara,The Timara Tape,R&B/Soul,0.99,6.93,2021-02-06 12:00:00+00:00,174002
1297145090,Focus,Jocko Willink,"Discipline Equals Freedom Field Manual, Pt. 1 (Thoughts)",Spoken Word,0.99,15.99,2017-10-17 12:00:00+00:00,193402
1069388492,Focus (Extended Workout Mix),Dynamix Music,"40 POP Hits 2016 (Unmixed Workout Tracks For Running, Jogging, Fitness & Exercise)",Fitness & Workout,1.29,9.99,2015-11-16 12:00:00+00:00,271151
1486248578,Focus,Phlocalyst & M e a d o w,Focus - Single,Hip-Hop/Rap,,,2019-09-21 12:00:00+00:00,132000
1843481416,Focus (feat. Josiah Bassey),Transformation Worship,Faith in the Fire,Gospel,1.29,7.99,2025-10-24 12:00:00+00:00,277117
1677842342,Focus,Anthony Hall & Jason Nelson,Focus - Single,Gospel,1.29,1.29,2023-04-07 12:00:00+00:00,258169
1448868111,Focus,Piano Peace,Piano Study Music,New Age,1.29,9.99,2018-04-09 12:00:00+00:00,107797
1860434802,Focus,Eris Ford,Focus - Single,Christian,1.29,1.29,2026-01-09 12:00:00+00:00,113143
1730455884,Focus,Vennisay,Reborn In Him 2,Christian,0.99,9.99,2024-02-18 12:00:00+00:00,161176
714502631,Focus,Expire,Pendulum Swings,Rock,0.99,8.99,2012-01-01 12:00:00+00:00,90133
1844520361,Focus (EdiP Remix),John Summit,Playa Package - EP,Dance,1.29,5.99,2025-10-09 12:00:00+00:00,236308
1787425011,Focus,Parc Jae Jung,Focus - Single,K-Pop,1.29,1.29,2017-06-29 12:00:00+00:00,295565
1852946928,Focus,KWESI AMEWUGA,Young Landguard,Afro-Beat,1.29,10.99,2023-07-21 12:00:00+00:00,187456
1708946813,Focus (Rufus Dipper Remix),Jacob Whitesides,Why?,Singer/Songwriter,1.29,9.99,2016-09-09 07:00:00+00:00,193689
1645432527,Focus,Rezident,Blurred Focus - EP,House,,,2020-07-31 12:00:00+00:00,357026
1535273752,Focus,Dawkins & Dawkins,Focus,Christian,1.29,9.99,1998-08-25 12:00:00+00:00,220467
1793708086,Focus (Mixed),Dan Kye,fabric presents Bonobo (DJ Mix),Dance,,,2019-02-22 12:00:00+00:00,161400
1371398115,Focus (Netsky Remix),Elias,Focus - Single,Pop,1.29,1.99,2018-04-20 12:00:00+00:00,219429
639911536,Focus,Chipzel,Super Hexagon - Single,Electronic,0.99,2.97,2012-02-08 12:00:00+00:00,162222
1819162602,FOCUS (Slowed & Reverb),quietshadow,FOCUS - Single,Electronic,1.29,2.58,2025-06-13 12:00:00+00:00,124716
1260634679,Focus,C WEST,Focus - Single,Gospel,1.29,1.29,2017-07-28 12:00:00+00:00,213853
1165790208,Focus,Study Now,"Sleep: Music for Sleeping, Soothing Piano for Babies, Relaxation, Sleep Aid, Lullaby, Bedtime, Meditation",Ambient,1.29,10.99,2016-09-03 12:00:00+00:00,82924
1453984033,Duniyaa,Akhil & Dhvani Bhanushali,Luka Chuppi (Original Motion Picture Soundtrack),Bollywood,0.99,4.95,2019-02-22 12:00:00+00:00,222501
1539626721,Bollywood,Sandro Silva & Willy William,Bollywood - Single,Dance,1.29,1.29,2020-11-20 12:00:00+00:00,176863
1181809040,Nashe Si Chadh Gayi,"Vishal & Shekhar, Arijit Singh & Caralisa Monteiro",Befikre (Original Motion Picture Soundtrack),Bollywood,0.69,3.99,2016-10-18 07:00:00+00:00,244845
1330402044,Bollywood,Dreamgirl,Dreamgirl,Pop,0.99,8.91,2018-01-01 12:00:00+00:00,216224
1529555769,Makhna,"Tanishk Bagchi, Yasser Desai & Asees Kaur",Drive (Original Motion Picture Soundtrack),Bollywood,1.29,6.45,2019-10-03 12:00:00+00:00,183000
1734233958,"Naina (From ""Crew"")","Diljit Dosanjh, Badshah & Raj Ranjodh","Naina (From ""Crew"") - Single",Soundtrack,1.29,1.29,2024-03-05 12:00:00+00:00,180000
738514222,Bollywood (Saxo.Club Mix),Rico Bernasconi & Sasha Dith,Buddha Bar - Best Of,Electronic,0.99,13.99,2001-01-01 12:00:00+00:00,318080
966956762,Bollywood,Patrick Watson,Love Songs for Robots,Alternative,1.29,9.99,2015-05-08 12:00:00+00:00,378947
1066262792,Bollywood (Acoustic Guitar),New Years Eve Romantic Song Specialists,"New Years Eve Romantic Dinner – Smooth Jazz, Lounge & Sexy Guitar Dinner Music for New Year's Eve Romantic Night",Instrumental,0.99,9.99,2015-11-30 12:00:00+00:00,298022
1747916344,"Soni Soni (From ""Ishq Vishk Rebound"")","Darshan Raval, Jonita Gandhi & Rochak Kohli","Soni Soni (From ""Ishq Vishk Rebound"") - Single",Soundtrack,1.29,1.29,2024-05-24 12:00:00+00:00,176875
1440510390,Bollywood,Anamanaguchi,Scott Pilgrim vs. the World: The Game (Original Videogame Soundtrack),Soundtrack,1.29,8.99,2010-01-01 12:00:00+00:00,125480
1558959946,Bollywood,The Black Skirts,THIRSTY,K-Pop,1.29,9.99,2019-02-12 12:00:00+00:00,233000
1772099951,BOLLYWOOD,ANDRO,BOLLYWOOD - Single,R&B/Soul,1.29,1.29,2024-10-18 12:00:00+00:00,163299
1519323930,Bollywood (Remix),Akhil,Bollywood (Remix) - Single,Indian Pop,1.29,1.29,2020-06-17 12:00:00+00:00,166580
1417214464,Bollywood,Akhil,Bollywood - Single,Indian Pop,1.29,1.29,2017-12-13 12:00:00+00:00,155755
1754562159,"Tauba Tauba (From ""Bad Newz"")",Karan Aujla,"Tauba Tauba (From ""Bad Newz"") - Single",Bollywood,1.29,1.29,2024-07-02 12:00:00+00:00,207158
1324456545,Dil Diyan Gallan,Vishal & Shekhar & Atif Aslam,Tiger Zinda Hai (Original Motion Picture Soundtrack),Bollywood,0.69,,2017-12-02 12:00:00+00:00,260537
1580955743,Raataan Lambiyan,"Tanishk Bagchi, Jubin Nautiyal & Asees Kaur",Shershaah (Original Motion Picture Soundtrack),Bollywood,1.29,6.99,2021-09-01 12:00:00+00:00,230292
1348996914,Bom Diggy Diggy,Zack Knight & Jasmin Walia,Sonu Ke Titu Ki Sweety (Original Motion Picture Soundtrack),Bollywood,0.99,6.99,2018-02-08 12:00:00+00:00,238530
1659644978,Jhoome Jo Pathaan,"Vishal & Shekhar, Arijit Singh, Sukriti Kakar, Vishal Dadlani & Shekhar Ravjiani",Pathaan (Original Motion Picture Soundtrack),Bollywood,0.69,,2022-12-22 12:00:00+00:00,208164
1267390213,Hawayein,Pritam & Arijit Singh,Jab Harry Met Sejal (Original Motion Picture Soundtrack),Bollywood,1.29,9.99,2017-07-26 12:00:00+00:00,290000
1189134857,The Humma Song,"A.R. Rahman, Badshah, Tanishk Bagchi, Shashaa Tirupati & Jubin Nautiyal",OK Jaanu (Original Motion Picture Soundtrack),Bollywood,1.29,6.99,2016-12-15 08:00:00+00:00,179658
1407156328,"Dilbar (From ""Satyameva Jayate"")","Neha Kakkar, Dhvani Bhanusali, Ikka & Tanishk Bagchi","Dilbar (From ""Satyameva Jayate"") - Single",Bollywood,,,2018-07-04 07:00:00+00:00,184433
1580955750,Ranjha,Jasleen Royal & B. Praak,Shershaah (Original Motion Picture Soundtrack),Bollywood,1.29,6.99,2021-08-05 12:00:00+00:00,228855
1529568809,Kala Chashma,"Amar Arshi, Badshah, Neha Kakkar & Indeep Bakshi",Baar Baar Dekho (Original Motion Picture Soundtrack),Bollywood,1.29,7.74,2016-07-27 12:00:00+00:00,187006
673596462,Tujh Mein Rab Dikhta Hai,Roop Kumar Rathod,Rab Ne Bana Di Jodi (Original Motion Picture Soundtrack),Bollywood,0.69,,2008-11-06 12:00:00+00:00,281574
1437792066,Proper Patola,"Badshah, Diljit Dosanjh & Aastha Gill",Namaste England (Original Motion Picture Soundtrack),Bollywood,1.29,5.99,2018-10-03 12:00:00+00:00,178605
1088788681,Kar Gayi Chull,"Badshah, Amaal Mallik, Fazilpuria, Sukriti Kakar & Neha Kakkar",Kapoor & Sons (Since 1921) [Original Motion Picture Soundtrack],Bollywood,1.29,3.99,2016-02-26 08:00:00+00:00,187711
1537030225,Tera Hone Laga Hoon,"Atif Aslam, Alisha Chinai & Pritam",Ajab Prem Ki Ghazab Kahani (Original Motion Picture Soundtrack),Bollywood,1.29,13.99,2009-01-15 12:00:00+00:00,299827
1070912803,Badtameez Dil,"Pritam, Benny Dayal & Shefali Alvares",Yeh Jawaani Hai Deewani (Original Motion Picture Soundtrack),Bollywood,0.99,7.99,2013-03-30 07:00:00+00:00,252760
1070912810,Balam Pichkari,"Pritam, Vishal Dadlani & Shalmali Kholgade",Yeh Jawaani Hai Deewani (Original Motion Picture Soundtrack),Bollywood,0.99,7.99,2013-03-30 07:00:00+00:00,288903
1644884740,"Manike (From ""Thank God"")","Yohani, Jubin Nautiyal, Tanishk Bagchi, Surya Ragunnathan, Surya Ragunaathan, Chamath Sangeeth, Rashmi Virag, Dulan ARX & Mellow D","Manike (From ""Thank God"") - Single",Bollywood,0.99,0.99,2022-09-17 12:00:00+00:00,197474
1498221127,Bollywood,Panos Mouzourakis,Bollywood - Single,Pop,,,2020-02-14 12:00:00+00:00,186147
887456975,Samjhawan,"Jawad Ahmed, Sharib Toshi, Arijit Singh & Shreya Ghoshal",Humpty Sharma Ki Dulhania (Original Motion Picture Soundtrack),Bollywood,1.29,4.99,2014-06-15 07:00:00+00:00,269185
1057567670,Gerua,"Pritam, Arijit Singh & Antara Mitra",Dilwale (Original Motion Picture Soundtrack),Bollywood,1.29,8.99,2015-11-17 12:00:00+00:00,345559
1468448744,Tera Ban Jaunga,Akhil Sachdeva & Tulsi Kumar,Kabir Singh (Original Motion Picture Soundtrack),Bollywood,0.99,7.99,2019-06-14 12:00:00+00:00,236437
1130322151,Chaiyya Chaiyya,Sukhwinder Singh & Sapna Awasthi,Dil Se (Original Motion Picture Soundtrack),Bollywood,1.29,6.99,1998-07-08 07:00:00+00:00,406849
1110859713,Soch Na Sake,"Amaal Mallik, Arijit Singh & Tulsi Kumar",Airlift (Original Motion Picture Soundtrack),Bollywood,0.99,4.95,2015-12-17 08:00:00+00:00,281323
1123225125,Chammak Challo,Akon & Hamsika Iyer,Ra-One (Original Motion Picture Soundtrack),Bollywood,0.99,10.99,2011-09-12 07:00:00+00:00,227091
1829701947,"Pardesiya (From ""Param Sundari"")","Sachin-Jigar, Sonu Nigam & Krishnakali Saha","Pardesiya (From ""Param Sundari"") - Single",Soundtrack,1.29,1.29,2025-07-30 12:00:00+00:00,231739
264849919,Tere Bina,"A.R. Rahman, Chinmayi Sripada, Murtuza Khan & Qadir Khan",Guru (Original Motion Picture Soundtrack),Bollywood,1.29,5.99,2006-11-16 08:00:00+00:00,309640
1070912823,Dilliwaali Girlfriend,"Pritam, Arijit Singh & Sunidhi Chauhan",Yeh Jawaani Hai Deewani (Original Motion Picture Soundtrack),Bollywood,0.99,7.99,2013-03-30 07:00:00+00:00,260552
1073359419,Tum Hi Ho,Mithoon & Arijit Singh,Aashiqui 2 (Original Motion Picture Soundtrack),Bollywood,0.99,8.99,2013-03-16 07:00:00+00:00,261974
1468448742,Tujhe Kitna Chahne Lage,Arijit Singh,Kabir Singh (Original Motion Picture Soundtrack),Bollywood,0.99,7.99,2019-05-31 12:00:00+00:00,284780
1677934771,"Janiye (From the Netflix Film ""Chor Nikal Ke Bhaga"") [feat. Rashmeet Kaur]",Vishal Mishra,"Janiye (feat. Rashmeet Kaur) [From the Netflix Film ""Chor Nikal Ke Bhaga""]  - Single",Original Score,0.99,0.99,2023-03-17 12:00:00+00:00,223390
1073359663,Chahun Main Ya Naa,Palak Muchhal & Arijit Singh,Aashiqui 2 (Original Motion Picture Soundtrack),Bollywood,0.99,8.99,2013-04-03 07:00:00+00:00,304900
1174924381,Ae Dil Hai Mushkil (Title Track),Pritam & Arijit Singh,Ae Dil Hai Mushkil (Deluxe Edition) [Original Motion Picture Soundtrack],Bollywood,1.29,7.99,2016-08-31 07:00:00+00:00,269032
1633295839,Bollywood,Quebonafide & Czesław Mozil,Egzotyka,Hip-Hop/Rap,1.29,9.99,2017-06-07 12:00:00+00:00,269210
1807793250,Tu Tu Hai Wahi,"RUUH, JOH, Jubin Nautiyal & Jonita Gandhi",Tu Tu Hai Wahi - Single,Pop,1.29,1.29,2025-04-21 12:00:00+00:00,155278
1263940994,"Hawayein (From ""Jab Harry Met Sejal"")",Pritam & Arijit Singh,"Hawayein (From ""Jab Harry Met Sejal"") - Single",Bollywood,1.29,1.29,2017-07-26 07:00:00+00:00,290000
1688981130,"Tere Vaaste (From ""Zara Hatke Zara Bachke"")","Sachin-Jigar, Varun Jain, Shadab Faridi, Altamash Faridi & Amitabh Bhattacharya","Tere Vaaste (From ""Zara Hatke Zara Bachke"") - Single",Bollywood,1.29,1.29,2023-05-22 12:00:00+00:00,189136
1726548488,"Akhiyaan Gulaab (From ""Teri Baaton Mein Aisa Uljha Jiya"")",Mitraz,"Akhiyaan Gulaab (From ""Teri Baaton Mein Aisa Uljha Jiya"") - Single",Bollywood,1.29,1.29,2024-01-19 12:00:00+00:00,171147
1169015785,Channa Mereya,Pritam & Arijit Singh,Ae Dil Hai Mushkil (Original Motion Picture Soundtrack),Bollywood,1.29,4.99,2016-09-29 07:00:00+00:00,289333
300388792,Kal Ho Naa Ho,Shankar Ehsaan Loy & Sonu Nigam,Kal Ho Naa Ho (Original Motion Picture Soundtrack),Bollywood,1.29,6.99,2003-09-27 07:00:00+00:00,321240
1205913429,Humsafar,Akhil Sachdeva & Mansheel Gujral,Badrinath Ki Dulhania (Original Motion Picture Soundtrack),Bollywood,0.99,4.95,2017-02-21 12:00:00+00:00,268463
1476658854,O Saki Saki,"Neha Kakkar, Tulsi Kumar & B. Praak",Batla House (Original Motion Picture Soundtrack),Bollywood,0.99,2.97,2019-07-15 12:00:00+00:00,191089
1169015786,The Breakup Song,"Pritam, Arijit Singh, Badshah, Jonita Gandhi & Nakash Aziz",Ae Dil Hai Mushkil (Original Motion Picture Soundtrack),Bollywood,1.29,4.99,2016-10-13 12:00:00+00:00,252632
1442967166,Song: Dola Re,"Kavita Krishnamurthy, Shreya Ghoshal & KK","Devdas - An Adaptation of Sarat Chandra Chattopadhyay's ""Devdas"" (Original Soundtrack)",Soundtrack,0.99,9.99,2002-04-02 12:00:00+00:00,303387
1478998926,"Ghungroo (From ""War"")","Arijit Singh, Shilpa Rao & Vishal & Shekhar","Ghungroo (From ""War"") - Single",Bollywood,1.29,1.29,2019-09-05 12:00:00+00:00,302929
1169015776,Ae Dil Hai Mushkil (Title Track),Pritam & Arijit Singh,Ae Dil Hai Mushkil (Original Motion Picture Soundtrack),Bollywood,1.29,4.99,2016-08-30 07:00:00+00:00,269032
1495947509,"Shayad (From ""Love Aaj Kal"")",Pritam & Arijit Singh,"Shayad (From ""Love Aaj Kal"") - Single",Bollywood,1.29,1.29,2020-01-22 12:00:00+00:00,247941
1123241858,Phir Se Ud Chala,Mohit Chauhan,Rockstar (Original Motion Picture Soundtrack),Bollywood,1.29,7.99,2011-09-30 07:00:00+00:00,268833
300388195,Bole Chudiyan,"Amit Kumar, Jatin-Lalit, Sonu Nigam, Alka Yagnik, Udit Narayan & Kavita Krishnamurthy",Kabhi Khushi Kabhie Gham (Original Motion Picture Soundtrack),Bollywood,1.29,6.99,2001-11-28 08:00:00+00:00,408133
1653219849,"Apna Bana Le (From ""Bhediya"")","Arijit Singh, Sachin-Jigar & Amitabh Bhattacharya","Apna Bana Le (From ""Bhediya"") - Single",Bollywood,1.29,1.29,2022-11-05 12:00:00+00:00,261702
1635014240,"Kesariya (From ""Brahmastra"")","Pritam, Arijit Singh & Amitabh Bhattacharya","Kesariya (From ""Brahmastra"") - Single",Bollywood,1.29,1.29,2022-07-17 12:00:00+00:00,268165
1070912815,Ilahi,Pritam & Arijit Singh,Yeh Jawaani Hai Deewani (Original Motion Picture Soundtrack),Bollywood,0.99,7.99,2013-03-30 07:00:00+00:00,228982
1842076711,Jeena Jeena,"Sachin-Jigar, Atif Aslam & Priya Saraiya",Badlapur (Original Motion Picture Soundtrack),Bollywood,1.29,9.99,2015-01-15 12:00:00+00:00,228969
327458459,Iktara,"Amit Trivedi, Kavita Seth & Amitabh Bhattacharya",Wake Up Sid (Original Motion Picture Soundtrack),Bollywood,1.29,4.99,2009-08-21 07:00:00+00:00,253773
1116194835,London Thumakda,"Labh Janjua, Sonu Kakkar, Neha Kakkar & Amit Trivedi",Queen (Original Motion Picture Soundtrack),Bollywood,0.99,6.99,2014-01-30 08:00:00+00:00,230468
1361492499,O Saathi,Atif Aslam,Baaghi 2 (Original Motion Picture Soundtrack),Bollywood,1.29,6.99,2018-03-09 12:00:00+00:00,251819
1070912818,Kabira,"Pritam, Tochi Raina & Rekha Bhardwaj",Yeh Jawaani Hai Deewani (Original Motion Picture Soundtrack),Bollywood,0.99,7.99,2013-03-30 07:00:00+00:00,223460
1259708010,"Mere Rashke Qamar (From ""Baadshaho"")","Nusrat Fateh Ali Khan, Rahat Fateh Ali Khan & Tanishk Bagchi","Mere Rashke Qamar (From ""Baadshaho"") - Single",Bollywood,,,2017-07-14 07:00:00+00:00,220382
1537030272,Tu Jaane Na,Atif Aslam & Pritam,Ajab Prem Ki Ghazab Kahani (Original Motion Picture Soundtrack),Bollywood,1.29,13.99,2009-01-15 12:00:00+00:00,341933
1808371126,Bollywood,Nej,Bollywood - Single,R&B/Soul,1.29,1.29,2025-01-31 12:00:00+00:00,172875
1111783498,Abhi Toh Party Shuru Hui Hai,Badshah & Aastha,Khoobsurat (Original Motion Picture Soundtrack),Bollywood,0.99,4.99,2014-08-08 07:00:00+00:00,179912
1169015784,Bulleya,"Pritam, Amit Mishra & Shilpa Rao",Ae Dil Hai Mushkil (Original Motion Picture Soundtrack),Bollywood,1.29,4.99,2016-09-16 12:00:00+00:00,348966
1579338277,"Ranjha (From ""Shershaah"")",Jasleen Royal & B. Praak,"Ranjha (From ""Shershaah"") - Single",Bollywood,1.29,1.29,2021-08-05 12:00:00+00:00,228855
1529525315,Zaalima,Arijit Singh & Harshdeep Kaur,Raees (Original Motion Picture Soundtrack),Bollywood,1.29,9.99,2017-01-04 12:00:00+00:00,299333
1071079478,Ajab Si,KK & Vishal & Shekhar,Om Shanti Om (Original Motion Picture Soundtrack),Bollywood,0.99,8.99,2005-03-02 12:00:00+00:00,241668
1589820724,Bollywood,Loredana Bertè,Manifesto,Pop,,,2021-10-25 07:00:00+00:00,183413
1536517341,Main Rang Sharbaton Ka,"Atif Aslam, Chinmayi Sripada & Pritam",Phata Poster Nikhla Hero (Original Motion Picture Soundtrack),Bollywood,1.29,9.99,2013-08-26 12:00:00+00:00,263152
1468448743,Mere Sohneya,Sachet Tandon & Parampara Tandon,Kabir Singh (Original Motion Picture Soundtrack),Bollywood,0.99,7.99,2019-06-06 12:00:00+00:00,193356
1842069636,Dooriyan,Pritam & Mohit Chauhan,Love Aaj Kal (Original Motion Picture Soundtrack),Bollywood,1.29,9.99,2009-07-31 12:00:00+00:00,337360
1071074558,Agar Tum Saath Ho,Alka Yagnik & Arijit Singh,Tamasha (Original Motion Picture Soundtrack),Bollywood,0.99,7.99,2015-10-09 07:00:00+00:00,341055
1071192712,Gallan Goodiyaan,"Yashita Sharma, Manish Kumar Tipu, Farhan Akhtar, Shankar Mahadevan & Sukhwinder Singh",Dil Dhadakne Do (Original Motion Picture Soundtrack),Bollywood,0.99,4.95,2015-05-02 07:00:00+00:00,296500
1578079453,"Raataan Lambiyan (From ""Shershaah"")","Tanishk Bagchi, Jubin Nautiyal & Asees Kaur","Raataan Lambiyan (From ""Shershaah"") - Single",Bollywood,1.29,1.29,2021-09-01 12:00:00+00:00,230292
1730725583,Sajni,"Arijit Singh, Ram Sampath & Prashant Pandey",Laapataa Ladies (Original Motion Picture Soundtrack),Bollywood,0.99,3.96,2024-02-12 12:00:00+00:00,170045
1189133564,Enna Sona,A.R. Rahman & Arijit Singh,OK Jaanu (Original Motion Picture Soundtrack),Bollywood,1.29,6.99,2016-12-22 08:00:00+00:00,213647
1348996908,Dil Chori,"Yo Yo Honey Singh, Simar Kaur & Ishers",Sonu Ke Titu Ki Sweety (Original Motion Picture Soundtrack),Bollywood,0.99,6.99,2017-12-26 12:00:00+00:00,226696
1543494587,"Husnn Hai Suhaana New (from ""Coolie No. 1"")",Chandana Dixit & Abhijeet,"Husnn Hai Suhaana New (from ""Coolie No. 1"") - Single",Soundtrack,1.29,1.29,2020-12-08 12:00:00+00:00,267417
1073359420,Sunn Raha Hai,Ankit Tiwari,Aashiqui 2 (Original Motion Picture Soundtrack),Bollywood,0.99,8.99,2013-04-03 07:00:00+00:00,390223
1556794050,Nadiyon Paar (Let the Music Play Again),"Sachin-Jigar, Rashmeet Kaur, Shamur & IP Singh",Roohi (Original Motion Picture Soundtrack),Bollywood,1.29,5.99,2021-03-03 12:00:00+00:00,164046
1659644977,Besharam Rang,"Vishal & Shekhar, Shilpa Rao, Caralisa Monteiro, Vishal Dadlani & Shekhar Ravjiani",Pathaan (Original Motion Picture Soundtrack),Bollywood,0.69,,2022-12-12 12:00:00+00:00,258474
1529544908,Kalank (Title Track),Arijit Singh,Kalank (Original Motion Picture Soundtrack),Bollywood,1.29,9.99,2018-03-22 12:00:00+00:00,311186
1205913430,Badri Ki Dulhania (Title Track),"Dev Negi, Neha Kakkar, Monali Thakur & Ikka",Badrinath Ki Dulhania (Original Motion Picture Soundtrack),Bollywood,0.99,4.95,2017-02-06 08:00:00+00:00,206859
300388928,Maahi Ve,"Shankar Ehsaan Loy, Shankar Mahadevan, Sadhana Sargam, Sujata Bhattacharya, Udit Narayan & Sonu Nigam",Kal Ho Naa Ho (Original Motion Picture Soundtrack),Bollywood,1.29,6.99,2003-09-15 07:00:00+00:00,366853
1738426009,Kiddan Zaalima,Vishal Mishra & Raj Shekhar,Crew (Original Motion Picture Soundtrack),Soundtrack,1.29,9.99,2024-03-28 12:00:00+00:00,174454
1123140184,Sheila Ki Jawani,"Sunidhi Chauhan, Vishal Dadlani & Vishal & Shekhar",Tees Maar Khan (Original Motion Picture Soundtrack),Bollywood,0.99,5.99,2010-11-15 08:00:00+00:00,281707
1110891637,Sanam Re,Mithoon & Arijit Singh,Sanam Re (Original Motion Picture Soundtrack),Bollywood,0.99,6.99,2015-12-22 08:00:00+00:00,308714
1074829986,Mast Magan,Arijit Singh & Chinmayi Sripada,2 States (Original Motion Picture Soundtrack),Bollywood,0.99,4.99,2014-03-14 07:00:00+00:00,280161
1674575651,Time in a Bottle,Jim Croce,You Don't Mess Around With Jim,Singer/Songwriter,1.29,9.99,1972-04-01 12:00:00+00:00,148587
1442962169,Coming Home (feat. Skylar Grey),Diddy - Dirty Money & Skylar Grey,Last Train to Paris (Deluxe Version),Hip-Hop/Rap,1.29,9.99,2010-12-14 12:00:00+00:00,238693
1702461667,"Chaleya (From ""Jawan"")","Anirudh Ravichander, Arijit Singh, Shilpa Rao & Kumaar","Chaleya (From ""Jawan"") - Single",Bollywood,1.29,1.29,2023-08-14 12:00:00+00:00,200374
1468448738,Bekhayali,Sachet Tandon,Kabir Singh (Original Motion Picture Soundtrack),Bollywood,0.99,7.99,2019-05-24 12:00:00+00:00,371791
1468448741,Kaise Hua,Vishal Mishra,Kabir Singh (Original Motion Picture Soundtrack),Bollywood,0.99,7.99,2019-06-13 12:00:00+00:00,234722
1348996917,Tera Yaar Hoon Main,Arijit Singh,Sonu Ke Titu Ki Sweety (Original Motion Picture Soundtrack),Bollywood,0.99,6.99,2018-02-14 12:00:00+00:00,264806
673521359,Khuda Jaane,"Vishal & Shekhar, KK & Shilpa Rao",Bachna Ae Haseeno (Original Soundtrack),Bollywood,0.69,,2008-07-05 12:00:00+00:00,337040
1447936149,Aankh Marey,"Neha Kakkar, Mika Singh & Kumar Sanu",Simmba (Original Motion Picture Soundtrack),Bollywood,0.99,5.99,2018-12-06 12:00:00+00:00,212741
1718278234,Pehle Bhi Main,Vishal Mishra & Raj Shekhar,ANIMAL (Original Motion Picture Soundtrack),Bollywood,1.29,8.99,2023-11-24 12:00:00+00:00,250158
293102930,The Promise,Tracy Chapman,New Beginning,Singer/Songwriter,1.29,9.99,1995-11-14 08:00:00+00:00,327867
1529544907,First Class,Arijit Singh & Neeti Mohan,Kalank (Original Motion Picture Soundtrack),Bollywood,1.29,9.99,2019-03-22 12:00:00+00:00,276960
1070912834,Kabira (Encore),"Pritam, Harshdeep & Arijit Singh",Yeh Jawaani Hai Deewani (Original Motion Picture Soundtrack),Bollywood,0.99,7.99,2013-03-30 07:00:00+00:00,270439
962947373,La Vie En Rose,Daniela Andrade,La Vie En Rose - Single,Singer/Songwriter,1.29,1.29,2015-01-28 12:00:00+00:00,105500
486353435,Abhi Mujh Mein Kahin,Sonu Nigam & Ajay-Atul,Agneepath (Original Motion Picture Soundtrack),Bollywood,1.29,4.99,2011-12-16 08:00:00+00:00,364787
1244430615,Main Tera Boyfriend,"Arijit Singh, Neha Kakkar & Meet Bros",Raabta (Original Motion Picture Soundtrack),Bollywood,0.99,5.99,2017-06-03 12:00:00+00:00,276153
1581006912,Lover,Diljit Dosanjh,MoonChild Era,Indian Pop,1.29,11.61,2021-08-21 12:00:00+00:00,190000
1123241921,Kun Faya Kun,"A.R. Rahman, Javed Ali & Mohit Chauhan",Rockstar (Original Motion Picture Soundtrack),Bollywood,1.29,7.99,2011-09-30 07:00:00+00:00,470500
1439673822,Morni Banke,Guru Randhawa & Neha Kakkar,Badhaai Ho (Original Motion Picture Soundtrack),Bollywood,0.99,3.96,2018-09-26 12:00:00+00:00,198026
293939865,Desi Girl,"Shankar Mahadevan, Vishal & Shekhar, Vishal Dadlani & Sunidhi Chauhan",Dostana (Original Motion Picture Soundtrack),Bollywood,1.29,5.99,2008-10-06 12:00:00+00:00,306987
1447936150,Tere Bin,"Rahat Fateh Ali Khan, Asees Kaur & Tanishk Bagchi",Simmba (Original Motion Picture Soundtrack),Bollywood,0.99,5.99,2018-12-14 12:00:00+00:00,230948
1705952066,Chaleya,"Anirudh Ravichander, Arijit Singh, Shilpa Rao & Kumaar",Jawan (Original Motion Picture Soundtrack),Bollywood,1.29,7.99,2023-08-14 07:00:00+00:00,200374
1649039974,Maan Meri Jaan,King,Champagne Talk,Indian Pop,1.29,4.99,2022-10-12 12:00:00+00:00,194654
1340774328,Maula Mere Maula,Roop Kumar Rathod,Anwar (Original Motion Picture Soundtrack),Bollywood,1.29,9.99,2006-01-01 12:00:00+00:00,364330
1111829464,Sooraj Dooba Hain,Arijit Singh & Aditi Singh Sharma,Roy (Original Motion Picture Soundtrack),Bollywood,0.99,5.99,2014-12-22 08:00:00+00:00,264854
1729156766,Akhiyaan Gulaab,Mitraz,Teri Baaton Mein Aisa Uljha Jiya (Original Motion Picture Soundtrack) - EP,Bollywood,0.99,3.96,2024-01-19 12:00:00+00:00,171147
1594371605,"Kusu Kusu (From ""Satyameva Jayate 2"") [feat. Nora Fatehi]","Tanishk Bagchi, Zahrah S Khan & Dev Negi","Kusu Kusu (From ""Satyameva Jayate 2"") [feat. Nora Fatehi] - Single",Bollywood,1.29,1.29,2021-11-11 12:00:00+00:00,195616
1431715762,"Dekhte Dekhte (From ""Batti Gul Meter Chalu"")","Atif Aslam, Nusrat Fateh Ali Khan & Rochak Kohli","Dekhte Dekhte (From ""Batti Gul Meter Chalu"") - Single",Bollywood,,,2018-08-21 07:00:00+00:00,256271
1369980734,Buzz (feat. Badshah),Aastha Gill,Buzz (feat. Badshah) - Single,Indian Pop,1.29,1.29,2018-04-12 07:00:00+00:00,193672
1480924702,"Jai Jai Shivshankar (From ""War"")","Vishal Dadlani, Benny Dayal & Vishal & Shekhar","Jai Jai Shivshankar (From ""War"") - Single",Bollywood,1.29,1.29,2019-09-21 12:00:00+00:00,230549
556951504,Ishq Wala Love,"Vishal & Shekhar, Neeti Mohan, Salim Merchant & Shekhar Ravjiani",Student of the Year (Original Motion Picture Soundtrack),Bollywood,1.29,6.99,2012-08-31 07:00:00+00:00,257973
1123340746,Pee Loon,Pritam & Mohit Chauhan,Once Upon a Time In Mumbaai (Original Motion Picture Soundtrack),Bollywood,0.99,7.99,2010-06-29 07:00:00+00:00,285687
1534551264,Tu Meri,Vishal Dadlani & Vishal & Shekhar,Bang Bang (Original Motion Picture Soundtrack),Bollywood,1.29,6.45,2014-08-24 12:00:00+00:00,257089
1493527102,"Illegal Weapon 2.0 (From ""Street Dancer 3D"")","Jasmine Sandlas, Garry Sandhu, Tanishk Bagchi & Intense","Illegal Weapon 2.0 (From ""Street Dancer 3D"") - Single",Bollywood,0.99,0.99,2020-01-04 12:00:00+00:00,188606
1347940112,Punjabi,Timmy Trumpet & Dimatik,Punjabi - Single,Punjabi,1.29,1.29,2017-09-25 12:00:00+00:00,210212
1730125190,Punjabi,Arjan Dhillon & MXRCI,Saroor,Pop,0.99,8.99,2023-06-29 12:00:00+00:00,173662
315480508,Punjabi (feat. Nirmal Sidhu),Surinder Sangha & Nirmal Sidhu,Braveheart,Worldwide,0.99,7.92,2009-04-03 12:00:00+00:00,312187
1523568420,Punjabi,BAD NINJA,Tai Sabaki,Bass,1.29,4.99,2020-07-15 12:00:00+00:00,142838
1608356084,Pasoori,Shae Gill & Ali Sethi,Pasoori - Single,Pop,1.29,1.29,2022-02-07 12:00:00+00:00,224147
1675886526,09:45,Prabh Singh & Jay Trak,9:45 - Single,Hip-Hop/Rap,0.99,0.99,2023-03-09 12:00:00+00:00,117606
1562346959,Insane,"AP Dhillon, Shinda Kahlon, Gurinder Gill & Gminxr",Insane - Single,Pop,0.99,0.99,2021-04-15 07:00:00+00:00,206061
1779786209,Wavy,Karan Aujla & Jay Trak,Wavy - Single,New Age,0.99,0.99,2024-11-15 12:00:00+00:00,161000
726958024,Punjabi (feat. Surinder Shinda),RAV-E,Punjabi (feat. Surinder Shinda) - Single,Worldwide,0.99,1.98,2013-10-17 12:00:00+00:00,272069
1639343742,So High,Sidhu Moose Wala,So High - Single,Punjabi,1.29,1.29,2017-08-17 12:00:00+00:00,233767
1531596345,Brown Munde,"AP Dhillon, Gminxr, Gurinder Gill & Shinda Kahlon",Brown Munde - Single,Hip-Hop/Rap,0.99,0.99,2020-09-18 12:00:00+00:00,254400
1588418743,Excuses,"AP Dhillon, Gurinder Gill & Intense",Excuses - Single,Worldwide,0.99,0.99,2020-07-23 12:00:00+00:00,176233
475437199,Punjabi,Nachhatar Gill,Akhiyaan,Indian Pop,0.99,6.99,2009-01-11 12:00:00+00:00,244960
1478452432,Punjabi (feat. Bakshi Billa),Pree Mayall,Punjabi (feat. Bakshi Billa) - Single,Hip-Hop/Rap,0.99,0.99,2019-08-28 12:00:00+00:00,112326
326141507,Punjabi,Jaswinder Daghamia,Yaar Nai Labhde,Worldwide,0.99,9.9,2007-12-01 12:00:00+00:00,252813
1523521149,G.O.A.T.,Diljit Dosanjh,G.O.A.T.,Indian Pop,0.99,14.99,2020-07-29 07:00:00+00:00,223636
1596475460,Tere Te,AP Dhillon & Gurinder Gill,Hidden Gems - EP,Punjabi Pop,0.99,5.94,2021-11-21 12:00:00+00:00,114419
645918257,Satisfya,Imran Khan,Satisfya - Single,Hip-Hop/Rap,0.99,0.99,2013-01-01 12:00:00+00:00,180056
1635085707,No Love,Shubh,No Love - Single,Punjabi Pop,0.99,0.99,2022-02-25 08:00:00+00:00,170388
324549186,Bewafa,Imran Khan,Unforgettable,Worldwide,0.99,9.99,2009-07-27 12:00:00+00:00,224853
1745062759,Winning Speech,Karan Aujla & MXRCI,Winning Speech - Single,Pop,0.99,0.99,2024-05-17 12:00:00+00:00,227442
1748567106,Jhol,Maanu & Annural Khalid,Jhol - Single,Pop,1.29,1.29,2024-06-14 12:00:00+00:00,265817
1493461962,Punjabi (feat. Bakshi Billa),Pree Mayall,Kiddan?,Worldwide,0.99,9.99,2019-08-28 12:00:00+00:00,112326
1627488351,Punjabi,Wstd.w.me,Underground (Instrumental Version),Alternative,0.99,9.9,2022-06-28 12:00:00+00:00,122009
1648624479,Wo Noor,AP Dhillon,Two Hearts Never Break the Same - EP,Punjabi Pop,0.99,5.94,2022-10-07 12:00:00+00:00,199420
1648624705,Dil Nu,AP Dhillon & Shinda Kahlon,Two Hearts Never Break the Same - EP,Punjabi Pop,0.99,5.94,2022-10-07 12:00:00+00:00,233666
1596475453,Desires,AP Dhillon & Gurinder Gill,Hidden Gems - EP,Punjabi Pop,0.99,5.94,2021-11-21 12:00:00+00:00,168000
1710378962,Hass Hass,"Diljit Dosanjh, Sia & Greg Kurstin",Hass Hass - Single,Indian Pop,1.29,1.29,2023-10-27 12:00:00+00:00,153016
1208038848,Na Ja,Pav Dharia,Na Ja - Single,Indian,1.29,1.29,2017-02-20 08:00:00+00:00,208000
1700880858,With You,AP Dhillon,With You - Single,Punjabi,0.99,0.99,2023-08-11 12:00:00+00:00,154554
1697533664,Admirin' You (feat. Preston Pablo),Karan Aujla & Ikky,Making Memories,Indian Pop,1.29,9.99,2023-08-04 12:00:00+00:00,214750
1826786269,Never Fold,Sidhu Moose Wala,No Name - EP,New Age,0.99,4.95,2022-04-25 12:00:00+00:00,180624
1826785702,The Last Ride,Sidhu Moose Wala,The Last Ride - Single,New Age,0.99,0.99,2022-05-15 12:00:00+00:00,262247
1687649562,Cheques,Shubh,Still Rollin,Hip-Hop,1.29,9.03,2023-05-19 12:00:00+00:00,183757
1325390805,Lahore,Guru Randhawa,Lahore - Single,Indian Pop,0.99,0.99,2017-12-14 12:00:00+00:00,197391
1273803805,Bom Diggy,Zack Knight & Jasmin Walia,Bom Diggy - Single,Indian Pop,0.99,0.99,2017-08-24 12:00:00+00:00,207692
1657665086,White Brown Black,Avvy Sra & Karan Aujla,White Brown Black - Single,Indian Pop,,,2022-12-09 12:00:00+00:00,176000
1714131801,Kinni Kinni,Diljit Dosanjh,Ghost,Punjabi Pop,0.99,9.99,2023-09-29 12:00:00+00:00,213344
1687649546,Still Rollin,Shubh,Still Rollin,Hip-Hop,1.29,9.03,2023-05-19 12:00:00+00:00,174730
1641674741,Baller,Shubh & Ikky,Baller - Single,Punjabi Pop,0.99,0.99,2022-09-09 12:00:00+00:00,148188
1826848930,295,Sidhu Moose Wala,Moosetape,New Age,0.99,8.99,2021-04-14 12:00:00+00:00,270000
1596475469,Spaceship,"AP Dhillon, Shinda Kahlon & Gminxr",Hidden Gems - EP,Punjabi Pop,0.99,5.94,2021-11-21 12:00:00+00:00,124499
1289173158,Illegal Weapon (feat. Jasmine Sandlas),Garry Sandhu,Illegal Weapon (feat. Jasmine Sandlas) - Single,Punjabi Pop,1.29,1.29,2017-09-25 12:00:00+00:00,230000
1534955145,Toxic,AP Dhillon & Intense,Toxic - Single,R&B/Soul,1.29,1.29,2020-10-16 12:00:00+00:00,184103
1591442362,Bijlee Bijlee,Harrdy Sandhu,Bijlee Bijlee - Single,Indian Pop,1.29,1.29,2021-10-30 12:00:00+00:00,168450
1580932252,Schedule,Tegi Pannu & Manni Sandhu,Schedule - Single,Worldwide,0.99,0.99,2021-08-20 12:00:00+00:00,148377
1690466656,Heeriye,Jasleen Royal & Arijit Singh,Heeriye - Single,Indian Pop,1.29,1.29,2023-06-15 12:00:00+00:00,194857
1033576173,Wakhra Swag (feat. Badshah),Navv Inder,Wakhra Swag (feat. Badshah) - Single,Indian Pop,1.29,1.29,2015-09-10 07:00:00+00:00,190500
1254412550,High Rated Gabru,Guru Randhawa & Manj Musik,High Rated Gabru - Single,Indian Pop,0.99,0.99,2017-07-04 12:00:00+00:00,213933
1153101637,Do You Know,Diljit Dosanjh,Do You Know - Single,Indian,1.29,1.29,2016-09-24 07:00:00+00:00,212471
1581006645,Vibe,Diljit Dosanjh,MoonChild Era,Indian Pop,1.29,11.61,2021-08-22 12:00:00+00:00,155250
1523521607,Born to Shine,Diljit Dosanjh,G.O.A.T.,Indian Pop,0.99,14.99,2020-07-30 12:00:00+00:00,213333
1523521153,Clash,Diljit Dosanjh,G.O.A.T.,Indian Pop,0.99,14.99,2020-07-30 12:00:00+00:00,176386
1697533665,Jee Ni Lagda,Karan Aujla & Ikky,Making Memories,Indian Pop,1.29,9.99,2023-08-18 12:00:00+00:00,139355
1439435011,Jaat Da Muqabala,Sidhu Moose Wala,PBX 1,Punjabi Pop,0.99,9.99,2018-10-18 12:00:00+00:00,204360
1691843415,True Stories,AP Dhillon & Shinda Kahlon,True Stories - Single,Hip-Hop,0.99,0.99,2023-06-16 12:00:00+00:00,117973
1428384017,She Move It Like,Badshah,ONE (Original Never Ends),Indian Pop,1.29,13.99,2018-08-17 12:00:00+00:00,181765
1643971697,Obsessed,Riar Saab & Abhijay Sharma,Obsessed - Single,Punjabi Pop,0.99,0.99,2022-09-29 12:00:00+00:00,190444
1541651893,Goat,"AP Dhillon, Gurinder Gill & Money Musik",Not by Chance,Worldwide,0.99,6.93,2020-12-23 12:00:00+00:00,159130
1714131823,Lalkara (feat. Sultaan),Diljit Dosanjh,Ghost,Punjabi Pop,0.99,9.99,2023-09-29 12:00:00+00:00,160500
1810744564,Mi Amor,Sharn & THE Paul,Mi Amor - Single,Punjabi,0.99,0.99,2022-09-30 12:00:00+00:00,203049
1318740998,Naah,Harrdy Sandhu,Naah - Single,Indian Pop,1.29,1.29,2017-11-30 08:00:00+00:00,190000
1456507591,East Side Flow,Sidhu Moose Wala,East Side Flow - Single,Punjabi Pop,1.29,1.29,2019-03-17 12:00:00+00:00,224211
1526651295,Faraar,"Gurinder Gill, Shinda Kahlon & AP Dhillon",Faraar - Single,Indian,0.99,0.99,2019-11-22 12:00:00+00:00,130000
1525344736,Filhall (feat. Akshay Kumar & Nupur Sanon),B. Praak,Filhall (feat. Akshay Kumar & Nupur Sanon) - Single,Indian Pop,1.29,1.29,2019-11-09 12:00:00+00:00,255000
324549165,Aaja We Mahiya,Imran Khan,Unforgettable,Worldwide,0.99,9.99,2009-07-27 12:00:00+00:00,232067
1575407624,Ma Belle,AP Dhillon & Amari,Ma Belle - Single,R&B/Soul,0.99,0.99,2021-07-15 07:00:00+00:00,160825
1826770400,Legend,Sidhu Moose Wala,Legend - Single,New Age,0.99,0.99,2019-02-06 12:00:00+00:00,278622
1671313140,Mundian to Bach Ke,Panjabi MC,Mundian to Bach Ke,Dance,0.99,11.88,1970-12-31 12:00:00+00:00,245560
1528670721,Arrogant,"AP Dhillon, Shinda Kahlon & Gminxr",Arrogant - Single,Punjabi,0.99,0.99,2020-01-10 12:00:00+00:00,102316
1584623993,Jaani Tera Naa,Sunanda Sharma,Jaani Tera Naa - Single,Pop,0.69,0.69,2017-09-12 12:00:00+00:00,188639
1160840340,Punjabi (Soniye),Sunny Brown & Denorecords,Punjabi (Soniye) - Single,Indian Pop,1.29,1.29,2015-03-17 12:00:00+00:00,217175
1439435018,Selfmade,Sidhu Moose Wala,PBX 1,Punjabi Pop,0.99,9.99,2018-10-18 12:00:00+00:00,179513
1436966640,Kya Baat Ay,Harrdy Sandhu,Kya Baat Ay - Single,Indian Pop,1.29,1.29,2018-09-24 12:00:00+00:00,179444
1648624484,Summer High,AP Dhillon,Two Hearts Never Break the Same - EP,Punjabi Pop,0.99,5.94,2022-05-08 12:00:00+00:00,177391
1348729617,High End,Diljit Dosanjh,Con.Fi.Den.Tial,Indian Pop,0.99,7.99,2018-02-21 12:00:00+00:00,176671
1812474451,Courtside,Karan Aujla & Signature by SB,Courtside - Single,Pop,1.29,1.29,2025-05-13 07:00:00+00:00,168125
1693223955,Mahiye Jinna Sohna,Darshan Raval,Mahiye Jinna Sohna - Single,Indian Pop,1.29,1.29,2023-06-22 12:00:00+00:00,181250
1792366467,Afsos,Anuv Jain & AP Dhillon,Afsos - Single,Pop,,,2025-01-31 12:00:00+00:00,191753
1829591983,For A Reason,Karan Aujla & Ikky,P-POP CULTURE,Pop,1.29,9.99,2025-08-22 12:00:00+00:00,180000
1696580659,Attraction,Sukha & prodGK,Attraction - Single,Punjabi,0.99,0.99,2023-07-14 12:00:00+00:00,183170
1179122550,Kina Chir,The PropheC,The Lifestyle,Asia,0.99,9.99,2016-12-29 12:00:00+00:00,216027
1819981707,At Peace,Karan Aujla & Ikky,At Peace - Single,Hip-Hop/Rap,1.29,1.29,2025-06-17 12:00:00+00:00,164043
1477018499,Same Beef,Bohemia & Sidhu Moose Wala,Same Beef - Single,Hip-Hop/Rap,1.29,1.29,2019-08-19 12:00:00+00:00,290360
1188187053,3 Peg,Sharry Maan & Mista Baaz,3 Peg - Single,Punjabi Pop,0.99,0.99,2016-12-16 08:00:00+00:00,204396
1167342870,Blue Eyes,Yo Yo Honey Singh,Blue Eyes - Single,Indian Pop,1.29,1.29,2013-11-08 12:00:00+00:00,220944
1721323022,You and Me,Shubh,Leo - EP,Punjabi Pop,0.99,3.96,2024-01-05 12:00:00+00:00,172067
1695989537,Koi Si,Afsana Khan & Nirmaan,Koi Si - Single,Regional Indian,1.29,1.29,2023-07-13 12:00:00+00:00,199999
1605487559,Untouchable,Tegi Pannu & Manni Sandhu,Untouchable - Single,Punjabi,0.99,0.99,2022-01-21 12:00:00+00:00,153211
1581006656,Champagne,Diljit Dosanjh,MoonChild Era,Indian Pop,1.29,11.61,2021-08-22 12:00:00+00:00,182000
1697533821,Bachke Bachke (feat. Yarah),Karan Aujla & Ikky,Making Memories,Indian Pop,1.29,9.99,2023-08-18 12:00:00+00:00,210118
1633627190,Lemonade,Diljit Dosanjh,Drive Thru - EP,Punjabi Pop,0.99,4.95,2022-07-15 12:00:00+00:00,166667
1611369502,Akhiyaan,Mitraz,Akhiyaan - Single,Pop,0.99,0.99,2022-02-24 12:00:00+00:00,191869
1825950069,Daku (feat. Inderpal Moga),Chani Nattan,Daku (feat. Inderpal Moga) - Single,Worldwide,0.99,0.99,2021-01-16 12:00:00+00:00,131078
1395963874,Difference,Amrit Maan,Difference - Single,Punjabi Pop,1.29,1.29,2018-06-08 12:00:00+00:00,205714
1541651891,Saada Pyaar,"AP Dhillon, Gurinder Gill & Money Musik",Not by Chance,Worldwide,0.99,6.93,2020-12-08 12:00:00+00:00,213626
1366381438,Yeh Baby,Garry Sandhu,Yeh Baby - Single,Regional Indian,1.29,1.29,2018-04-03 12:00:00+00:00,185455
1703418141,Wishes,"Hasan Raheem, Umair & Talwiinder","Maybe, It's Love - EP",Pop,0.99,4.95,2023-09-02 12:00:00+00:00,218400
1773799678,Sifar Safar,Karan Aujla,Sifar Safar - Single,New Age,0.99,0.99,2024-10-18 12:00:00+00:00,180345
1826848687,These Days (feat. Bohemia),Sidhu Moose Wala & Bohemia,Moosetape,New Age,0.99,8.99,2021-05-17 12:00:00+00:00,209231
1872640079,Miami,Opi Music,Never Too Late - EP,Indian Pop,1.29,3.99,,204255
604814341,Tunak Tunak Tun,Daler Mehndi,Tunak Tunak Tun,Indian Pop,1.29,6.99,1998-01-01 12:00:00+00:00,303133
1217400277,Do You Love Me,Jay Sean,Do You Love Me - Single,Pop,1.29,1.29,2017-03-31 07:00:00+00:00,186295
1697533818,Softly,Karan Aujla & Ikky,Making Memories,Indian Pop,1.29,9.99,2023-08-17 12:00:00+00:00,155161
324549164,Amplifier,Imran Khan,Unforgettable,Worldwide,0.99,9.99,2009-07-27 12:00:00+00:00,232907
1534546458,100 words,Prateek Kuhad,cold/mess,Singer/Songwriter,1.29,5.99,2018-07-13 12:00:00+00:00,210420
1534546293,cold/mess,Prateek Kuhad,cold/mess,Singer/Songwriter,1.29,5.99,2018-07-13 12:00:00+00:00,281219
716185690,Naked,Anoushka Shankar,Rise,Asia,1.29,11.99,2005-09-26 12:00:00+00:00,256947
1388479471,Tempted to Touch (feat. Rupee),Zaeden,Tempted to Touch (feat. Rupee) - Single,Dance,,,2018-06-08 12:00:00+00:00,189444
1614528374,All I Need,Prateek Kuhad,The Way That Lovers Do,Singer/Songwriter,1.29,9.99,2022-05-20 12:00:00+00:00,153693
1417334564,Lamberghini (feat. Ragini),The Doorbeen,Lamberghini (feat. Ragini) - Single,Indian Pop,1.29,1.29,2018-02-26 12:00:00+00:00,216999
1443855006,Zaroori Tha,Rahat Fateh Ali Khan,Back 2 Love,Indian Pop,1.29,9.99,2014-05-07 12:00:00+00:00,342024
1458537843,Castles,Anish Sood & Jonita Gandhi,Castles - Single,Dance,1.29,1.29,2018-01-22 12:00:00+00:00,226987
1346796885,City Of The Lonely Hearts (feat. Cimo Fränkel),Zaeden,City Of The Lonely Hearts (feat. Cimo Fränkel) - Single,Dance,1.29,1.29,2017-01-13 12:00:00+00:00,179879
1873462471,Cash Avalanche,"Taste Test, Bonafide Suspects & Sy",Wave Pirate Radio (Season 1),Hip-Hop/Rap,0.99,9.99,,150491
1873463056,Back in Your Arms,"Taste Test, The Phlava & Bonafide Suspects",Wave Pirate Radio (Season 1),Hip-Hop/Rap,0.99,9.99,,189970
1873463073,Cathedral of Frequencies,Taste Test & Bonafide Suspects,Wave Pirate Radio (Season 1),Hip-Hop/Rap,0.99,9.99,,226926
1873463075,Phlava Frequency,"Taste Test, Sy & Bonafide Suspects",Wave Pirate Radio (Season 1),Hip-Hop/Rap,0.99,9.99,,149464
1873463273,Victory Lights,Taste Test & Bonafide Suspects,Wave Pirate Radio (Season 1),Hip-Hop/Rap,0.99,9.99,,172210
1873463287,Currency Conversations,"Taste Test, The Phlava & Bonafide Suspects",Wave Pirate Radio (Season 1),Hip-Hop/Rap,0.99,9.99,,161449
1873463438,Horizon Calls,"Taste Test, The Phlava, Bonafide Suspects & Sy",Wave Pirate Radio (Season 1),Hip-Hop/Rap,0.99,9.99,,190394
1873463447,Stage Inferno,Taste Test & Bonafide Suspects,Wave Pirate Radio (Season 1),Hip-Hop/Rap,0.99,9.99,,124978
1873463464,Obsidian Veins,"Taste Test, Bonafide Suspects & Sy",Wave Pirate Radio (Season 1),Hip-Hop/Rap,0.99,9.99,,217359
1873463771,Fire in the Crowd,Taste Test & Bonafide Suspects,Wave Pirate Radio (Season 1),Hip-Hop/Rap,0.99,9.99,,173133
1873463782,Currency Ghosts,"Taste Test, Bonafide Suspects, The Phlava & Sy",Wave Pirate Radio (Season 1),Hip-Hop/Rap,0.99,9.99,,172076
1873464060,Divine Cadence,"Taste Test, Bonafide Suspects, The Phlava & Sy",Wave Pirate Radio (Season 1),Hip-Hop/Rap,0.99,9.99,,233051
1873464195,Radiant Resistance,Taste Test & Bonafide Suspects,Wave Pirate Radio (Season 1),Hip-Hop/Rap,0.99,9.99,,208780
1873464285,Molasses Meteors over Midnight Smoke,"Taste Test, The Phlava & Bonafide Suspects",Wave Pirate Radio (Season 1),Hip-Hop/Rap,0.99,9.99,,195394
1658012467,On Top,Karan Aujla,On Top - Single,Indian Pop,1.29,1.29,2022-11-24 08:00:00+00:00,183429
1502322450,Control,Armaan Malik,Control - Single,Pop,1.29,1.29,2020-03-20 12:00:00+00:00,153356
1444055238,Pray for Me Brother (feat. Blaaze),A.R. Rahman,Pray for Me Brother - Single,Pop,0.99,1.98,2007-01-01 12:00:00+00:00,306080
1337251420,Never Let You Go,Zaeden & Nina & Malika,Never Let You Go - Single,Dance,1.29,1.29,2016-07-29 12:00:00+00:00,186854
1394970129,Aaya Na Tu,Arjun Kanungo & Momina Mustehsan,Aaya Na Tu - Single,Indian Pop,1.29,1.29,2018-06-20 07:00:00+00:00,210000
476841571,Raga's Dance,"Vanessa-Mae, Deepa Narayan, Mahalashmi, Matt Dunkley, Royal Philharmonic Orchestra & Srinivas Murthy",Choreography,Worldwide,1.29,9.99,2004-09-14 07:00:00+00:00,326307
1698495398,Sleepless Nights,Armaan Malik,Sleepless Nights - Single,Pop,0.99,0.99,2023-08-04 12:00:00+00:00,192644
1641127014,Tu / You,Armaan Malik,Tu / You - Single,Pop,1.29,1.29,2022-07-22 12:00:00+00:00,142511
1151876916,Ghost,Parekh & Singh,Ocean,Alternative,0.99,8.91,2013-01-01 12:00:00+00:00,237387
950189272,Shakar Wandaan Re,Asrar,Coke Studio Season 7,Worldwide,0.99,9.99,2014-11-23 12:00:00+00:00,353901
1439435016,Badfella,Sidhu Moose Wala,PBX 1,Punjabi Pop,0.99,9.99,2018-10-18 12:00:00+00:00,217532
879407642,Skeleton Leaves (feat. Nitin Sawhney),Circle of Sound,Anti Hero,Asia,,,2014-05-20 12:00:00+00:00,275147
1590811216,Jugnu (feat. Nikhita Gandhi),Badshah,Jugnu (feat. Nikhita Gandhi) - Single,Indian Pop,1.29,1.29,2021-10-26 12:00:00+00:00,230400
950189277,Ambwa Talay,Humira Channa & Javed Bashir,Coke Studio Season 7,Worldwide,0.99,9.99,2014-11-23 12:00:00+00:00,523457
1659427915,Malang Sajna,Sachet Tandon & Parampara Tandon,Malang Sajna - Single,Indian Pop,0.99,0.99,2022-12-18 08:00:00+00:00,161042
1721543292,Sahiba,Aditya Rikhari,Sahiba - Single,Indian Pop,0.99,0.99,2023-12-19 12:00:00+00:00,190098
1417043675,Ishare Tere,Guru Randhawa & Dhvani Bhanushali,Ishare Tere - Single,Punjabi Pop,0.99,0.99,2018-07-25 07:00:00+00:00,189152
1458863025,Vaaste,Dhvani Bhanushali & Nikhil D'Souza,Vaaste - Single,Indian Pop,0.99,0.99,2019-04-06 12:00:00+00:00,196044
1488080714,Yaad Piya Ki Aane Lagi,Neha Kakkar,Yaad Piya Ki Aane Lagi - Single,Indian Pop,0.99,0.99,2019-11-16 12:00:00+00:00,256678
1639977165,Stranger,Stellar,Stranger - Single,Pop,1.29,1.29,2022-09-02 12:00:00+00:00,132480
1581006362,Black & White,Diljit Dosanjh,MoonChild Era,Indian Pop,1.29,11.61,2021-08-21 12:00:00+00:00,166758
1552550262,Kabhi Na Kabhi,Mitraz,Kabhi Na Kabhi - Single,Pop,1.29,1.29,2021-02-06 12:00:00+00:00,191007
1071078538,Dheere Dheere,Yo Yo Honey Singh,Dheere Dheere - Single,Indian Pop,0.99,0.99,2015-08-31 12:00:00+00:00,212413
946630769,Go,Prateek Kuhad,In Tokens & Charms,Singer/Songwriter,0.99,9.9,2015-01-21 12:00:00+00:00,231958
1560351996,Aaj Sajeya,Goldie Sohel,Aaj Sajeya - Single,Indian Pop,1.29,1.29,2021-03-30 12:00:00+00:00,229180
1167654195,Gal Ban Gayi,"Meet Bros, Sukhbir, Neha Kakkar & Yo Yo Honey Singh",Gal Ban Gayi - Single,Indian Pop,1.29,1.29,2016-09-07 07:00:00+00:00,254789
1553760593,Lut Gaye (feat. Emraan Hashmi),Jubin Nautiyal,Lut Gaye (feat. Emraan Hashmi) - Single,Indian Pop,0.99,0.99,2021-02-17 12:00:00+00:00,228031
684259225,Proper Patola (feat. Badshah),Diljit Dosanjh,Proper Patola (feat. Badshah) - Single,Punjabi Pop,1.29,1.29,2013-08-09 12:00:00+00:00,150640
1438144618,Hang Ups,Scott Helman,Hang Ups - Single,Pop,1.29,2.99,2018-10-19 12:00:00+00:00,175806
1444403319,Leja Re,Dhvani Bhanushali,Leja Re - Single,Indian Pop,0.99,0.99,2018-11-24 08:00:00+00:00,205975
1169611716,Nakhre,Zack Knight,Nakhre - Single,Indian Pop,1.29,1.29,2015-05-18 12:00:00+00:00,194676
1442478668,Jind Mahi,Diljit Dosanjh,Jind Mahi - Single,Punjabi Pop,1.29,1.29,2018-11-26 12:00:00+00:00,175000
622942753,Ishq Aap Bhe Awalla,Chakwal Group,Coke Studio Sessions: Season 5,Pop,0.99,14.99,2012-10-31 12:00:00+00:00,348587
1570504157,Paani Paani,Badshah & Aastha Gill,Paani Paani - Single,Indian Pop,1.29,1.29,2021-05-24 12:00:00+00:00,174002
1185100495,Dillagi,"Rahat Fateh Ali Khan, Ustad Nusrat Fateh Ali Khan & Salim-Sulaiman",Dillagi - Single,Worldwide,0.99,0.99,2016-06-08 12:00:00+00:00,299141
1220804814,Mercy,Badshah,Mercy - Single,Indian Pop,1.29,1.29,2017-04-03 12:00:00+00:00,162405
1188705396,Backbone,Harrdy Sandhu,Backbone - Single,Indian Pop,1.29,1.29,2017-01-06 08:00:00+00:00,175059
1158008528,Love Dose,Yo Yo Honey Singh,Desi Kalakaar,Indian Pop,1.29,5.99,2014-08-26 12:00:00+00:00,224444
1158008527,Desi Kalakaar,Yo Yo Honey Singh,Desi Kalakaar,Indian Pop,1.29,5.99,2014-08-26 12:00:00+00:00,253353
1439435144,Trend,Sidhu Moose Wala,PBX 1,Punjabi Pop,0.99,9.99,2018-10-18 12:00:00+00:00,221818
1103771762,O Sanam,Lucky Ali,Sunoh,Indian Pop,1.29,7.99,1996-01-01 08:00:00+00:00,223028
1708912590,"Tum Tum (From ""Enemy - Tamil"")","Thaman S., Sri Vardhini, Aditi Bhavaraju, Satya Yamini, Roshini JKV, Tejaswini & Vivek","Tum Tum (From ""Enemy - Tamil"") - Single",Soundtrack,0.99,0.99,2021-09-03 12:00:00+00:00,228568
1702730486,Rowdy Baby,Dhanush & Dhee,Maari 2 (Original Motion Picture Soundtrack) - Single,Soundtrack,0.99,1.99,2018-10-25 12:00:00+00:00,281440
1751426200,"Aasa Kooda (From ""Think Indie"")",Sai Abhyankkar & Sai Smriti,"Aasa Kooda (From ""Think Indie"") - Single",Indie Pop,1.29,1.29,2024-06-13 12:00:00+00:00,215510
1765539174,"Golden Sparrow (From ""Nilavuku En Mel Ennadi Kobam"")","G.V. Prakash Kumar, Arivu, Dhanush & Sublahshini","Golden Sparrow (From ""Nilavuku En Mel Ennadi Kobam"") - Single",Soundtrack,0.99,0.99,2024-08-30 12:00:00+00:00,230400
1702946973,"Neeyum Naanum (From ""Naanum Rowdy Dhaan"")","Anirudh Ravichander, Thamarai & Neeti Mohan",Naanum Rowdy Dhaan (Original Motion Picture Soundtrack) - EP,Soundtrack,0.99,4.99,2015-09-28 12:00:00+00:00,301951
1686231303,Unakkul Naane,"Harris Jayaraj, Rohini, Pritt & dilushselva",Unakkul Naane - Single,R&B/Soul,0.99,0.99,2021-08-31 12:00:00+00:00,127850
1702946982,"Yennai Maatrum Kadhale (From ""Naanum Rowdy Dhaan"")","Anirudh Ravichander, Vignesh Shivan & Sid Sriram",Naanum Rowdy Dhaan (Original Motion Picture Soundtrack) - EP,Soundtrack,0.99,4.99,2015-10-02 12:00:00+00:00,274678
1440889495,Moon River,Carla Bruni,French Touch,Pop,1.29,9.99,2017-10-06 12:00:00+00:00,194327
1738966366,Kiss From a Rose (2024 Remaster),Seal,Seal (Deluxe Edition),R&B/Soul,1.29,19.99,1994-05-23 07:00:00+00:00,287107
928328217,Ale Ale,"Karthik, K.S. Chithra & Sivaraman",Boys (Original Motion Picture Soundtrack),Telugu,1.29,5.99,2003-06-28 07:00:00+00:00,385489
1134725384,Aaoge Jab Tum,Rashid Khan,Jab We Met (Original Motion Picture Soundtrack),Bollywood,0.99,8.99,2007-09-18 07:00:00+00:00,355066
1397718501,Orasaadha (Madras Gig),Vivek - Mervin,Orasaadha (Madras Gig) - Single,Indian Pop,1.29,1.29,2018-06-12 12:00:00+00:00,235500
1702588440,"Ennadi Maayavi Nee (From ""VadaChennai"")","Santhosh Narayanan, Vivek & Sid Sriram",VadaChennai (Original Motion Picture Soundtrack),Soundtrack,0.99,10.89,2018-07-28 12:00:00+00:00,251000
1440810937,Your Song,Elton John,Elton John,Pop,1.29,9.99,1970-04-10 12:00:00+00:00,244560
490980707,Kannazhaga (The Kiss of Love),Dhanush & Shruti Haasan,3 (Original Soundtrack),Tamil,1.29,8.99,2011-12-23 12:00:00+00:00,205947
473694213,Kangal Irandal,Belly Raj & Deepa Mariam,Subramaniapuram (Original Soundtrack) - EP,Soundtrack,1.29,4.99,2008-01-01 12:00:00+00:00,322013
1623236815,Tu Jhoom,Abida Parveen & Naseebo Lal,Coke Studio (Season 14),Asia,1.29,15.99,2022-01-10 12:00:00+00:00,397547
1609971105,"Arabic Kuthu (From ""Beast"")",Anirudh Ravichander & Jonita Gandhi,"Arabic Kuthu (From ""Beast"") - Single",Tamil,0.99,0.99,2022-02-14 12:00:00+00:00,279677
1702946978,"Naanum Rowdy Dhaan (From ""Naanum Rowdy Dhaan"")","Anirudh Ravichander, Vignesh Shivan & Benny Dayal",Naanum Rowdy Dhaan (Original Motion Picture Soundtrack) - EP,Soundtrack,0.99,4.99,2015-09-30 12:00:00+00:00,177719
68210790,Stand By Me,Ben E. King,Don't Play That Song!,R&B/Soul,1.29,9.99,1961-04-01 08:00:00+00:00,175493
1449782662,Tamil (feat. Javid Afsari Rad),Knut Reiersrud & Bugge Wesseltoft,Gitar,Electric Blues,1.29,9.99,2009-01-01 12:00:00+00:00,263013
1734625780,"Aga Naga (From ""Ponniyin Selvan Part-2"")","A.R. Rahman, Ilango Krishnan & Shakthisree Gopalan",Ponniyin Selvan Part - 2 (Original Motion Picture Soundtrack),Soundtrack,0.99,5.99,2023-03-20 12:00:00+00:00,243439
738196409,Stand By Me,Ben E. King,The Very Best of Ben E. King,R&B/Soul,1.29,11.99,1960-12-31 12:00:00+00:00,174800
1560313595,Kutty Pattas,Santhosh Dhayanidhi & Rakshita Suresh,Kutty Pattas - Single,Indian Pop,1.29,1.29,2021-03-26 12:00:00+00:00,239104
1624359275,Vikram (Title Track),Anirudh Ravichander,Vikram (Original Motion Picture Soundtrack),Tamil,1.29,5.99,2022-05-15 12:00:00+00:00,218824
1705715377,"Rowdy Baby (From ""Maari 2"")",Dhanush & Dhee,U1 For Life - EP,R&B/Soul,1.29,5.99,2018-10-25 12:00:00+00:00,281440
1702921735,"Endhira Logathu Sundariye (From ""2. 0"")","A.R. Rahman, Sid Sriram & Shashaa Tirupati",2.0 (Tamil) [Original Motion Picture Soundtrack] - Single,Soundtrack,0.99,1.29,2017-10-27 12:00:00+00:00,329504
1734633232,Oru Dheivam Thantha Poove - Male,"A.R. Rahman, Vairamuthu, P. Jayachandran & Chinmayi Sripada",Kannathil Muthamittal (Original Motion Picture Soundtrack),Soundtrack,0.99,5.99,2002-02-14 12:00:00+00:00,397947
603998126,Malare,S.P. Balasubrahmanyam & S. Janaki,Karna - EP,Soundtrack,1.29,4.99,1995-01-01 12:00:00+00:00,305133
998319461,Don'u Don'u Don'u (The Don's Romance),Anirudh Ravichander & Alisha Thomas,Maari (Original Motion Picture Soundtrack),Tamil,1.29,4.99,2015-06-07 12:00:00+00:00,195710
1498178702,Gaandu Kannamma,Vivek - Mervin,Gaandu Kannamma - Single,Indian Pop,1.29,1.29,2020-02-07 12:00:00+00:00,205000
1706006714,New York Nagaram,A.R. Rahman,Sillunu Oru Kaadhal (Original Motion Picture Soundtrack),Soundtrack,0.99,5.99,2006-08-03 12:00:00+00:00,379387
1410657617,Kanne Kanne (Madras Gig),Leon James & Jonita Gandhi,Kanne Kanne (Madras Gig) - Single,Indian Pop,1.29,1.29,2018-07-11 07:00:00+00:00,231167
30475379,Kiss from a Rose,Seal,Seal: Best 1991-2004 (Deluxe Version),R&B/Soul,1.29,16.99,1994-05-23 07:00:00+00:00,288427
1594915847,Clubbula Mabbula,Hiphop Tamizha,Hiphop Tamizhan,Hip-Hop/Rap,0.69,5.99,2012-08-14 12:00:00+00:00,214000
1702949724,Katravai Patravai,"Yogi B, Arunraja Kamaraj & Roshan Jamrock",Kaala (Tamil) [Original Motion Picture Soundtrack],Soundtrack,0.99,9.9,2018-05-09 07:00:00+00:00,225757
1702960085,"Po Indru Neeyaga (From ""Velai Illa Pattadhaari"")",Anirudh Ravichander & Dhanush,Velai Illa Pattadhaari (Original Motion Picture Soundtrack),Soundtrack,0.99,6.99,2014-02-14 12:00:00+00:00,223327
1747724906,"Souraa (From ""Bharateeyudu 2"")","Anirudh Ravichander, Ritesh G Rao & Shruthika Samudhrala","Souraa (From ""Bharateeyudu 2"") - Single",Telugu,1.29,1.29,2024-05-22 12:00:00+00:00,252436
1725350747,"Katchi Sera (From ""Think Indie"")",Sai Abhyankkar,"Katchi Sera (From ""Think Indie"") - Single",Tamil,1.29,1.29,2024-01-22 12:00:00+00:00,181818
1705493997,"Pachai Kiligal (From ""Indian"")",A.R. Rahman & K. J. Yesudas,Indian (Original Motion Picture Soundtrack),Soundtrack,0.99,3.99,1992-01-01 12:00:00+00:00,348840
1705949242,Thangamey,Anirudh Ravichander,Rockstar Anirudh Special,Soundtrack,0.99,20.79,2015-09-24 12:00:00+00:00,262540
1699735327,Hukum - Thalaivar Alappara,Anirudh Ravichander & Super Subu,Jailer (Original Motion Picture Soundtrack),Tamil,0.99,7.92,2023-07-17 12:00:00+00:00,207647
1697802460,"Hukum - Thalaivar Alappara (From ""Jailer"")",Anirudh Ravichander & Super Subu,"Hukum - Thalaivar Alappara (From ""Jailer"") - Single",Tamil,0.99,0.99,2023-07-17 12:00:00+00:00,207647
1702949726,Kannamma,"Pradeep Kumar, Ananthu & Dhee",Kaala (Tamil) [Original Motion Picture Soundtrack],Soundtrack,0.99,9.9,2018-05-09 12:00:00+00:00,289853
585714027,Nenjukkule,A.R. Rahman & Shakthisree Gopalan,Kadal (Original Motion Picture Soundtrack),Tamil,1.29,5.99,2012-12-05 08:00:00+00:00,290000
1502968258,Vaathi Coming,Anirudh Ravichander & Gana Balachandar,Master (Original Motion Picture Soundtrack),Tamil,1.29,9.99,2020-03-10 12:00:00+00:00,228258
1687694744,Thalli Pogathey,"A.R. Rahman, Sid Sriram, Aaryan Dinesh Kanagaratnam & Aparna Narayanan",Achcham Yenbadhu Madamaiyada (Original Motion Picture Soundtrack) - EP,Tamil,1.29,5.99,2016-06-17 12:00:00+00:00,266366
1705875862,Kanmani Anbodu Kadhalan,"Ilaiyaraaja, Vaalee, Kamal Haasan & S. Janaki",Guna (Original Motion Picture Soundtrack),Soundtrack,0.99,5.99,1991-11-05 12:00:00+00:00,335043
1702921736,"Raajali (From ""2. 0"")","A.R. Rahman, Blaaze, Arjun Chandy & Sid Sriram",2.0 (Tamil) [Original Motion Picture Soundtrack] - Single,Soundtrack,0.99,1.29,2017-10-27 12:00:00+00:00,250477
1734661518,"Hanuman Chalisa (From ""HanuMan"") [Tamil]",GowraHari & Saicharan Bhaskaruni,"Hanuman Chalisa (From ""HanuMan"") [Tamil] - Single",Soundtrack,1.29,1.29,2023-04-05 12:00:00+00:00,248333
980176951,Mental Manadhil,A.R. Rahman & Jonita Gandhi,O Kadhal Kanmani (Original Motion Picture Soundtrack),Tamil,1.29,7.99,2015-04-04 07:00:00+00:00,205759
1446253615,Marana Mass,Anirudh Ravichander & S.P. Balasubrahmanyam,Petta (Original Motion Picture Soundtrack),Tamil,1.29,9.99,2018-12-03 12:00:00+00:00,216000
129022587,Stand By Me,Ben E. King,Rhino Hi-Five: Ben E. King - EP,R&B/Soul,1.29,3.99,1961-04-01 08:00:00+00:00,174800
1705493806,"Narumugaye (From ""Iruvar"")","A.R. Rahman, P. Unnikrishnan & Bombay Jayashree",Iruvar (Original Motion Picture Soundtrack),Soundtrack,0.99,6.99,1992-04-28 12:00:00+00:00,384533
1706006701,Munbe Vaa,"A.R. Rahman, Shreya Ghoshal & Naresh Iyer",Sillunu Oru Kaadhal (Original Motion Picture Soundtrack),Soundtrack,0.99,5.99,2006-08-03 12:00:00+00:00,359587
1104054293,Stand By Me,Ben E. King,The Complete ATCO/Atlantic Singles (Vol. 1: 1960-1966),R&B/Soul,,24.99,1960-12-31 12:00:00+00:00,177120
1624359430,Once Upon a Time,Anirudh Ravichander,Vikram (Original Motion Picture Soundtrack),Tamil,1.29,5.99,2022-05-15 12:00:00+00:00,143710
1705248485,Vaa Vennila Unnaithane,S.P. Balasubrahmanyam & S. Janaki,Mella Thirandhadhu Kadhavu (Original Motion Picture Soundtrack) - EP,Soundtrack,0.99,3.99,1986-01-01 12:00:00+00:00,279253
1661423855,Jimikki Ponnu,"Anirudh, Jonita Gandhi & Vivek",Varisu (Original Motion Picture Soundtrack),Tamil,1.29,4.99,2022-12-24 12:00:00+00:00,224096
1048167151,Aaluma Doluma,Anirudh Ravichander & Badshah,Vedalam (Original Motion Picture Soundtrack) - EP,Tamil,1.29,3.99,2015-10-16 12:00:00+00:00,258032
1705948035,"Yennai Maatrum Kadhale (From ""Naanum Rowdy Dhaan"")","Anirudh Ravichander, Vignesh Shivan & Sid Sriram",Rockstar Anirudh Special,Soundtrack,0.99,20.79,2015-10-02 12:00:00+00:00,274678
1702949723,Thanga Sela,"Shankar Mahadevan, Pradeep Kumar & Ananthu",Kaala (Tamil) [Original Motion Picture Soundtrack],Soundtrack,0.99,9.9,2018-05-09 07:00:00+00:00,277947
1215596662,Azhagiye,"A.R. Rahman, Arjun Chandy, Haricharan & Jonita Gandhi",Kaatru Veliyidai (Original Motion Picture Soundtrack),Tamil,1.29,4.99,2017-02-02 12:00:00+00:00,224657
1249655164,Yaanji,Anirudh Ravichander & Shakthisree Gopalan,Vikram Vedha (Original Motion Picture Soundtrack),Tamil,1.29,7.99,2017-06-12 12:00:00+00:00,270376
335015368,Tamil,Knut Reiersrud,Gitar,Blues,0.69,11.99,2009-01-01 12:00:00+00:00,262991
1713200602,"Ordinary Person (From ""Leo"")",Anirudh Ravichander & Nikhita Gandhi,"Ordinary Person (From ""Leo"") - Single",Tamil,1.29,1.29,2023-10-24 12:00:00+00:00,139200
1712663156,Badass,Anirudh Ravichander,Leo (Original Motion Picture Soundtrack),Tamil,1.29,7.99,2023-09-28 12:00:00+00:00,229677
724466700,Teardrop,Massive Attack,Mezzanine,Electronic,1.29,11.99,1998-04-20 07:00:00+00:00,330773
1816015319,Mystery of Love,Sufjan Stevens,Call Me by Your Name (Original Motion Picture Soundtrack),Soundtrack,1.29,9.99,2004-01-01 12:00:00+00:00,248965
1702963695,The Youth Of Power Paandi - Paarthen,Sean Roldan & Shweta Mohan,Power Paandi (Original Motion Picture Soundtrack),Soundtrack,0.99,5.99,2017-03-09 12:00:00+00:00,183758
293940095,Nenjukkul Peidhidum,"Hariharan, Harris Jayaraj, Devan Ekambaram & V.V. Prassanna",Vaaranam Aayiram (Original Motion Picture Soundtrack),Tamil,1.29,5.99,1996-04-23 07:00:00+00:00,369333
1702949967,Kaala (Tamil) Teaser Theme,Yogi B,Kaala (Tamil) [Original Motion Picture Soundtrack],Soundtrack,0.99,9.9,2018-05-09 12:00:00+00:00,70000
1786336456,"Yedi (From ""Nilavuku En Mel Ennadi Kobam"")","G.V. Prakash Kumar, Vivek, Dhanush & Jonita Gandhi","Yedi (From ""Nilavuku En Mel Ennadi Kobam"") - Single",Soundtrack,0.99,0.99,2024-12-20 12:00:00+00:00,201618
1693819972,"Naa Ready (From ""Leo"")","Anirudh Ravichander, Vijay & Asal Kolaar","Naa Ready (From ""Leo"") - Single",Tamil,1.29,1.29,2023-06-22 12:00:00+00:00,248182
1702963848,The Romance Of Power Paandi - Venpani Malare (Male),Sean Roldan,Power Paandi (Original Motion Picture Soundtrack),Soundtrack,0.99,5.99,2017-03-09 12:00:00+00:00,233333
1830240000,"Salambala (From ""Madharaasi"")","Anirudh Ravichander, Sai Abhyankkar & Super Subu","Salambala (From ""Madharaasi"") - Single",Regional Indian,1.29,1.29,2025-07-31 12:00:00+00:00,207220
1705991585,Anbe En Anbe,Harris Jayaraj & Harish Raghavendra,Dhaam Dhoom (Original Motion Picture Soundtrack) - EP,Soundtrack,0.99,4.99,2008-03-19 12:00:00+00:00,304400
1687694422,Maruvaarthai,Darbuka Siva & Sid Sriram,Enai Noki Paayum Thota (Original Motion Picture Soundtrack),Tamil,1.29,11.61,2017-02-11 12:00:00+00:00,356719
1705949252,"Neeyum Naanum (From ""Naanum Rowdy Dhaan"")","Anirudh Ravichander, Thamarai & Neeti Mohan",Rockstar Anirudh Special,Soundtrack,0.99,20.79,2015-09-28 12:00:00+00:00,301951
1695879354,"Kaavaalaa (From ""Jailer"")","Shilpa Rao, Anirudh Ravichander & Arunraja Kamaraj","Kaavaalaa (From ""Jailer"") - Single",Tamil,0.99,0.99,2023-07-06 12:00:00+00:00,190909
1661464370,Gangstaa,Ghibran & Shabir Sulthan,Thunivu (Original Motion Picture Soundtrack) - Single,Soundtrack,1.29,3.87,2022-12-25 12:00:00+00:00,200938
1273602660,Aalaporaan Thamizhan,"A.R. Rahman, Kailash Kher, Sathya Prakash, Deepak & Pooja AV",Mersal (Original Motion Picture Soundtrack),Tamil,1.29,3.99,2017-08-12 12:00:00+00:00,348373
1737162158,Nenjin Ezhuth,Adarsh Krishnan N & Vidya Lakshmi G,Nenjin Ezhuth - Single,Indian Pop,1.29,1.29,2022-05-16 12:00:00+00:00,229399
1083089768,Avalukena,Anirudh Ravichander & Srinidhi Venkatesh,Avalukena - Single,Indian Pop,1.29,1.29,2016-02-14 12:00:00+00:00,287786
646630025,Innum Konjam Naeram,"A.R. Rahman, Vijay Prakash & Shweta Mohan",Maryan (Original Motion Picture Soundtrack),Tamil,1.29,5.99,2013-05-13 07:00:00+00:00,313533
1709483752,"Badass (From ""Leo"")",Anirudh Ravichander,"Badass (From ""Leo"") - Single",Tamil,1.29,1.29,2023-09-28 12:00:00+00:00,229677
1060491369,Enna Solla (The New Life of Tamizh),Anirudh Ravichander & Shweta Mohan,Thangamagan (Original Motion Picture Soundtrack),Tamil,1.29,4.99,2015-11-27 08:00:00+00:00,216000
472569825,Mazhaiye Mazhaiye,Ranjith,Eeram - EP,Soundtrack,1.29,3.99,2009-01-01 12:00:00+00:00,249973
1523838963,"Chellamma (From ""Doctor"")",Anirudh Ravichander & Jonita Gandhi,"Chellamma (From ""Doctor"") - Single",Tamil,1.29,1.29,2020-07-16 12:00:00+00:00,236500
1702949722,Semma Weightu,"Harihara Sudhan, Santhosh Narayanan, Arunraja Kamaraj, Dope Daddy, Stony Psyko & MC Mawali",Kaala (Tamil) [Original Motion Picture Soundtrack],Soundtrack,0.99,9.9,2018-05-01 07:00:00+00:00,298387
1712663157,Lokiverse 2.0,Anirudh Ravichander,Leo (Original Motion Picture Soundtrack),Tamil,1.29,7.99,2023-10-19 12:00:00+00:00,114194
1664418553,Rasathi,"Shankar Mahadevan, Anthony Daasan & KJ Iyenar",Rasathi - Single,Worldwide,0.69,0.69,2023-01-13 12:00:00+00:00,285198
1215596664,Saarattu Vandiyila,"A.R. Rahman, A. R. Raihanah, Tipu & Nikhita Gandhi",Kaatru Veliyidai (Original Motion Picture Soundtrack),Tamil,1.29,4.99,2017-03-01 12:00:00+00:00,289000
1425462080,The Life of Ram,Pradeep Kumar,96 (Original Motion Picture Soundtrack),Tamil,1.29,9.99,2018-08-17 12:00:00+00:00,354286
1614869151,"Jolly O Gymkhana (From ""Beast"")",Vijay & Anirudh Ravichander,"Jolly O Gymkhana (From ""Beast"") - Single",Tamil,0.99,0.99,2022-03-19 12:00:00+00:00,208065
1160785651,Ei Suzhali,Santhosh Narayanan & Vijaynarain,Kodi (Original Motion Picture Soundtrack),Tamil,1.29,3.99,2016-10-05 12:00:00+00:00,217459
1816959088,Thelusa Manasa,"S. P. Balasubramanyam, K.S. Chithra, Seetharama Shastry & M.M. Keeravani",Criminal (Original Motion Picture Soundtrack),Regional Indian,1.29,7.74,1994-08-28 12:00:00+00:00,372114
530944471,Chiru Chiru,Haricharan & Tanvi,Awaara - EP,Soundtrack,1.29,4.99,2010-01-01 12:00:00+00:00,284467
1826025241,"Monica (From ""Coolie"") (Telugu)","Anirudh Ravichander, Sublahshini & Krishna Kanth","Monica (From ""Coolie"") (Telugu) - Single",Regional Indian,0.99,0.99,2025-07-11 12:00:00+00:00,188506
1829410455,"Mallika Gandha (From ""Telusu Kada"")","Sid Sriram, Thaman S. & Krishna Kanth","Mallika Gandha (From ""Telusu Kada"") - Single",Soundtrack,1.29,1.29,2025-07-28 12:00:00+00:00,261134
1435442521,"Asha Pasham (From ""Care of Kancharapalem"")",Anurag Kulkarni,"Asha Pasham (From ""Care of Kancharapalem"") - Single",Indian,0.99,0.99,2018-09-04 12:00:00+00:00,260000
1753736176,"Hanuman Chalisa (From ""HanuMan"") [Telugu]",GowraHari & Saicharan Bhaskaruni,HanuMan (Original Motion Picture Soundtrack) [Telugu],Soundtrack,1.29,8.99,2023-04-05 12:00:00+00:00,248333
1738608216,Anuvanuvuu,Arijit Singh,Om Bheem Bush (Original Motion Picture Soundtrack),Indian,0.99,13.86,2024-03-26 12:00:00+00:00,211716
530944482,Nee Yadalo Naaku,Yuvan Shankar Raja & Tanvi,Awaara - EP,Soundtrack,1.29,4.99,2010-01-01 12:00:00+00:00,292827
1529548964,Dimaak Kharaab,Keerthana Sharma & Saketh,Ismart Shankar (Original Motion Picture Soundtrack) - EP,Soundtrack,1.29,6.15,2019-06-07 12:00:00+00:00,280000
1529548962,Ismart Title Song,Anurag Kulkarni,Ismart Shankar (Original Motion Picture Soundtrack) - EP,Soundtrack,1.29,6.15,2019-06-19 12:00:00+00:00,252263
1529548965,Undipo,Anurag Kulkarni & Ramya Behara,Ismart Shankar (Original Motion Picture Soundtrack) - EP,Soundtrack,1.29,6.15,2019-06-29 12:00:00+00:00,303158
1256711137,Telugu,Rudresh Mahanthappa,Mother Tongue,Jazz,1.29,9.99,2004-10-19 12:00:00+00:00,401693
1702553691,"Jinthaak Chithaka (From ""Dhamaka"")",Bheems Ceciroleo & Mangli,Dhamaka (Original Motion Picture Soundtrack) - EP,Soundtrack,0.99,4.99,2022-08-18 12:00:00+00:00,225034
1488903737,"OMG Daddy (From ""Ala Vaikunthapurramuloo"")","Thaman S., Roll Rida & Rahul Nambiar","OMG Daddy (From ""Ala Vaikunthapurramuloo"") - Single",Indian,0.99,0.99,2019-11-22 12:00:00+00:00,228125
1529548963,Zindabad Zindabad,Sarath Santhosh & Ramya Behara,Ismart Shankar (Original Motion Picture Soundtrack) - EP,Soundtrack,1.29,6.15,2019-06-14 12:00:00+00:00,189730
1462517935,Idhe Kadha Nee Katha,Vijay Prakash,Maharshi (Original Motion Picture Soundtrack),Indian,0.99,6.93,2019-05-04 12:00:00+00:00,168600
1687309231,Vellake,"Bharatt-Saurabh, Yazin Nizar & Anirudh Ravichander",Vellake - Single,Indian Pop,1.29,1.29,2023-05-12 12:00:00+00:00,217777
1792337664,RANU BOMBAI KI RANU,"RAMU RATHOD, Singer Prabha & KALYAN KEYS",RANU BOMBAI KI RANU - Single,Alternative Folk,1.29,1.29,2025-01-23 12:00:00+00:00,256667
1828911353,"Vibe Undi (From ""Mirai"") [Telugu]","GowraHari, Armaan Malik & Krishna Kanth","Vibe Undi (From ""Mirai"") [Telugu] - Single",Soundtrack,1.29,1.29,2025-07-26 12:00:00+00:00,202361
1712428774,"Roar Of Kesari (From ""Bhagavanth Kesari"")",Thaman S. & Kasarla Shyam,"Roar Of Kesari (From ""Bhagavanth Kesari"") - Single",Regional Indian,1.29,1.29,2023-10-17 12:00:00+00:00,200236
1761152593,"Chuttamalle (From ""Devara Part 1"")","Anirudh Ravichander, Shilpa Rao & Ramajogayya Sastry","Chuttamalle (From ""Devara Part 1"") - Single",Telugu,1.29,1.29,2024-08-05 12:00:00+00:00,222064
1594544794,"Naatu Naatu (From ""RRR"")","Rahul Sipligunj, Kaala Bhairava & M.M. Keeravani","Naatu Naatu (From ""RRR"") - Single",Telugu,0.99,0.99,2021-11-10 12:00:00+00:00,214400
1463769380,Idhe Kadha Nee Katha,Vijay Prakash,Maharshi (Original Motion Picture Soundtrack),Indian,0.99,7.92,2019-05-04 12:00:00+00:00,168600
1529548966,Bonalu,Rahul Sipligunj & Mohana Bhogaraju,Ismart Shankar (Original Motion Picture Soundtrack) - EP,Soundtrack,0.99,6.15,2019-07-10 12:00:00+00:00,251250
337856209,Uppenantha,Devi Sri Prasad & KK,Aarya - 2 (Original Motion Picture Soundtrack),Telugu,1.29,6.99,2009-11-01 07:00:00+00:00,327640
1600014695,"Oo Antava Oo Oo Antava [From ""Pushpa - The Rise (Part - 01)""]",Indravathi Chauhan & Devi Sri Prasad,"Oo Antava Oo Oo Antava [From ""Pushpa - The Rise (Part - 01)""] - Single",Telugu,0.99,0.99,2021-12-10 12:00:00+00:00,223326
1744161633,"Poolamme Pilla (From ""HanuMan"") [Telugu]",GowraHari & Kasarla Shyam,"Poolamme Pilla (From ""HanuMan"") [Telugu] - Single",Soundtrack,1.29,1.29,2023-04-06 12:00:00+00:00,267682
1071086799,Daddy Mummy,M.M. Manasi & Devi Sri Prasad,Bhaag Johnny (Original Motion Picture Soundtrack),Bollywood,1.29,5.99,2015-08-20 07:00:00+00:00,265970
1702916054,Yanthara Lokapu Sundarive,Sid Sriram & Shashaa Tirupati,2.0 (Telugu) [Original Motion Picture Soundtrack] - Single,Soundtrack,0.99,1.99,2017-10-27 12:00:00+00:00,330917
1734625328,"Aaganandhe (From ""PS-2"") [Telugu]","A.R. Rahman, Anantha Sriram & Shakthisree Gopalan",PS 2  (Telugu) [Original Motion Picture Soundtrack],Soundtrack,1.29,5.99,2023-03-20 12:00:00+00:00,243439
1744161389,"Anjanadri Theme Song (From ""HanuMan"") [Telugu]","GowraHari, Sai Charan & Siva Sakthi Datta","Anjanadri Theme Song (From ""HanuMan"") [Telugu] - Single",Soundtrack,1.29,1.29,2023-04-06 12:00:00+00:00,118500
1734624006,Manohara,"Harris Jayaraj, Bhuvana Chandra & Bombay Jaya shree",Cheli (Original Motion Picture Soundtrack),Soundtrack,0.99,5.99,2001-02-20 12:00:00+00:00,300573
1463769383,Nuvvani Idhi Needani,Karthik,Maharshi (Original Motion Picture Soundtrack),Indian,0.99,7.92,2019-05-15 12:00:00+00:00,260700
1724206019,"Sooreede (From ""Salaar Cease Fire - Telugu"")","Ravi Basrur, Krishna Kanth & Harini Ivaturi",Salaar Cease Fire - Telugu (Original Motion Picture Soundtrack),Soundtrack,1.29,1.29,2023-12-13 12:00:00+00:00,198000
1741411033,Madam Sir Madam Anthe (Original Motion Picture Soundtrack) [From Maruthi Nagar Subramanyam],Sid Sriram & Kalyan Nayak,Madam Sir Madam Anthe (Original Motion Picture Soundtrack) [From Maruthi Nagar Subramanyam] - Single,Soundtrack,0.69,0.69,2024-04-17 12:00:00+00:00,199806
1481685076,"Samajavaragamana (From ""Ala Vaikunthapurramuloo"")",Thaman S. & Sid Sriram,"Samajavaragamana (From ""Ala Vaikunthapurramuloo"") - Single",Telugu,0.99,0.99,2019-09-28 12:00:00+00:00,219818
1753736778,"Anjanadri Theme Song (From ""HanuMan"") [Telugu]","GowraHari, Sai Charan & Siva Sakthi Datta",HanuMan (Original Motion Picture Soundtrack) [Telugu],Soundtrack,1.29,8.99,2023-04-06 12:00:00+00:00,118500
1419151804,Inkem Inkem Inkem Kaavaale,Sid Sriram,Geetha Govindam (Original Motion Picture Soundtrack),Telugu,1.29,4.99,2018-07-10 12:00:00+00:00,266715
1753737126,"Poolamme Pilla (From ""HanuMan"") [Telugu]",GowraHari & Kasarla Shyam,HanuMan (Original Motion Picture Soundtrack) [Telugu],Soundtrack,1.29,8.99,2023-04-06 12:00:00+00:00,267682
1529547565,Adhento Gaani Vunnapaatuga,Anirudh Ravichander,Jersey (Original Motion Picture Soundtrack),Telugu,1.29,6.15,2019-02-14 12:00:00+00:00,237065
1724206283,"Prathi Gaadhalo (From ""Salaar Cease Fire - Telugu"")",Krishna Kanth & Ravi Basrur,Salaar Cease Fire - Telugu (Original Motion Picture Soundtrack),Soundtrack,1.29,1.29,2023-12-21 12:00:00+00:00,187059
1721157704,"Sooreede (From ""Salaar Cease Fire - Telugu"")","Ravi Basrur, Krishna Kanth & Harini Ivaturi","Sooreede (From ""Salaar Cease Fire - Telugu"") - Single",Soundtrack,0.99,0.99,2023-12-13 12:00:00+00:00,198000
1327314759,Gaali Vaaluga,Anirudh Ravichander,Agnyaathavaasi (Original Motion Picture Soundtrack),Telugu,1.29,4.99,2017-12-12 12:00:00+00:00,258333
1649819583,"Gundellonaa (From ""Ori Devuda"")","Anirudh Ravichander, Leon James & Kasarla Shyam","Gundellonaa (From ""Ori Devuda"") - Single",Telugu,1.29,1.29,2022-10-12 12:00:00+00:00,200114
1479028336,Hoyna Hoyna,Anirudh Ravichander & Inno Genga,Gang Leader (Original Motion Picture Soundtrack),Telugu,1.29,3.99,2019-08-16 12:00:00+00:00,271938
1747282888,"Ponge Nadhi (From ""PS-1"") [Telugu]","A.R. Rahman, A. R. Reihana, Bamba Bakya & Anantha Sriram","Ponge Nadhi (From ""PS-1"") [Telugu] - Single",Soundtrack,0.99,0.99,2022-07-31 12:00:00+00:00,290526
1479028342,Gangu Leader,Anirudh Ravichander,Gang Leader (Original Motion Picture Soundtrack),Telugu,1.29,3.99,2019-09-05 12:00:00+00:00,198835
931714575,Nenu Nuvvantu,"Naresh Iyer, Nadeesh & U. V. Jackey",Orange (Original Motion Picture Soundtrack),Telugu,1.29,5.99,2010-10-25 07:00:00+00:00,287823
1685208815,Pachchadanamey,Hariharan & Clinton Cerejo,The Versions - Pachchadanamey - EP,Indian Pop,1.29,6.45,2000-03-09 12:00:00+00:00,361667
1700917699,"Nee Chuttu Chuttu (From ""Skanda"")","Thaman S., Sid Sriram, Sanjana Kalmanje & Raghuram","Nee Chuttu Chuttu (From ""Skanda"") - Single",Regional Indian,1.29,1.29,2023-08-03 12:00:00+00:00,249000
1485104774,"Ramuloo Ramulaa (From ""Ala Vaikunthapurramuloo"")","Thaman S., Anurag Kulkarni & Mangli","Ramuloo Ramulaa (From ""Ala Vaikunthapurramuloo"") - Single",Telugu,0.99,0.99,2019-10-26 12:00:00+00:00,245760
931714573,Chilipiga,Karthik,Orange (Original Motion Picture Soundtrack),Telugu,1.29,5.99,2010-10-25 07:00:00+00:00,328617
1452066317,"Chandamame (From ""118"")",Yazin Nizar,"Chandamame (From ""118"") - Single",Indian,1.29,1.29,2019-02-09 12:00:00+00:00,221994
1724206291,"Vinaraa (From ""Salaar Cease Fire - Telugu"")","Ravi Basrur, Krishna Kanth & Sachin Basrur",Salaar Cease Fire - Telugu (Original Motion Picture Soundtrack),Soundtrack,1.29,1.29,2023-12-25 12:00:00+00:00,195000
1835641066,Neeve,Yazin Nizar & Phani Kalyan,Neeve - Single,Indian Pop,0.99,0.99,2016-10-09 12:00:00+00:00,307336
1723602835,"Kurchi Madathapetti (From ""Guntur Kaaram"")","Thaman S., Sri Krishna, Sahithi Chaganti & Saraswati Putra Ramajogayya Sastry","Kurchi Madathapetti (From ""Guntur Kaaram"") - Single",Telugu,0.99,0.99,2023-12-30 12:00:00+00:00,216558
1747191476,"Fear Song (From ""Devara Part 1"") - TELUGU",Anirudh Ravichander & Ramajogayya Sastry,"Fear Song (From ""Devara Part 1"") - TELUGU - Single",Telugu,1.29,1.29,2024-05-19 12:00:00+00:00,195065
1493908010,Buttabomma,Armaan Malik,Ala Vaikunthapurramuloo (Original Motion Pictures Soundtrack),Telugu,0.99,5.94,2019-12-24 12:00:00+00:00,198783
928896433,Niluvaddham,Karthik & Sumangali,Nuvvostanante Nenoddantana (Original Motion Picture Soundtrack),Telugu,1.29,6.99,2004-12-14 08:00:00+00:00,357337
1724206548,"Sound of Salaar (From ""Salaar Cease Fire"")","Ravi Basrur, Yair Albeg Wein & Songs To Your Eyes",Salaar Cease Fire - Telugu (Original Motion Picture Soundtrack),Soundtrack,1.29,1.29,2023-12-22 12:00:00+00:00,175172
1610967802,Gandhari,Pawan Ch & Ananya Bhat,Gandhari - Single,Indian Pop,1.29,1.29,2022-02-21 12:00:00+00:00,198403
1687526684,"Na Roja Nuvve (From ""Kushi"")",Hesham Abdul Wahab & Shiva Nirvana,"Na Roja Nuvve (From ""Kushi"") - Single",Telugu,1.29,1.29,2023-05-10 12:00:00+00:00,242526
299622543,Naaloney Pongaynu,"Harris Jayaraj, Harish Raghavendra, V.V. Prassanna & Devan Ekambaram",Surya S/o Krishnan (Original Motion Picture Soundtrack),Soundtrack,1.29,5.99,2008-10-30 07:00:00+00:00,372600
1736019922,"Ponge Nadhi (From ""PS-1"") [Telugu]","A.R. Rahman, A. R. Reihana, Bamba Bakya & Anantha Sriram",PS - 1 - Telugu (Original Motion Picture Soundtrack) - EP,Soundtrack,0.99,4.99,2022-07-31 12:00:00+00:00,290526
1327314757,Baitikochi Chuste,Anirudh Ravichander,Agnyaathavaasi (Original Motion Picture Soundtrack),Telugu,1.29,4.99,2017-11-06 12:00:00+00:00,206667
1441393541,Maate Vinadhuga,Sid Sriram,Taxiwaala (Original Motion Picture Soundtrack),Telugu,1.29,4.99,2018-11-05 12:00:00+00:00,272393
1602184672,Oo Antava Oo Oo Antava,Indravathi Chauhan,"Pushpa - The Rise, Part. 01 (Original Motion Picture Soundtrack)",Telugu,0.99,4.95,2021-12-10 12:00:00+00:00,223326
1419152677,Yenti Yenti,Chinmayi Sripada,Geetha Govindam (Original Motion Picture Soundtrack),Telugu,1.29,4.99,2018-07-29 12:00:00+00:00,199200
1419152719,Vachindamma,Sid Sriram,Geetha Govindam (Original Motion Picture Soundtrack),Telugu,1.29,4.99,2018-07-29 12:00:00+00:00,250403
1449443359,Koppamga Koppamga,Thaman S. & Armaan Malik,Mr. Majnu (Original Motion Picture Soundtrack),Telugu,1.29,4.99,2019-01-14 12:00:00+00:00,274158
1702916297,Bulliguvaa,"M.M. Keeravani, A. R. Ameen & Suzanne D'Mello",2.0 (Telugu) [Original Motion Picture Soundtrack] - Single,Soundtrack,0.99,1.99,2017-10-27 12:00:00+00:00,292437
1493907867,Samajavaragamana,Sid Sriram,Ala Vaikunthapurramuloo (Original Motion Pictures Soundtrack),Telugu,0.99,5.94,2019-09-28 12:00:00+00:00,219818
928957576,Nanne Nanne,Tippu & Shalini Singh,Gharshana (Original Motion Picture Soundtrack),Telugu,1.29,6.99,2014-10-09 07:00:00+00:00,354208
1609924889,"Kalaavathi (From ""Sarkaru Vaari Paata"")",Sid Sriram & Thaman S.,"Kalaavathi (From ""Sarkaru Vaari Paata"") - Single",Telugu,1.29,1.29,2022-02-13 08:00:00+00:00,242322
977123033,Seethakaalam,Yazin Nizar,S/O Satyamurthy (Original Motion Picture Soundtrack),Telugu,1.29,7.99,2015-03-16 07:00:00+00:00,262489
1257625247,Oosupodu,Hemachandra,Fidaa (Original Motion Picture Soundtrack),Telugu,1.29,5.99,2017-07-10 12:00:00+00:00,273181
1556002916,"Saranga Dariya (From ""Love Story"")",Pawan Ch & Mangli,"Saranga Dariya (From ""Love Story"") - Single",Telugu,0.99,0.99,2021-02-27 12:00:00+00:00,230049
1602184669,Srivalli,Sid Sriram,"Pushpa - The Rise, Part. 01 (Original Motion Picture Soundtrack)",Telugu,0.99,4.95,2021-10-13 12:00:00+00:00,221000
1338094228,Sunona Sunaina,Rahul Nambiar,Toliprema (Original Motion Picture Soundtrack),Telugu,1.29,6.99,2018-01-20 12:00:00+00:00,218654
1479028340,Ninnu Chuse Anandamlo,Anirudh Ravichander & Sid Sriram,Gang Leader (Original Motion Picture Soundtrack),Telugu,1.29,3.99,2019-09-03 12:00:00+00:00,293000
1338094227,Ninnila,Armaan Malik,Toliprema (Original Motion Picture Soundtrack),Telugu,1.29,6.99,2018-01-16 12:00:00+00:00,234884
1799635509,Dheera Dheera,"Shri Krishna, Lokeshwar, Arun, Adithya, Ganta, Santhosh, Mohan, H. Shreenivas, Vijay Urs & Ananya Bhat",Unmaadhi (Original Motion Picture Soundtrack) - EP,Telugu,0.99,4.95,2018-12-04 12:00:00+00:00,222693
924826346,Panjaa,Yuvan Shankar Raja,Panjaa (Original Motion Picture Soundtrack),Telugu,1.29,5.99,2011-11-19 12:00:00+00:00,214742
1628049565,Hrudayama,Sid Sriram,Major - Telugu (Original Motion Picture Soundtrack) - EP,Soundtrack,1.29,5.16,2022-06-07 07:00:00+00:00,214815
352317861,Ee Hridayam,"A.R. Rahman, Vijay Prakash, Blaaze & Suzanne D'Mello",Yemaaya Chesave (Original Motion Picture Soundtrack),Telugu,1.29,5.99,2010-01-29 08:00:00+00:00,329320
1604127925,"Tillu Anna DJ Pedithe (feat. Siddhu & Neha Shetty) [From ""DJ Tillu""]",Sricharan Pakala & Ram Miriyala,"Tillu Anna DJ Pedithe (feat. Siddhu & Neha Shetty) [From ""DJ Tillu""] - Single",Telugu,0.99,0.99,2022-01-06 12:00:00+00:00,183500
1474048958,Kadalalle,Sid Sriram & Aishwarya Ravichandran,Dear Comrade (Original Motion Picture Soundtrack),Telugu,0.99,6.99,2019-05-08 12:00:00+00:00,260992
924428792,Idhedho Bagundhe,Vijay Prakash & Anitha,Mirchi (Original Motion Picture Soundtrack),Telugu,1.29,6.99,2012-01-05 12:00:00+00:00,266760
1579173354,"Dosti (From ""RRR"")",Hemachandra & M.M. Keeravani,"Dosti (From ""RRR"") - Single",Telugu,0.99,0.99,2021-08-01 12:00:00+00:00,340431
931714557,Ola Olaala Ala,Karunya & Ranina Reddy,Orange (Original Motion Picture Soundtrack),Telugu,1.29,5.99,2010-10-25 07:00:00+00:00,334689
1478088595,Bad Boy,Badshah & Neeti Mohan,Saaho (Original Motion Picture Soundtrack),Telugu,1.29,4.99,2019-08-19 12:00:00+00:00,177762
1273980411,Telisiney Na Nuvvey,Revanth,Arjun Reddy (Original Motion Picture Soundtrack),Telugu,1.29,6.99,2017-05-19 12:00:00+00:00,252287
1653972396,Urike Urike,"Sid Sriram, Ramya Behara, M.M. Sreelekha & Krishna Kanth","Urike Urike (From ""Hit 2"") - Single",Telugu,1.29,1.29,2022-11-11 12:00:00+00:00,275625
1722461668,"Prathi Gaadhalo (From ""Salaar Cease Fire - Telugu"")",Krishna Kanth & Ravi Basrur,"Prathi Gaadhalo (From ""Salaar Cease Fire - Telugu"") - Single",Soundtrack,0.99,0.99,2023-12-21 12:00:00+00:00,187059
1457658545,Priyathama Priyathama,Chinmayi Sripada,Majili (Original Motion Picture Soundtrack),Telugu,0.99,5.94,2019-03-11 12:00:00+00:00,247959
931714582,Rooba Rooba,Shail Hada & Chinmayi Sripada,Orange (Original Motion Picture Soundtrack),Telugu,1.29,5.99,2010-10-25 07:00:00+00:00,314373
1705609011,"Hungry Cheetah (From ""They Call Him OG"")",Thaman S.,"Hungry Cheetah (From ""They Call Him OG"") - Single",Telugu,1.29,1.29,2023-09-03 12:00:00+00:00,119053
927216191,My Heart,KK,Jalsa (Original Motion Picture Soundtrack),Telugu,1.29,7.99,2014-10-09 07:00:00+00:00,298393
931714553,Hello Rammante,"Vijay Prakash, Devan Ekambaram & D. Burn",Orange (Original Motion Picture Soundtrack),Telugu,1.29,5.99,2010-10-25 07:00:00+00:00,281965
1874569766,Mon Bawre,"Arijit Singh, Timir, Annesha & Ujjaini",Hits of Srabanti,Soundtrack,0.99,9.99,2026-02-04 08:00:00+00:00,285560
1874569767,Jebhabe Jalabi Jwalbo,Arijit Singh & Madhubanti,Hits of Srabanti,Soundtrack,0.99,9.99,2026-02-04 08:00:00+00:00,315181
1874569776,Mamo Chiite,Arijit Singh & Madhura,Hits of Srabanti,Soundtrack,0.99,9.99,2026-02-04 08:00:00+00:00,239999
1858961217,Gehra Hua,"Shashwat Sachdev, Arijit Singh, Irshad Kamil & Armaan Khan",Dhurandhar (Original Motion Picture Soundtrack),Bollywood,1.29,9.99,2025-11-27 12:00:00+00:00,362400
1824400213,Dhun,Mithoon & Arijit Singh,Saiyaara (Original Motion Picture Soundtrack),Bollywood,0.69,3.99,2025-07-01 12:00:00+00:00,276644
1669177015,"Tere Pyaar Mein (From ""Tu Jhoothi Main Makkaar"")","Pritam, Arijit Singh, Nikhita Gandhi & Amitabh Bhattacharya","Tere Pyaar Mein (From ""Tu Jhoothi Main Makkaar"") - Single",Bollywood,1.29,1.29,2023-02-12 12:00:00+00:00,266095
1435917781,"Pal (From ""Jalebi"")","Javed Mohsin, Arijit Singh & Shreya Ghoshal","Pal (From ""Jalebi"") - Single",Bollywood,1.29,1.29,2018-09-14 12:00:00+00:00,247286
1696969405,"What Jhumka ? (From ""Rocky Aur Rani Kii Prem Kahaani"")","Pritam, Arijit Singh, Jonita Gandhi, Ranveer Singh, Madan Mohan & Amitabh Bhattacharya","What Jhumka ? (From ""Rocky Aur Rani Kii Prem Kahaani"") - Single",Bollywood,1.29,1.29,2023-07-12 12:00:00+00:00,213611
996456909,Hamari Adhuri Kahani (Title Track),Jeet Gannguli & Arijit Singh,Hamari Adhuri Kahani (Original Motion Picture Soundtrack),Bollywood,1.29,4.99,2015-05-08 12:00:00+00:00,398799
1718278231,Satranga,"Arijit Singh, Shreyas Puranik & Siddharth-Garima",ANIMAL (Original Motion Picture Soundtrack),Bollywood,1.29,8.99,2023-10-27 12:00:00+00:00,271169
1688186502,"Phir Aur Kya Chahiye (From ""Zara Hatke Zara Bachke"")","Sachin-Jigar, Arijit Singh & Amitabha Bhattacharya","Phir Aur Kya Chahiye (From ""Zara Hatke Zara Bachke"") - Single",Bollywood,1.29,1.29,2023-05-16 12:00:00+00:00,266075
1111791037,Manwa Laage,Shreya Ghoshal & Arijit Singh,Happy New Year (Original Motion Picture Soundtrack),Bollywood,1.29,7.99,2014-09-11 07:00:00+00:00,272083
1057567677,Janam Janam,"Pritam, Antara Mitra & Arijit Singh",Dilwale (Original Motion Picture Soundtrack),Bollywood,1.29,8.99,2015-11-17 12:00:00+00:00,237897
1468448747,Bekhayali (Arijit Singh Version),Arijit Singh,Kabir Singh (Original Motion Picture Soundtrack),Bollywood,0.99,7.99,2019-06-03 12:00:00+00:00,370444
1117420384,Raabta,Pritam & Arijit Singh,Agent Vinod (Original Motion Picture Soundtrack),Bollywood,0.99,8.99,2012-02-24 08:00:00+00:00,243578
1529543285,Qaafirana,Arijit Singh & Nikhita Gandhi,Kedarnath (Original Motion Picture Soundtrack),Bollywood,1.29,6.45,2018-11-20 12:00:00+00:00,341823
1694486810,"Tum Kya Mile (From ""Rocky Aur Rani Kii Prem Kahaani"")","Pritam, Arijit Singh, Shreya Ghoshal & Amitabh Bhattacharya","Tum Kya Mile (From ""Rocky Aur Rani Kii Prem Kahaani"") - Single",Bollywood,1.29,1.29,2023-06-28 12:00:00+00:00,277500
1111741446,Humdard,Arijit Singh,Ek Villain (Original Motion Picture Soundtrack),Bollywood,0.99,4.99,2014-05-30 07:00:00+00:00,260590
1244430611,Ik Vaari Aa,Pritam & Arijit Singh,Raabta (Original Motion Picture Soundtrack),Bollywood,0.99,5.99,2017-04-21 12:00:00+00:00,274687
1481956481,Ghungroo,"Vishal & Shekhar, Arijit Singh & Shilpa Rao",War (Original Motion Picture Soundtrack),Bollywood,0.69,3.45,2019-09-05 12:00:00+00:00,302935
1638680267,"Deva Deva (From ""Brahmastra"")","Pritam, Arijit Singh, Amitabh Bhattacharya & Jonita Gandhi","Deva Deva (From ""Brahmastra"") - Single",Bollywood,1.29,1.29,2022-08-08 12:00:00+00:00,279107
1088788682,Bolna,"Tanishk Bagchi, Arijit Singh & Asees Kaur",Kapoor & Sons (Since 1921) [Original Motion Picture Soundtrack],Bollywood,1.29,3.99,2016-02-26 08:00:00+00:00,212832
1648663570,Kesariya,"Pritam, Arijit Singh & Amitabh Bhattacharya",Brahmastra (Original Motion Picture Soundtrack),Bollywood,1.29,9.99,2022-07-17 12:00:00+00:00,268165
1499107789,Shayad,Pritam & Arijit Singh,Love Aaj Kal (Original Motion Picture Soundtrack),Bollywood,1.29,9.99,2020-01-22 12:00:00+00:00,247941
1116089686,Kabhi Jo Baadal Barse,Arijit Singh,Jackpot (Original Motion Picture Soundtrack),Bollywood,1.29,7.99,2013-11-01 07:00:00+00:00,254300
1167416565,"Darkhaast (feat. Arijit Singh, Sunidhi Chauhan)",Mithoon,Shivaay (Original Motion Picture Soundtrack),Bollywood,0.99,4.95,2016-09-13 12:00:00+00:00,374205
1205913428,Roke Na Ruke Naina,Arijit Singh,Badrinath Ki Dulhania (Original Motion Picture Soundtrack),Bollywood,0.99,4.95,2017-02-21 12:00:00+00:00,278402
1174924387,Channa Mereya,Pritam & Arijit Singh,Ae Dil Hai Mushkil (Deluxe Edition) [Original Motion Picture Soundtrack],Bollywood,1.29,7.99,2016-09-29 07:00:00+00:00,289333
1617638425,Arijit Singh (Mashup),Yung Xiety,Arijit Singh (Mashup) - Single,R&B/Soul,0.99,0.99,2022-04-01 12:00:00+00:00,131100
876412650,Muskurane (Romantic),Jeet Gannguli & Arijit Singh,Citylights (Original Motion Picture Soundtrack),Bollywood,1.29,5.99,2014-05-04 07:00:00+00:00,334331
1244430612,Raabta (Title Track),"Pritam, Arijit Singh & Nikhita Gandhi",Raabta (Original Motion Picture Soundtrack),Bollywood,0.99,5.99,2017-04-27 12:00:00+00:00,297158
1842063595,Laal Ishq,"Sanjay Leela Bhansali, Arijit Singh & Siddharth-Garima",Goliyon Ki Raasleela Ram-Leela (Original Motion Picture Soundtrack),Bollywood,1.29,9.99,2013-10-02 12:00:00+00:00,387170
1536602082,"Aabaad Barbaad (From ""Ludo"")",Pritam & Arijit Singh,"Aabaad Barbaad (From ""Ludo"") - Single",Bollywood,1.29,1.29,2020-10-22 12:00:00+00:00,309103
1337583677,Binte Dil,Arijit Singh & A M Turaz,Padmaavat (Original Motion Picture Soundtrack),Bollywood,0.99,4.99,2018-01-21 12:00:00+00:00,192804
1529541384,Ve Maahi,Arijit Singh & Asees Kaur,Kesari (Original Motion Picture Soundtrack),Bollywood,1.29,9.03,2019-03-18 12:00:00+00:00,223999
1477605521,"Pachtaoge (From ""Jaani Ve"")",Arijit Singh,"Pachtaoge (From ""Jaani Ve"") - Single",Indian Pop,0.99,0.99,2019-08-23 12:00:00+00:00,226789
1496906844,"Haan Main Galat (From ""Love Aaj Kal"")","Pritam, Arijit Singh & Shashwat Singh","Haan Main Galat (From ""Love Aaj Kal"") - Single",Bollywood,1.29,1.29,2020-01-29 12:00:00+00:00,218644
1842065695,Aayat,"Sanjay Leela Bhansali, Shreyas Puranik, Arijit Singh, Mujtaba Aziz Naza, Shadab Faridi, Altamash Faridi & Farhan Sabri",Bajirao Mastani (Original Motion Picture Soundtrack),Bollywood,1.29,9.99,2015-11-24 12:00:00+00:00,261996
1722326393,O Maahi,"Pritam, Arijit Singh & Irshad Kamil",Dunki (Original Motion Picture Soundtrack),Bollywood,1.29,8.99,2023-12-11 08:00:00+00:00,233453
1478499923,Khairiyat (Happy),Pritam & Arijit Singh,Chhichhore (Original Motion Picture Soundtrack),Bollywood,1.29,7.99,2019-08-31 12:00:00+00:00,270707
1529528176,Aaj Se Teri,Arijit Singh,Padman (Original Motion Picture Soundtrack),Bollywood,1.29,6.45,2017-12-20 12:00:00+00:00,312240
1529528888,Pal Pal Dil Ke Paas - Title Track,Arijit Singh & Parampara Thakur,Pal Pal Dil Ke Paas (Original Motion Picture Soundtrack),Bollywood,1.29,9.99,2019-08-27 12:00:00+00:00,254516
1720723962,"O Maahi (From ""Dunki"")","Pritam, Arijit Singh & Irshad Kamil","O Maahi (From ""Dunki"") - Single",Bollywood,1.29,1.29,2023-12-11 12:00:00+00:00,233453
1110859716,Dil Cheez Tujhe Dedi,Ankit Tiwari & Arijit Singh,Airlift (Original Motion Picture Soundtrack),Bollywood,0.99,4.95,2015-12-24 08:00:00+00:00,271330
1174924388,The Breakup Song,"Pritam, Arijit Singh, Badshah, Jonita Gandhi & Nakash Aziz",Ae Dil Hai Mushkil (Deluxe Edition) [Original Motion Picture Soundtrack],Bollywood,1.29,7.99,2016-10-13 07:00:00+00:00,252632
1820880896,Sapphire (feat. Arijit Singh),Ed Sheeran,Sapphire (feat. Arijit Singh) - Single,Pop,1.29,1.29,2025-07-04 12:00:00+00:00,180648
953010617,Khamoshiyan,Jeet Gannguli & Arijit Singh,Khamoshiyan (Original Motion Picture Soundtrack),Bollywood,1.29,9.99,2014-12-13 12:00:00+00:00,335710
1484735612,Intezaar (feat. Arijit Singh & Asees Kaur),Mithoon,Intezaar (feat. Arijit Singh & Asees Kaur) - Single,Indian Pop,1.29,1.29,2015-06-19 12:00:00+00:00,267520
1529552886,Yeh Fitoor Mera,Arijit Singh,Fitoor (Original Motion Picture Soundtrack),Bollywood,1.29,9.03,2016-01-07 12:00:00+00:00,283070
1174924483,Channa Mereya (Unplugged),Pritam & Arijit Singh,Ae Dil Hai Mushkil (Deluxe Edition) [Original Motion Picture Soundtrack],Bollywood,1.29,7.99,2016-11-12 08:00:00+00:00,165333
1073359665,Meri Aashiqui,Palak Muchhal & Arijit Singh,Aashiqui 2 (Original Motion Picture Soundtrack),Bollywood,0.99,8.99,2013-04-03 07:00:00+00:00,266069
1531116192,Naina,Arijit Singh,Dangal (Original Motion Picture Soundtrack),Bollywood,1.29,9.72,2016-11-20 12:00:00+00:00,225750
1671101415,"Pyaar Hota Kayi Baar Hai (From ""Tu Jhoothi Main Makkaar"")","Pritam, Arijit Singh & Amitabh Bhattacharya","Pyaar Hota Kayi Baar Hai (From ""Tu Jhoothi Main Makkaar"") - Single",Bollywood,1.29,1.29,2023-02-10 12:00:00+00:00,216271
1677558303,Tere Pyaar Mein,"Pritam, Arijit Singh & Nikhita Gandhi",Tu Jhoothi Main Makkaar (Original Motion Picture Soundtrack),Bollywood,1.29,6.99,2023-02-12 12:00:00+00:00,266095
1598907462,Rait Zara Si,"Arijit Singh, Shashaa Tirupati & Irshad Kamil",Atrangi Re (Original Motion Picture Soundtrack),Bollywood,0.99,5.99,2021-12-06 12:00:00+00:00,291462
1658238167,Apna Bana Le,Sachin-Jigar & Arijit Singh,Bhediya (Original Motion Picture Soundtrack),Bollywood,1.29,6.45,2022-11-05 12:00:00+00:00,261702
1489985025,"Tu Hi Yaar Mera (From ""Pati Patni Aur Woh"")","Rochak, Arijit Singh, Neha Kakkar & Rochak Kohli","Tu Hi Yaar Mera (From ""Pati Patni Aur Woh"") - Single",Bollywood,1.29,1.29,2019-12-02 12:00:00+00:00,200992
554641151,Phir Le Aya Dil (Reprise),Arijit Singh & Pritam,Barfi! (Original Motion Picture Soundtrack),Bollywood,1.29,9.99,2012-12-14 08:00:00+00:00,305613
1111703146,Raat Bhar,Arijit Singh & Shreya Ghoshal,Heropanti (Original Motion Picture Soundtrack),Bollywood,1.29,5.99,2014-04-21 07:00:00+00:00,325582
1698183046,"Ve Kamleya (From ""Rocky Aur Rani Kii Prem Kahaani"")","Pritam, Arijit Singh, Shreya Ghoshal, Shadab Faridi, Altamash Faridi & Amitabh Bhattacharya","Ve Kamleya (From ""Rocky Aur Rani Kii Prem Kahaani"") - Single",Bollywood,1.29,1.29,2023-07-18 12:00:00+00:00,246989
1529550665,Phir Bhi Tumko Chaahunga,"Mithoon, Arijit Singh, Shashaa Tirupati & Manoj Muntashir",Half Girlfriend (Original Motion Picture Soundtrack),Bollywood,1.29,11.99,2017-04-17 12:00:00+00:00,351587
1842076713,Judaai,"Sachin-Jigar, Rekha Bhardwaj, Arijit Singh & Priya Saraiya",Badlapur (Original Motion Picture Soundtrack),Bollywood,1.29,9.99,2015-02-12 12:00:00+00:00,272772
1195337785,I’ll Be Waiting (Kabhi Jo Baadal),"Arjun, Arijit Singh & Sharib Toshi",I’ll Be Waiting (Kabhi Jo Baadal) - Single,Indian Pop,0.99,0.99,2014-04-23 12:00:00+00:00,241720
1073359674,Milne Hai Mujhse Aayi,Arijit Singh,Aashiqui 2 (Original Motion Picture Soundtrack),Bollywood,0.99,8.99,2013-04-03 07:00:00+00:00,295798
1158884519,Phir Kabhi,Arijit Singh,M.S. Dhoni: The Untold Story (Original Motion Picture Soundtrack),Bollywood,0.99,5.99,2016-08-22 12:00:00+00:00,287422
1492700054,"Garmi (From ""Street Dancer 3D"") (feat. Varun Dhawan)",Badshah & Neha Kakkar,"Garmi (From ""Street Dancer 3D"") (feat. Varun Dhawan) - Single",Bollywood,0.99,0.99,2020-01-03 12:00:00+00:00,182739
1173179775,Maahi Ve,Neha Kakkar,Wajah Tum Ho (Original Motion Picture Soundtrack),Bollywood,1.29,7.99,2016-11-05 12:00:00+00:00,365366
1533218779,Sawan Mein Lag Gayi Aag,"Mika Singh, Payal Dev, Neha Kakkar & Badshah",Ginny Weds Sunny (Original Motion Picture Soundtrack) - EP,Bollywood,1.29,5.99,2020-09-28 12:00:00+00:00,226615
1348996909,Chhote Chhote Peg,"Yo Yo Honey Singh, Neha Kakkar & Navraj Hans",Sonu Ke Titu Ki Sweety (Original Motion Picture Soundtrack),Bollywood,0.99,6.99,2018-01-18 12:00:00+00:00,203882
1453984030,Coca Cola,"Tony Kakkar, Neha Kakkar & Young Desi",Luka Chuppi (Original Motion Picture Soundtrack),Bollywood,0.99,4.95,2019-02-04 12:00:00+00:00,179225
1811590663,"Dil Ko Karaar Aaya (From ""Sukoon"")","Rajat Nagpal, Yasser Desai, Neha Kakkar & Rana Sotal","Dil Ko Karaar Aaya (From ""Sukoon"") - Single",Worldwide,0.69,0.69,2020-07-31 12:00:00+00:00,231486
1487411450,"Dheeme Dheeme (From ""Pati Patni Aur Woh"")","Tony Kakkar, Neha Kakkar & Tanishk Bagchi","Dheeme Dheeme (From ""Pati Patni Aur Woh"") - Single",Bollywood,1.29,1.29,2019-11-11 12:00:00+00:00,177383
1529463369,The Hook up Song,"Vishal & Shekhar, Neha Kakkar & Shekhar Ravjiani",Student of the Year 2 (Original Motion Picture Soundtrack),Bollywood,1.29,7.74,2019-04-26 12:00:00+00:00,213947
1783306888,Aaye Haaye,"Karan Aujla, Neha Kakkar & Jay Trak",Aaye Haaye - Single,Punjabi Pop,0.99,0.99,2024-12-06 12:00:00+00:00,195058
1827935479,Dil Ko Karaar Aaya (Reprise),Neha Kakkar,Dil Ko Karaar Aaya (Reprise) - Single,Worldwide,0.69,0.69,2021-07-21 12:00:00+00:00,240846
1281961471,Aa To Sahi,"Meet Bros, Neha Kakkar & Roach Killa",Judwaa 2 (Original Motion Picture Soundtrack),Bollywood,1.29,4.99,2017-09-12 12:00:00+00:00,221277
1281961468,Chalti Hai Kya 9 Se 12,Dev Negi & Neha Kakkar,Judwaa 2 (Original Motion Picture Soundtrack),Bollywood,1.29,4.99,2017-08-25 12:00:00+00:00,261005
1447936243,Mera Wala Dance,Nakash Aziz & Neha Kakkar,Simmba (Original Motion Picture Soundtrack),Bollywood,0.99,5.99,2018-12-26 12:00:00+00:00,199584
1281961470,Oonchi Hai Building 2.0,Anu Malik & Neha Kakkar,Judwaa 2 (Original Motion Picture Soundtrack),Bollywood,1.29,4.99,2017-09-07 12:00:00+00:00,204550
1438403347,Nikle Currant,Jassie Gill & Neha Kakkar,Nikle Currant - Single,Punjabi Pop,0.99,0.99,2018-10-12 07:00:00+00:00,212925
1483020029,"Ek Toh Kum Zindagani (From ""Marjaavaan"")","Neha Kakkar, Yash Narvekar & Tanishk Bagchi","Ek Toh Kum Zindagani (From ""Marjaavaan"") - Single",Bollywood,1.29,1.29,2019-10-10 12:00:00+00:00,190346
1447877703,"Aashiq Banaya Aapne (from ""Hate Story IV"")",Himesh Reshammiya & Neha Kakkar,Top 20 - Bollywood Songs 2018,Bollywood,0.99,12.99,2018-01-31 12:00:00+00:00,222676
1461443505,"Hauli Hauli (From ""De De Pyaar De"")","Garry Sandhu, Neha Kakkar, Mellow D & Tanishk Bagchi","Hauli Hauli (From ""De De Pyaar De"") - Single",Bollywood,1.29,1.29,2019-04-26 12:00:00+00:00,209393
1516503241,"O Saki Saki (From ""Batla House"")","Neha Kakkar, Tulsi Kumar & B. Praak",Ultimate Dance Hits of Nora Fatehi,Bollywood,0.99,6.99,2019-07-15 12:00:00+00:00,191089
1842077300,Second Hand Jawaani,"Pritam, Miss Pooja, Neha Kakkar, Nakash Aziz & Amitabh Bhattacharya",Cocktail (Original Motion Picture Soundtrack),Bollywood,1.29,9.99,2012-06-15 12:00:00+00:00,241213
1057567678,Tukur Tukur,"Pritam, Arijit Singh, Kanika Kapoor, Nakash Aziz, Neha Kakkar & Siddharth Mahadevan",Dilwale (Original Motion Picture Soundtrack),Bollywood,1.29,8.99,2015-11-17 12:00:00+00:00,247458
1440699324,"Dilbar (From ""Satyameva Jayate"")","Neha Kakkar, Dhvani Bhanusali & Ikka",Bollywood Best Party Songs 2018,Bollywood,0.99,8.99,2018-07-04 12:00:00+00:00,184433
1420435175,Dilbar,"Neha Kakkar, Dhvani Bhanusali & Ikka",Satyameva Jayate (Original Motion Picture Soundtrack),Bollywood,0.99,3.96,2018-07-04 12:00:00+00:00,184433
1116109818,Sunny Sunny,Yo Yo Honey Singh & Neha Kakkar,Yaariyan (Original Motion Picture Soundtrack),Bollywood,0.99,9.99,2013-12-07 08:00:00+00:00,243319
1447875179,Gali Gali,Neha Kakkar,KGF Chapter 1 (Original Motion Picture Soundtrack),Bollywood,0.99,4.99,2018-12-13 12:00:00+00:00,174711
1827439380,La La La,Neha Kakkar & Arjun Kanungo,La La La - Single,Worldwide,0.69,0.69,2018-02-07 12:00:00+00:00,192000
1529541151,Laal Ghaghra,"Neha Kakkar, Manj Musik & Herbie Sahara",Laal Ghaghra - Single,Bollywood,1.29,1.29,2019-12-17 12:00:00+00:00,268889
1498889226,Garmi (feat. Varun Dhawan),Badshah & Neha Kakkar,Street Dancer 3D (Original Motion Picture Soundtrack),Bollywood,0.99,8.99,2020-01-03 12:00:00+00:00,182739
1529449996,Manali Trance,Yo Yo Honey Singh & Neha Kakkar,The Shaukeens (Original Motion Picture Soundtrack),Bollywood,1.29,9.03,2014-10-03 12:00:00+00:00,203207
1550794093,Saiyaan Ji (feat. Nushrratt Bharuccha),Yo Yo Honey Singh,Saiyaan Ji (feat. Nushrratt Bharuccha) - Single,Indian Pop,0.99,0.99,2021-01-28 12:00:00+00:00,205450
1482253201,Wah Wai Wahh,Neha Kakkar & Sukh-E Muzical Doctorz,Wah Wai Wahh - Single,Indian Pop,0.99,0.99,2019-10-03 12:00:00+00:00,176344
1466957521,"Aankh Marey (From ""Simmba"")","Neha Kakkar, Mika Singh & Kumar Sanu",Party Songs Neha Kakkar,Bollywood,0.99,,2018-12-06 12:00:00+00:00,212741
1447603196,Makhna,"Yo Yo Honey Singh, Neha Kakkar, Singhsta, Pinaki, Sean & Allistair",Makhna - Single,Indian Pop,0.99,0.99,2018-12-21 08:00:00+00:00,191762
1759178697,"Hauli Hauli (From ""Khel Khel Mein"")","Guru Randhawa, Yo Yo Honey Singh, Neha Kakkar & JSL Singh","Hauli Hauli (From ""Khel Khel Mein"") - Single",Bollywood,1.29,1.29,2024-07-25 12:00:00+00:00,168016
1824468826,Goa Beach (feat. Neha Kakkar),Tony Kakkar,Goa Beach (feat. Neha Kakkar) - Single,Worldwide,0.69,0.69,2020-02-11 12:00:00+00:00,218520
1419840826,Patt Lainge (feat. Neha Kakkar),Gippy Grewal,Patt Lainge - Single (feat. Neha Kakkar) - Single,Indian Pop,1.29,1.29,2016-01-05 12:00:00+00:00,244323
1358647059,"Sunny Sunny (From ""Yaariyan"")",Yo Yo Honey Singh & Neha Kakkar,Yo Yo Honey Singh Is Back,Indian,1.29,15.99,2013-12-07 12:00:00+00:00,243319
1440699332,"Chhote Chhote Peg (From ""Sonu Ke Titu Ki Sweety"")","Yo Yo Honey Singh, Neha Kakkar & Navraj Hans",Bollywood Best Party Songs 2018,Bollywood,0.99,8.99,2018-01-18 12:00:00+00:00,203882
1010622845,Akhiyan (feat. Neha Kakkar & Bohemia),Tony Kakkar,Akhiyan (feat. Neha Kakkar & Bohemia) - Single,Worldwide,0.99,0.99,2015-06-21 12:00:00+00:00,285377
1481053052,"Odhani (From ""Made in China"")","Sachin-Jigar, Darshan Raval & Neha Kakkar","Odhani (From ""Made in China"") - Single",Bollywood,1.29,1.29,2019-09-24 12:00:00+00:00,195397
1492678230,"Lamborghini (From ""Jai Mummy Di"")","Meet Bros, Neha Kakkar & Jassie Gill","Lamborghini (From ""Jai Mummy Di"") - Single",Bollywood,1.29,1.29,2019-12-23 12:00:00+00:00,246636
1536517018,Dhating Naach,"Pritam, Neha Kakkar & Nakash Aziz",Phata Poster Nikhla Hero (Original Motion Picture Soundtrack),Bollywood,1.29,9.99,2013-09-10 12:00:00+00:00,190559
1839280770,"Bol Kaffara Kya Hoga (From ""Ek Deewane Ki Deewaniyat"") [Original Motion Picture Soundtrack]","Dj Chetas, Neha Kakkar & Farhan Sabri","Bol Kaffara Kya Hoga (From ""Ek Deewane Ki Deewaniyat"") [Original Motion Picture Soundtrack] - Single",Bollywood,0.69,0.69,2021-09-24 12:00:00+00:00,207073
1536604283,Chamma Chamma,"Neha Kakkar, Romy, Arun & Ikka",Fraud Saiyaan (Original Motion Picture Soundtrack) - EP,Bollywood,1.29,4.99,2018-12-14 12:00:00+00:00,196301
1534551906,Teri Aankhon Mein,Darshan Raval & Neha Kakkar,Teri Aankhon Mein - Single,Indian Pop,0.99,0.99,2020-10-08 12:00:00+00:00,261758
1373119768,Oh Humsafar,Neha Kakkar & Tony Kakkar,Oh Humsafar - Single,Indian Pop,0.99,0.99,2018-04-17 12:00:00+00:00,330320
1532379497,Taaron Ke Shehar,Neha Kakkar & Jubin Nautiyal,Taaron Ke Shehar - Single,Indian Pop,0.99,0.99,2020-09-21 12:00:00+00:00,230083
1826827644,Kanta Laga,"Tony Kakkar, Yo Yo Honey Singh & Neha Kakkar",Kanta Laga - Single,Worldwide,0.69,0.69,2021-09-08 12:00:00+00:00,207084
1463582995,Hauli Hauli,"Garry Sandhu, Neha Kakkar & Mellow D",De De Pyaar De (Original Motion Picture Soundtrack),Bollywood,0.99,5.99,2019-04-26 12:00:00+00:00,209393
1659855546,Bijli,"Sachin-Jigar, Mika Singh & Neha Kakkar",Govinda Naam Mera (Original Motion Picture Soundtrack),Bollywood,1.29,9.99,2022-11-25 12:00:00+00:00,174000
1319892348,Kar Gayi Chull,"Badshah, Amaal Mallik, Fazilpuria, Sukriti Kakar & Neha Kakkar",The Badshah of Party Hits,Indian Pop,1.29,,2016-02-26 12:00:00+00:00,187711
1438639439,"Dholida (from ""Loveyatri"")","Udit Narayan, Neha Kakkar, Palak Muchhal & Raja Hassan",Bollywood Dandiya Songs,Bollywood,0.99,6.99,2018-09-24 12:00:00+00:00,216251
1466957517,"Coca Cola (From ""Luka Chuppi"")","Tony Kakkar, Neha Kakkar & Young Desi",Party Songs Neha Kakkar,Bollywood,0.99,,2019-02-04 12:00:00+00:00,179225
1494896090,Lamborghini,"Meet Bros, Neha Kakkar & Jassie Gill",Jai Mummy Di (Original Motion Picture Soundtrack),Bollywood,1.29,8.99,2019-12-23 12:00:00+00:00,246636
1819083135,Sorry Song,Neha Kakkar & Maninder Buttar,Sorry Song - Single,Worldwide,0.69,0.69,2019-07-17 12:00:00+00:00,204944
1270555663,Kabira-Naina,Neha Kakkar & Mohd. Irfan,T-Series Mixtape,Bollywood,0.99,12.99,2017-06-15 12:00:00+00:00,319626
1495009690,Tu Hi Yaar Mera,"Rochak, Arijit Singh & Neha Kakkar",Pati Patni Aur Woh (Original Motion Picture Soundtrack),Bollywood,1.29,6.99,2019-12-02 12:00:00+00:00,200992
1504899354,"Jinke Liye (From ""Jaani Ve"")",Neha Kakkar,"Jinke Liye (From ""Jaani Ve"") - Single",Indian Pop,0.99,0.99,2020-04-01 12:00:00+00:00,282645
1825268819,Nehu Da Vyah,Neha Kakkar,Nehu Da Vyah - Single,Worldwide,0.69,0.69,2020-10-21 12:00:00+00:00,155686
1329368799,"High Rated Gabru-Ban Ja Rani (From ""T-Series Mixtape Punjabi"")","Neha Kakkar, Guru Randhawa, Abhijit Vaghani, Manj Musik, Rajat Nagpal & Haji Springer","High Rated Gabru-Ban Ja Rani (From ""T-Series Mixtape Punjabi"") - Single",Indian Pop,,,2017-12-25 12:00:00+00:00,267076
1466957530,"Chhote Chhote Peg (From ""Sonu Ke Titu Ki Sweety"")","Yo Yo Honey Singh, Neha Kakkar & Navraj Hans",Party Songs Neha Kakkar,Bollywood,0.99,,2018-01-18 12:00:00+00:00,203882
1439673823,Nain Na Jodeen,"Ayushmann Khurrana, Neha Kakkar & Rochak Kohli",Badhaai Ho (Original Motion Picture Soundtrack),Bollywood,0.99,3.96,2018-10-04 12:00:00+00:00,274102
1273237851,"Trippy Trippy (From ""Bhoomi"")","Neha Kakkar, Benny Dayal, Brijesh Shandilya, Badshah & Sachin-Jigar","Trippy Trippy (From ""Bhoomi"") - Single",Bollywood,1.29,1.29,2017-08-18 07:00:00+00:00,214407
1696959970,Kala Chashma,"Amar Arshi, Badshah, Neha Kakkar, Indeep Bakshi, Prem & Hardeep & Kumaar",Bollywood Party Hits Essentials,Soundtrack,1.29,11.99,2016-07-27 12:00:00+00:00,187006
1270555674,Pee Loon-Ishq Sufiyana,Neha Kakkar & Sreerama Chandra,T-Series Mixtape,Bollywood,0.99,12.99,2017-07-24 12:00:00+00:00,227933
1487448622,Odhani,"Sachin-Jigar, Darshan Raval & Neha Kakkar",Made in China (Original Motion Picture Soundtrack),Bollywood,1.29,5.99,2019-09-24 12:00:00+00:00,195397
1546059600,Teri Bhabhi,"Javed Mohsin, Dev Negi & Neha Kakkar",Coolie No. 1 (Original Motion Picture Soundtrack),Bollywood,1.29,5.16,2020-12-03 12:00:00+00:00,202917
1442185751,"Morni Banke (From ""Badhaai Ho"")",Guru Randhawa & Neha Kakkar,Bollywood Punjabi Chartbusters,Bollywood,0.99,8.99,2018-09-26 12:00:00+00:00,198026
1484794104,"Tum Par Hum Hai Atke (From ""Pagalpanti"")","Neha Kakkar, Mika Singh & Tanishk Bagchi","Tum Par Hum Hai Atke (From ""Pagalpanti"") - Single",Bollywood,1.29,1.29,2019-10-24 12:00:00+00:00,178619
1529554741,Mile Ho Tum (Reprise),Neha Kakkar & Tony Kakkar,Fever (Original Motion Picture Soundtrack),Bollywood,1.29,9.99,2016-06-24 12:00:00+00:00,305845
1706819341,"Jaane Jaan - Title Track (From ""Jaane Jaan"")","Neha Kakkar, Sachin-Jigar, Laxmikant-Pyarelal & Rajendra Krishan","Jaane Jaan Title Track (From ""Jaane Jaan"") - Single",Bollywood,1.29,1.29,2023-09-11 12:00:00+00:00,140469
1470816388,Dilbar-Ishare Tere-Tere Te,Neha Kakkar & Guru Randhawa,T-Series Mixtape Season 2,Bollywood,0.99,11.99,2019-04-01 12:00:00+00:00,259685
1447877694,"Gali Gali (From ""KGF Chapter 1"")",Neha Kakkar,Top 20 - Bollywood Songs 2018,Bollywood,0.99,12.99,2018-12-13 12:00:00+00:00,174711
1556048549,Aur Pyaar Karna Hai,Neha Kakkar & Guru Randhawa,Aur Pyaar Karna Hai - Single,Indian Pop,0.99,0.99,2021-03-04 12:00:00+00:00,243508
1447877686,"Aankh Marey (From ""Simmba"")","Neha Kakkar, Mika Singh & Kumar Sanu",Top 20 - Bollywood Songs 2018,Bollywood,0.99,12.99,2018-12-06 12:00:00+00:00,212741
1756475408,"Shaunkan (From ""Ulajh"")","Shashwat Sachdev, Jubin Nautiyal, Neha Kakkar & Kumaar","Shaunkan (From ""Ulajh"") - Single",Bollywood,1.29,1.29,2024-07-19 12:00:00+00:00,167834
1263394315,"Pee Loon-Ishq Sufiyana (From ""T-Series Mixtape"")","Neha Kakkar, Sreerama Chandra, Abhijit Vaghani, Pritam & Vishal & Shekhar","Pee Loon-Ishq Sufiyana (From ""T-Series Mixtape"") - Single",Bollywood,,,2017-07-24 12:00:00+00:00,227933
1495009687,Dheeme Dheeme,Tony Kakkar & Neha Kakkar,Pati Patni Aur Woh (Original Motion Picture Soundtrack),Bollywood,1.29,6.99,2019-11-11 12:00:00+00:00,177383
1696959971,The Hook up Song,"Vishal & Shekhar, Neha Kakkar, Shekhar Ravjiani & Kumaar",Bollywood Party Hits Essentials,Soundtrack,1.29,11.99,2019-04-26 12:00:00+00:00,213947
1529552941,Laal Ghaghra,"Neha Kakkar, Manj Musik & Herbie Sahara",Good Newwz (Original Motion Picture Soundtrack),Bollywood,1.29,9.72,2019-12-17 12:00:00+00:00,268889
1454934005,"Morni Banke (From ""Badhaai Ho"")",Guru Randhawa & Neha Kakkar,High Rated Gabru - Guru Randhawa,Indian Pop,0.99,12.99,2018-09-26 12:00:00+00:00,198026
1476918882,"O Saki Saki (From ""Batla House"")","Neha Kakkar, Tulsi Kumar & B. Praak",Mesmeric Voice - Tulsi Kumar,Bollywood,0.99,15.99,2019-07-15 12:00:00+00:00,191089
1656361558,"Bijli (From ""Govinda Naam Mera"")","Sachin-Jigar, Mika Singh & Neha Kakkar","Bijli (From ""Govinda Naam Mera"") - Single",Bollywood,1.29,1.29,2022-11-25 12:00:00+00:00,174000
1655825138,"Bijli (From ""Govinda Naam Mera"")",Mika Singh & Neha Kakkar,"Bijli (From ""Govinda Naam Mera"") - Single",Bollywood,1.29,1.29,2022-11-25 12:00:00+00:00,174000
1466957522,"Dilbar (From ""Satyameva Jayate"")","Neha Kakkar, Dhvani Bhanusali & Ikka",Party Songs Neha Kakkar,Bollywood,0.99,,2018-07-04 12:00:00+00:00,184433
1529553048,Aao Raja,Neha Kakkar & Yo Yo Honey Singh,Gabbar Is Back (Original Motion Picture Soundtrack) - EP,Bollywood,1.29,7.74,2015-04-20 12:00:00+00:00,245616
1466957528,"Chalti Hai Kya 9 Se 12 (From ""Judwaa 2"")",Dev Negi & Neha Kakkar,Party Songs Neha Kakkar,Bollywood,0.99,,2017-08-25 12:00:00+00:00,261005
1466957526,"Gali Gali (From ""Kgf Chapter 1"")",Neha Kakkar,Party Songs Neha Kakkar,Bollywood,0.99,,2018-12-13 12:00:00+00:00,174711
1504032328,Genda Phool (feat. Payal Dev),Badshah,Genda Phool (feat. Payal Dev) - Single,Indian Pop,1.29,1.29,2020-03-26 12:00:00+00:00,170769
1006710241,Dj Waley Babu (feat. Aastha Gill),Badshah,Dj Waley Babu (feat. Aastha Gill) - Single,Indian Pop,1.29,1.29,2015-07-17 12:00:00+00:00,169080
887456974,Saturday Saturday,"Sharib Toshi, Badshah, Indeep Bakshi & Akriti Kakkar",Humpty Sharma Ki Dulhania (Original Motion Picture Soundtrack),Bollywood,1.29,4.99,2014-06-10 07:00:00+00:00,210799
1623597039,Badshah,Himmat Sandhu,Badshah - Single,Punjabi Pop,0.99,0.99,2022-05-12 12:00:00+00:00,145125
1792174623,Badshah,Emiway Bantai & Abhijeet,Badshah - Single,Hip-Hop/Rap,1.29,1.29,2025-02-03 12:00:00+00:00,163385
1529455007,Tareefan,Badshah & QARAN,Veere Di Wedding (Original Motion Picture Soundtrack),Bollywood,1.29,9.99,2018-05-02 12:00:00+00:00,186122
1088788689,Let's Nacho,"Nucleya, Benny Dayal & Badshah",Kapoor & Sons (Since 1921) [Original Motion Picture Soundtrack],Bollywood,1.29,3.99,2016-03-04 08:00:00+00:00,215076
1478851163,Badshah,Nazaar,Badshah - Single,Dubstep,0.99,0.99,2019-09-30 12:00:00+00:00,172800
1471523193,Paagal,Badshah,Paagal - Single,Indian Pop,1.29,1.29,2019-07-10 12:00:00+00:00,171028
1205913431,Tamma Tamma Again,"Bappi Lahiri, Anuradha Paudwal & Badshah",Badrinath Ki Dulhania (Original Motion Picture Soundtrack),Bollywood,0.99,4.95,2017-02-11 08:00:00+00:00,199265
1665291650,"Sajna, Say Yes To The Dress",Badshah & Payal Dev,"Sajna, Say Yes To The Dress - Single",Indian,1.29,1.29,2021-11-30 08:00:00+00:00,158056
1119070354,Baby Ko Bass Pasand Hai,"Vishal & Shekhar, Vishal Dadlani, Shalmali Kholgade, Isheeta & Badshah",Sultan (Original Motion Picture Soundtrack),Bollywood,0.69,3.99,2016-05-31 07:00:00+00:00,253205
1220789291,"Move Your Lakk (from ""Noor"")","Diljit Dosanjh, Badshah & Sonakshi Sinha","Move Your Lakk (from ""Noor"") - Single",Bollywood,1.29,1.29,2017-03-29 12:00:00+00:00,194568
1042204457,Baaki Baatein Peene Baad (Shots) [feat. Badshah],Arjun Kanungo,Baaki Baatein Peene Baad (Shots) [feat. Badshah] - Single,Indian Pop,1.29,1.29,2015-09-25 12:00:00+00:00,220313
1736449719,God Damn,"Badshah, Karan Aujla & Hiten",Ek Tha Raja,Pop,1.29,11.99,2024-03-18 12:00:00+00:00,167234
1738425731,"Naina (From ""Crew"")","Diljit Dosanjh, Badshah & Raj Ranjodh",Crew (Original Motion Picture Soundtrack),Soundtrack,1.29,9.99,2024-03-05 12:00:00+00:00,180000
1167416558,"Bolo Har Har Har (feat. Mohit Chauhan, Sukhwinder Singh, Badshah, Megha Sriram Dalton, Anugrah, Sandeep Shrivastava)",Mithoon,Shivaay (Original Motion Picture Soundtrack),Bollywood,0.99,4.95,2016-09-13 12:00:00+00:00,294331
1704457447,Badshah,Vishal Hapor,Badshah - Single,Gujarati,0.99,0.99,2023-08-24 12:00:00+00:00,306404
1440699326,"Akh Lad Jaave (From ""Loveyatri - A Journey of Love"")","Badshah, Asees Kaur & Jubin Nautiyal",Bollywood Best Party Songs 2018,Bollywood,0.99,8.99,2018-10-31 12:00:00+00:00,180176
1474369297,Koka,"Jasbir Jassi, Badshah & Dhvani Bhanushali",Khandaani Shafakhana (Original Motion Picture Soundtrack),Bollywood,1.29,6.99,2019-06-28 12:00:00+00:00,176092
1793724408,"Gori Hai Kalaiyan (From ""Mere Husband Ki Biwi"")","Badshah, Akshay & IP, Kanika Kapoor & Sharvi Yadav","Gori Hai Kalaiyan (From ""Mere Husband Ki Biwi"") - Single",Bollywood,1.29,1.29,2025-02-06 12:00:00+00:00,136224
1186275502,"The Humma Song (From ""OK Jaanu"")","A.R. Rahman, Badshah, Tanishk Bagchi, Shashaa Tirupati & Jubin Nautiyal","The Humma Song (From ""OK Jaanu"") - Single",Bollywood,,,2016-12-15 12:00:00+00:00,179658
1627266303,Tauba (feat. Badshah),Payal Dev,Tauba (feat. Badshah) - Single,Indian Pop,1.29,1.29,2022-06-16 12:00:00+00:00,199310
1736450053,Soulmate,Badshah & Arijit Singh,Ek Tha Raja,Pop,1.29,11.99,2024-03-18 12:00:00+00:00,213600
1413074687,Tere Naal Nachna,Badshah & Sunanda Sharma,Nawabzaade (Original Motion Picture Soundtrack),Bollywood,1.29,,2018-07-05 12:00:00+00:00,166615
1474369298,Sheher Ki Ladki,"Badshah, Tulsi Kumar, Abhijeet & Chandra Dixit",Khandaani Shafakhana (Original Motion Picture Soundtrack),Bollywood,1.29,6.99,2019-07-05 12:00:00+00:00,172965
1529552938,Chandigarh Mein,"Badshah, Harrdy Sandhu, Lisa Mishra & Asees Kaur",Good Newwz (Original Motion Picture Soundtrack),Bollywood,1.29,9.72,2019-11-27 12:00:00+00:00,205200
1433352056,Aao Kabhi Haveli Pe,"Badshah, Nikhita Gandhi & Sachin-Jigar",Stree (Original Motion Picture Soundtrack),Bollywood,0.99,3.96,2018-08-22 12:00:00+00:00,172941
1428383767,Aashiq Awaara (feat. Sunidhi Chauhan),Badshah,ONE (Original Never Ends),Indian Pop,1.29,13.99,2018-08-17 12:00:00+00:00,256800
1486766215,Don't Be Shy Again,"Sachin-Jigar, Badshah, Shalmali Kholgade & Gurdeep Mehendi",Bala (Original Motion Picture Soundtrack),Bollywood,1.29,5.99,2019-10-18 12:00:00+00:00,164160
1071855800,Selfie Le Le Re,"Pritam, Vishal Dadlani, Nakash Aziz, Badshah & Mayur Puri",Bajrangi Bhaijaan (Original Motion Picture Soundtrack),Bollywood,0.99,7.99,2015-06-25 07:00:00+00:00,297651
1576566620,Badshah,Esrar,Badshah - Single,Electronic,0.99,0.99,2021-08-04 12:00:00+00:00,141608
1428548281,Tere Naal Nachna,Badshah & Sunanda Sharma,Nawabzaade,Bollywood,1.29,4.99,2018-07-05 12:00:00+00:00,166615
1424922164,Heartless (feat. Aastha Gill),Badshah,Heartless (feat. Aastha Gill) - Single,Indian Pop,1.29,1.29,2018-08-13 07:00:00+00:00,210000
1117138354,BomBae,"Fuse ODG, Zack Knight & Badshah",BomBae - Single,Indian Pop,0.99,0.99,2016-05-20 12:00:00+00:00,242843
1669799585,Sanak,Badshah,3:00 AM Sessions,Hip-Hop/Rap,1.29,6.99,2023-02-07 12:00:00+00:00,115636
1619783429,Voodoo,"Badshah, J Balvin & Tainy",Voodoo - Single,Indian Pop,,,2022-04-22 12:00:00+00:00,198131
1580189455,Bachpan Ka Pyaar,"Badshah, Aastha Gill, Sahdev Dirdo & Rico",Bachpan Ka Pyaar - Single,Indian Pop,1.29,1.29,2021-08-11 12:00:00+00:00,183000
1705952070,Faraatta,"Anirudh Ravichander, Arijit Singh, Jonita Gandhi & Badshah",Jawan (Original Motion Picture Soundtrack),Bollywood,1.29,7.99,2023-09-05 12:00:00+00:00,195382
1428384034,Mercy,Badshah,ONE (Original Never Ends),Indian Pop,1.29,13.99,2017-04-03 12:00:00+00:00,162405
1446389185,She Move It Like,Badshah,She Move It Like - Single,Indian Pop,1.29,1.29,2018-08-17 07:00:00+00:00,181765
1436465168,"Bhare Bazaar (From ""Namaste England"")","Rishi Rich, Badshah, Vishal Dadlani & Payal Dev","Bhare Bazaar (From ""Namaste England"") - Single",Bollywood,1.29,1.29,2018-09-18 12:00:00+00:00,214286
1484037810,"Don't Be Shy Again (From ""Bala"")","Sachin-Jigar, Badshah, Shalmali Kholgade & Gurdeep Mehendi","Don't Be Shy Again (From ""Bala"") - Single",Bollywood,1.29,1.29,2019-10-18 12:00:00+00:00,164160
1428383764,Nain (feat. Aastha Gill),Badshah,ONE (Original Never Ends),Indian Pop,1.29,13.99,2018-08-17 12:00:00+00:00,165714
1584653386,Bad Boy X Bad Girl (feat. Nikhita Gandhi),Badshah,Bad Boy X Bad Girl (feat. Nikhita Gandhi) - Single,Indian Pop,1.29,1.29,2021-09-17 12:00:00+00:00,199403
998831311,Pinjra (Spoken Word),"Jasmine Sandlas, Badshah & Dr Zeus",Pinjra (Spoken Word) - Single,Indian Pop,1.29,1.29,2015-05-26 12:00:00+00:00,217390
1490740781,Kamaal,Badshah & Uchana Amit,Kamaal - Single,Indian Pop,0.69,0.69,2019-12-09 12:00:00+00:00,177200
1108016858,Baaki Baatein Peene Baad (Shots) [feat. Badshah],Arjun Kanungo,Arjun Kanungo - The Rising Star - EP,Indian Pop,1.29,3.99,2015-09-25 12:00:00+00:00,220313
1411347431,Bamb,Sukh-E Muzical Doctorz & Badshah,Bamb - Single,Punjabi Pop,0.99,0.99,2018-07-18 07:00:00+00:00,178082
1826827012,Badshah,Emiway Bantai & Abhijeet,Bajis - EP,Hip-Hop/Rap,1.29,3.99,2025-07-21 12:00:00+00:00,163385
1478087530,Bad Boy,Badshah & Neeti Mohan,Saaho (Original Motion Picture Soundtrack),Bollywood,0.99,3.96,2019-08-19 12:00:00+00:00,178497
1778683223,Morni,Badshah & Sharvi Yadav,Morni - Single,Indian Pop,1.29,1.29,2024-11-14 12:00:00+00:00,171935
1256507808,Mubarakan (Title Track),"Juggy D, Yash Narvekar, Badshah & Sukriti Kakar",Mubarakan (Original Motion Picture Soundtrack),Bollywood,1.29,6.99,2017-06-22 12:00:00+00:00,191777
1467295148,Badshah,Manu Sekhon,Badshah - Single,Alternative,0.99,0.99,2019-06-08 12:00:00+00:00,153287
1437792057,Bhare Bazaar,"Rishi Rich, Badshah, Vishal Dadlani & Payal Dev",Namaste England (Original Motion Picture Soundtrack),Bollywood,1.29,5.99,2018-09-18 12:00:00+00:00,214286
1515230643,"Akh Lad Jaave (From ""Loveyatri - A Journey of Love"")","Badshah, Asees Kaur & Jubin Nautiyal",Blockbuster Love Tracks,Bollywood,0.99,8.99,2018-10-31 12:00:00+00:00,180176
1181785873,Best of 2016 Mashup (By DJ Kiran Kamath),"Pritam, Badshah, Amaal Mallik, Tanishk Bagchi, Nucleya, Benny Dayal & DJ Kiran Kamath",Best of 2016 Mashup (By DJ Kiran Kamath) - Single,Bollywood,1.29,1.29,2016-12-02 08:00:00+00:00,271810
1593400093,Bach Ke Rehna (Red Notice),"Badshah, DIVINE, Jonita Gandhi & Mikey McCleary",Bach Ke Rehna (Red Notice) - Single,Hip-Hop/Rap,,,2021-11-08 12:00:00+00:00,222370
1736449912,O’Sajna,"Badshah, DIVINE & Nikhita Gandhi",Ek Tha Raja,Pop,1.29,11.99,2024-03-18 12:00:00+00:00,208163
1540947184,Awaara (feat. Reet Talwar),Badshah,Awaara (feat. Reet Talwar) - Single,Hip-Hop/Rap,1.29,1.29,2020-11-20 12:00:00+00:00,194552
1542188378,"Heelein Toot Gayi (From ""Indoo Ki Jawani"") [feat. Guru Randhawa]",Badshah & Aastha Gill,"Heelein Toot Gayi (From ""Indoo Ki Jawani"") [feat. Guru Randhawa] - Single",Bollywood,1.29,1.29,2020-11-27 12:00:00+00:00,170974
1133146418,Wakhra Swag (feat. Badshah),Navv Inder,Wakhra Nakhra,Indian Pop,1.29,9.99,2015-09-10 12:00:00+00:00,190500
1335973830,Dill Ton Blacck,"Jassie Gill, Badshah & B. Praak",Dill Ton Blacck - Single,Indian Pop,0.99,0.99,2018-01-24 12:00:00+00:00,193650
1731368916,Zaalim,"Badshah, Payal Dev & Nora Fatehi",Zaalim - Single,Indian Pop,0.99,0.99,2024-02-25 12:00:00+00:00,169216
1613350972,Jugnu (feat. Nikhita Gandhi),Badshah,Retropanda - Part 1 - EP,Indian Pop,,,2021-10-26 12:00:00+00:00,230400
1700457056,Gone Girl,Badshah & Payal Dev,Gone Girl - Single,Singer/Songwriter,1.29,1.29,2023-08-08 12:00:00+00:00,167308
1535427542,Badshah,Gursewak Dhillon,Badshah - Single,Worldwide,0.99,0.99,2020-10-16 12:00:00+00:00,223636
1532801468,Interstellar,Badshah,Interstellar - Single,Indian Pop,1.29,1.29,2019-10-25 12:00:00+00:00,218360
1656665787,WOH,"Ikka, Dino James & Badshah",WOH - Single,Hip-Hop/Rap,1.29,1.29,2022-11-29 12:00:00+00:00,328421
1531446022,Driving Slow,Badshah,Driving Slow - Single,Indian Pop,1.29,1.29,2016-08-17 12:00:00+00:00,200124
905145159,Badshah,Sikandar Ka Mandar,Sikandar Ka Mandar,Rock,1.29,9.99,2014-07-30 12:00:00+00:00,240000
883938386,Chull (feat. Badshah),Fazilpuria,Chull (feat. Badshah) - Single,Punjabi Pop,1.29,1.29,2014-06-16 12:00:00+00:00,165246
1363029316,Happy Happy,Badshah & Aastha Gill,Blackmail (Original Motion Picture Soundtrack),Bollywood,0.99,4.99,2018-02-24 12:00:00+00:00,166105
1612787662,Tabahi,Badshah,Tabahi - Single,Indian Pop,,,2022-03-08 12:00:00+00:00,168500
1750841393,Jugnu (feat. Nikhita Gandhi),Badshah,BADSHAH's HITLIST,Indian Pop,1.29,9.99,2021-10-26 12:00:00+00:00,230400
1042648693,Vroom Vroom (feat. Badshah),Simranjeet Singh,Vroom Vroom (feat. Badshah) - Single,Punjabi Pop,1.29,1.29,2015-10-07 12:00:00+00:00,221917
1691059291,Issa Vibe,Badshah & Payal Dev,Bloody Daddy (Original Motion Picture Soundtrack) - EP,Bollywood,1.29,5.16,2023-05-30 12:00:00+00:00,147614
1824400214,Saiyaara Reprise - Female,"Tanishk Bagchi, Faheem Abdullah, Arslan Nizami, Shreya Ghoshal & Irshad Kamil",Saiyaara (Original Motion Picture Soundtrack),Bollywood,0.69,3.99,2025-07-04 12:00:00+00:00,183072
1874863064,Mayava Thooyava,A.R. Rahman & Shreya Ghoshal,Classic Tamil Film Melodies,Soundtrack,0.99,24.75,2026-02-04 08:00:00+00:00,248651
1874862686,Neenire Saniha,"Shreya Ghoshal, B. Ajaneesh Loknath & Kiran Kaverappa",B. Ajaneesh Loknath - Musical Blast,Soundtrack,1.29,17.99,,218493
1874862794,Neelangarayil (Version 1),"N.R.Raghunanthan, Vairamuthu, Karthik & Shreya Ghoshal",Classic Tamil Film Melodies,Soundtrack,0.99,24.75,2026-02-04 08:00:00+00:00,359373
1874556230,Tomake Chai O Bandhu,"Babul Supriyo, Shreya Ghoshal, Priyo Chatterjee & Jeet Ganguly",Bengali Hits of Jeet Gannguli,Soundtrack,0.99,9.99,2026-02-04 08:00:00+00:00,326480
673596491,Tujh Mein Rab Dikhta Hai - II,Shreya Ghoshal,Rab Ne Bana Di Jodi (Original Motion Picture Soundtrack),Bollywood,0.69,,2008-11-06 12:00:00+00:00,103000
1073359673,Sunn Raha Hai (Female Version),Shreya Ghoshal,Aashiqui 2 (Original Motion Picture Soundtrack),Bollywood,0.99,8.99,2013-04-03 07:00:00+00:00,314700
1874310509,Ki Kore Je Banchi Chokhe Shrawan Niye,Shreya Ghoshal,Bengali Heartbreak Songs,Soundtrack,0.99,9.99,2026-02-03 08:00:00+00:00,396800
1842063594,Nagada Sang Dhol,"Sanjay Leela Bhansali, Shreya Ghoshal, Osman Mir & Siddharth-Garima",Goliyon Ki Raasleela Ram-Leela (Original Motion Picture Soundtrack),Bollywood,1.29,9.99,2013-10-02 12:00:00+00:00,273256
1842065694,Deewani Mastani,"Sanjay Leela Bhansali, Shreya Ghoshal, Ganesh Chandanshive, Mujtaba Aziz Naza, Shadab Faridi, Altamash Faridi, Farhan Sabri & Siddharth-Garima",Bajirao Mastani (Original Motion Picture Soundtrack),Bollywood,1.29,9.99,2015-10-19 12:00:00+00:00,339708
1537027776,Piya O Re Piya,"Atif Aslam, Shreya Ghoshal & Sachin-Jigar",Tere Naal Love Ho Gaya (Original Motion Picture Soundtrack),Bollywood,0.99,7.99,2012-01-23 12:00:00+00:00,292747
1139227712,Dil Dooba,Sonu Nigam & Shreya Ghoshal,Khakee (Original Motion Picture Soundtrack),Bollywood,0.99,7.99,2003-06-25 12:00:00+00:00,230947
1732141382,Yimmy Yimmy (feat. Jacqueline Fernandez),"Tayc, Shreya Ghoshal & Rajat Nagpal",Yimmy Yimmy (feat. Jacqueline Fernandez) - Single,Worldwide,0.69,0.69,2024-03-08 12:00:00+00:00,211869
1537035416,Tere Liye,Atif Aslam & Shreya Ghoshal,Prince (Original Motion Picture Soundtrack),Bollywood,1.29,7.99,2010-01-01 12:00:00+00:00,279827
1576395278,Param Sundari,A.R. Rahman & Shreya Ghoshal,Mimi (Original Motion Picture Soundtrack),Bollywood,1.29,7.99,2021-07-16 12:00:00+00:00,200219
1258601659,Teri Ore,"Rahat Fateh Ali Khan, Shreya Ghoshal & Pritam",Singh Is Kinng (Original Motion Picture Soundtrack),Bollywood,1.29,9.99,2001-05-01 12:00:00+00:00,339592
486353431,Chikni Chameli,Shreya Ghoshal & Ajay-Atul,Agneepath (Original Motion Picture Soundtrack),Bollywood,1.29,4.99,2011-12-12 08:00:00+00:00,301587
1464121601,Slow Motion,Shreya Ghoshal & Nakash Aziz,Bharat (Original Motion Picture Soundtrack),Bollywood,1.29,9.99,2019-04-25 12:00:00+00:00,247248
1536600360,Jeene Laga Hoon,"Atif Aslam, Shreya Ghoshal & Sachin-Jigar",Ramaiya Vastavaiya (Original Motion Picture Soundtrack),Bollywood,1.29,9.99,2010-01-01 12:00:00+00:00,236933
333294971,Shukran Allah,"Salim Merchant, Salim-Sulaiman, Sonu Nigam & Shreya Ghoshal",Kurbaan (Original Motion Picture Soundtrack),Bollywood,1.29,4.99,2009-10-12 12:00:00+00:00,290053
1529557004,Dhadak Title Track,Ajay Gogavale & Shreya Ghoshal,Dhadak (Original Motion Picture Soundtrack) - EP,Bollywood,1.29,5.16,2018-06-20 12:00:00+00:00,243484
1337583672,Ghoomar,"Shreya Ghoshal, Swaroop Khan & A M Turaz",Padmaavat (Original Motion Picture Soundtrack),Bollywood,0.99,4.99,2017-10-25 12:00:00+00:00,282008
1134725348,Ye Ishq Hai,Pritam & Shreya Ghoshal,Jab We Met (Original Motion Picture Soundtrack),Bollywood,0.99,8.99,2005-03-02 08:00:00+00:00,280974
372906483,Bahara,"Shreya Ghoshal, Vishal & Shekhar & Sona Mohapatra",I Hate Luv Storys (Original Motion Picture Soundtrack),Bollywood,1.29,6.99,2010-05-24 12:00:00+00:00,325707
1121693985,Teri Meri,Rahat Fateh Ali Khan & Shreya Ghoshal,Bodyguard (Original Motion Picture Soundtrack),Bollywood,0.99,8.99,2011-07-27 07:00:00+00:00,325312
1071079652,Main Agar Kahoon,"Sonu Nigam, Shreya Ghoshal & Vishal & Shekhar",Om Shanti Om (Original Motion Picture Soundtrack),Bollywood,0.99,8.99,2007-09-15 12:00:00+00:00,308158
556951487,Radha,"Vishal & Shekhar, Shekhar Ravjiani, Shreya Ghoshal, Udit Narayan & Vishal Dadlani",Student of the Year (Original Motion Picture Soundtrack),Bollywood,1.29,6.99,2012-08-31 07:00:00+00:00,341360
429357191,Saibo,"Shreya Ghoshal, Tochi Raina & Sachin-Jigar",Shor In the City (Original Motion Picture Soundtrack),Bollywood,1.29,6.99,2011-03-25 12:00:00+00:00,195253
1529544906,Ghar More Pardesiya,Shreya Ghoshal,Kalank (Original Motion Picture Soundtrack),Bollywood,1.29,9.99,2019-03-17 12:00:00+00:00,319636
1133350965,Tere Naina,Shankar Mahadevan & Shreya Ghoshal,Chandni Chowk To China (Original Motion Picture Soundtrack),Bollywood,0.99,5.99,2008-12-02 12:00:00+00:00,255721
1692594617,Guli Mata (feat. Rajat Nagpal),Saad Lamjarred & Shreya Ghoshal,Guli Mata (feat. Rajat Nagpal) - Single,Worldwide,0.69,0.69,2023-07-03 12:00:00+00:00,235575
1468448745,Yeh Aaina,Amaal Mallik & Shreya Ghoshal,Kabir Singh (Original Motion Picture Soundtrack),Bollywood,0.99,7.99,2019-06-14 12:00:00+00:00,311367
996456914,Hasi (Female Version),Ami Mishra & Shreya Ghoshal,Hamari Adhuri Kahani (Original Motion Picture Soundtrack),Bollywood,1.29,4.99,2015-05-21 12:00:00+00:00,192187
673999087,Saans,Mohit Chauhan & Shreya Ghoshal,Jab Tak Hai Jaan (Original Soundtrack),Bollywood,0.69,3.99,2012-10-01 12:00:00+00:00,326113
1529544909,Tabaah Ho Gaye,Shreya Ghoshal,Kalank (Original Motion Picture Soundtrack),Bollywood,1.29,9.99,2019-04-13 12:00:00+00:00,341732
1120934442,Main Hoon Na,Sonu Nigam & Shreya Ghoshal,Main Hoon Na (Original Motion Picture Soundtrack),Bollywood,0.99,7.99,2004-02-27 08:00:00+00:00,361067
264849909,Barso Re,"A.R. Rahman, Shreya Ghoshal & Uday Majumdar",Guru (Original Motion Picture Soundtrack),Bollywood,1.29,5.99,2006-11-16 08:00:00+00:00,329600
1133344523,Kaise Mujhe,Benny Dayal & Shreya Ghoshal,Ghajini (Original Motion Picture Soundtrack),Bollywood,0.99,5.94,2008-11-25 08:00:00+00:00,343742
1071079640,Deewangi Deewangi,"Shaan, Udit Narayan, Shreya Ghoshal, Sunidhi Chauhan, Rahul Saxena & Vishal & Shekhar",Om Shanti Om (Original Motion Picture Soundtrack),Bollywood,0.99,8.99,2005-03-02 12:00:00+00:00,352388
1842065912,Pinga,"Sanjay Leela Bhansali, Shreya Ghoshal, Vaishali Made & Siddharth-Garima",Bajirao Mastani (Original Motion Picture Soundtrack),Bollywood,1.29,9.99,2015-11-16 12:00:00+00:00,255169
1134568764,Salaam-E-Ishq,"Sonu Nigam, Shreya Ghoshal, Kunal Ganjawala, Sadhana Sargam & Shankar Mahadevan",Salaam-E-Ishq (Original Motion Picture Soundtrack),Bollywood,0.99,5.94,2006-12-02 08:00:00+00:00,424573
1826597856,Thodi Si Daaru,AP Dhillon & Shreya Ghoshal,Thodi Si Daaru - Single,Pop,1.29,1.29,2025-07-17 12:00:00+00:00,180248
673948355,Mashallah,Shreya Ghoshal & Wajid,Ek Tha Tiger (Original Motion Picture Soundtrack),Bollywood,0.69,3.99,2012-07-12 12:00:00+00:00,283376
1205913420,Aashiq Surrender Hua,Amaal Mallik & Shreya Ghoshal,Badrinath Ki Dulhania (Original Motion Picture Soundtrack),Bollywood,0.99,4.95,2017-02-21 12:00:00+00:00,250216
1436966413,Pal,"Javed Mohsin, Arijit Singh & Shreya Ghoshal",Jalebi (Original Motion Picture Soundtrack),Bollywood,1.29,8.99,2018-09-14 12:00:00+00:00,247286
554641154,Aashiyan,"Shreya Ghoshal, Nikhil Paul George & Pritam",Barfi! (Original Motion Picture Soundtrack),Bollywood,1.29,9.99,2012-12-12 08:00:00+00:00,236373
673521367,Aahista Aahista,"Vishal & Shekhar, Lucky Ali & Shreya Ghoshal",Bachna Ae Haseeno (Original Soundtrack),Bollywood,0.69,,2008-07-05 12:00:00+00:00,350000
1597693512,"Chaka Chak (From ""Atrangi Re"")",A.R. Rahman & Shreya Ghoshal,"Chaka Chak (From ""Atrangi Re"") - Single",Bollywood,1.29,1.29,2021-11-29 12:00:00+00:00,271281
1646762436,"Rasiya (From ""Brahmastra"")","Pritam, Shreya Ghoshal & Tushar Joshi","Rasiya (From ""Brahmastra"") - Single",Bollywood,1.29,1.29,2022-09-24 12:00:00+00:00,265063
1120934443,Tumhe Jo Maine Dekha,Abhijeet & Shreya Ghoshal,Main Hoon Na (Original Motion Picture Soundtrack),Bollywood,0.99,7.99,2004-02-27 08:00:00+00:00,341147
299122166,Soniyo,"Raju Singh, Sonu Nigam, Shreya Ghoshal & Neeraj Shridhar",RAAZ - The Mystery Continues (Original Motion Picture Soundtrack),Bollywood,1.29,9.99,2008-11-28 08:00:00+00:00,328440
1071079663,Dhoom Taana,"Shreya Ghoshal, Abhijeet & Vishal & Shekhar",Om Shanti Om (Original Motion Picture Soundtrack),Bollywood,0.99,8.99,2007-09-15 12:00:00+00:00,373357
783487049,Drama Queen,"Vishal & Shekhar, Shreya Ghoshal & Vishal Dadlani",Hasee Toh Phasee (Original Motion Picture Soundtrack),Bollywood,1.29,4.99,2013-12-23 08:00:00+00:00,198747
293939919,Khabar Nahin,"Shreya Ghoshal, Vishal & Shekhar, Vishal Dadlani, Amanat Ali & Raja Hasan",Dostana (Original Motion Picture Soundtrack),Bollywood,1.29,5.99,2008-10-06 12:00:00+00:00,259120
1405546221,Kar Har Maidaan Fateh,Sukhwinder Singh & Shreya Ghoshal,Sanju (Original Motion Picture Soundtrack),Bollywood,0.99,4.99,2018-06-10 12:00:00+00:00,312158
1193069213,"Raabta (From ""Agent Vinod"")",Arijit Singh,Best of Arijit Singh,Bollywood,1.29,15.99,2012-02-24 12:00:00+00:00,243578
660158693,O Rangrez,"Shankar Ehsaan Loy, Shreya Ghoshal & Javed Bashir",Bhaag Milkha Bhaag (Original Motion Picture Soundtrack),Bollywood,1.29,6.99,2013-06-14 07:00:00+00:00,384762
1111763814,Hangover,"Salman Khan, Meet Bros Anjjan & Shreya Ghoshal",Kick (Original Motion Picture Soundtrack),Bollywood,1.29,7.99,2014-07-07 12:00:00+00:00,375552
1397014124,"Kar Har Maidaan Fateh (From ""Sanju"")","Sukhwinder Singh, Shreya Ghoshal & Vikram Montrose","Kar Har Maidaan Fateh (From ""Sanju"") - Single",Bollywood,,,2018-06-10 07:00:00+00:00,311869
1121786582,Ooh La La,"Bappi Lahiri, Shreya Ghoshal & Vishal & Shekhar",The Dirty Picture (Original Motion Picture Soundtrack),Bollywood,0.99,5.94,2011-10-29 07:00:00+00:00,256021
1842065909,Mohe Rang Do Laal,"Sanjay Leela Bhansali, Birju Maharaj, Shreya Ghoshal & Siddharth-Garima",Bajirao Mastani (Original Motion Picture Soundtrack),Bollywood,1.29,9.99,2015-11-24 12:00:00+00:00,231838
1698459574,"Sammohanuda (From ""Rules Ranjann"")","Shreya Ghoshal, Rathinam Krishna & Rambabu Gosala","Sammohanuda (From ""Rules Ranjann"") - Single",Telugu,1.29,1.29,2023-07-20 12:00:00+00:00,199072
1529550662,Thodi Der,Farhan Saeed & Shreya Ghoshal,Half Girlfriend (Original Motion Picture Soundtrack),Bollywood,1.29,11.99,2017-04-25 12:00:00+00:00,296377
1123346657,Chori Kiya Re Jiya,Sonu Nigam & Shreya Ghoshal,Dabangg (Original Motion Picture Soundtrack),Bollywood,0.99,8.99,2010-08-06 07:00:00+00:00,286720
352317865,Vintunnavaa,"A.R. Rahman, Karthik & Shreya Ghoshal",Yemaaya Chesave (Original Motion Picture Soundtrack),Telugu,1.29,5.99,2010-01-29 08:00:00+00:00,417010
1116839789,Dagabaaz Re,Rahat Fateh Ali Khan & Shreya Ghoshal,Dabangg 2 (Original Motion Picture Soundtrack),Bollywood,0.99,6.99,2012-11-17 08:00:00+00:00,287204
668941189,Ishq Hua,Sonu Nigam & Shreya Ghoshal,Aaja Nachle (Original Motion Picture Soundtrack),Bollywood,0.69,3.99,2004-01-01 12:00:00+00:00,263027
981034238,Jhalla Wallah,Shreya Ghoshal,Ishaqzaade (Original Motion Picture Soundtrack),Bollywood,0.69,3.99,2012-12-04 08:00:00+00:00,351425
1121666601,Saathiyaa,Shreya Ghoshal & Ajay,Singham (Original Motion Picture Soundtrack),Bollywood,1.29,5.99,2011-06-27 07:00:00+00:00,310925
673591120,Ab To Forever,"Vishal & Shekhar, Shreya Ghoshal, Vishal Dadlani & KK",Ta Ra Rum Pum (Original Motion Picture Soundtrack),Bollywood,0.69,3.99,2007-04-03 12:00:00+00:00,306000
1138158297,Aashiq Banaya Aapne,Himesh Reshammiya & Shreya Ghoshal,Aashiq Banaya Aapne (Original Motion Picture Soundtrack),Bollywood,0.99,7.99,2005-07-29 12:00:00+00:00,363560
1746500881,Ve Kamleya,"Pritam, Arijit Singh, Shreya Ghoshal, Shadab Faridi, Altamash Faridi & Amitabh Bhattacharya",Rocky Aur Rani Kii Prem Kahaani (Original Motion Picture Soundtrack),Bollywood,1.29,9.99,2023-07-18 12:00:00+00:00,246989
1562303433,Zoobi Doobi,Sonu Nigam & Shreya Ghoshal,3 Idiots (Original Motion Picture Soundtrack),Bollywood,1.29,9.03,2009-11-09 12:00:00+00:00,246167
1111817439,Chaar Kadam,Shaan & Shreya Ghoshal,PK (Original Motion Picture Soundtrack),Bollywood,1.29,5.99,2014-11-17 08:00:00+00:00,242668
1338094229,Allasani Vaari,Shreya Ghoshal,Toliprema (Original Motion Picture Soundtrack),Telugu,1.29,6.99,2018-01-20 12:00:00+00:00,296163
1440699331,"Ek Do Teen (From ""Baaghi 2"")",Shreya Ghoshal & Parry G,Bollywood Best Party Songs 2018,Bollywood,0.99,8.99,2018-03-19 12:00:00+00:00,243602
797516741,Aadha Ishq,Shreya Ghoshal,Band Baaja Baaraat (Original Motion Picture Soundtrack),Bollywood,0.69,3.99,2010-11-03 07:00:00+00:00,283716
1338718016,Jadu Hai Nasha Hai,Shreya Ghoshal,Jism (Original Motion Picture Soundtrack),Bollywood,1.29,9.99,2002-12-01 12:00:00+00:00,329067
1544244033,Tu Meri Dost Hain,Benny Dayal & Shreya Ghoshal,Yuvvraaj (Original Motion Picture Soundtrack),Bollywood,1.29,7.99,2008-10-16 12:00:00+00:00,373173
1808843414,"Koi Naa (From ""Bhool Chuk Maaf"")","Tanishk Bagchi, Gifty, Harnoor & Shreya Ghoshal","Koi Naa (From ""Bhool Chuk Maaf"") - Single",Bollywood,1.29,1.29,2025-04-16 12:00:00+00:00,221118
1106994426,Rehnuma,Shreya Ghoshal & Inder Bawra,Rocky Handsome (Original Motion Picture Soundtrack),Bollywood,1.29,5.99,2016-02-22 08:00:00+00:00,261647
1134609814,Mast Kalandar,"Saleem Shahzada, Rehan Khan, Shankar Mahadevan & Sajid Khan",Heyy Babyy (Original Motion Picture Soundtrack),Bollywood,0.99,5.99,2005-03-02 12:00:00+00:00,345788
981034235,Ishaqzaade,Javed Ali & Shreya Ghoshal,Ishaqzaade (Original Motion Picture Soundtrack),Bollywood,0.69,3.99,2012-12-04 08:00:00+00:00,316865
1522841933,Taare Ginn,"A.R. Rahman, Mohit Chauhan & Shreya Ghoshal",Dil Bechara (Original Motion Picture Soundtrack),Bollywood,1.29,9.99,2020-07-10 12:00:00+00:00,257726
1598907458,Chaka Chak,Shreya Ghoshal,Atrangi Re (Original Motion Picture Soundtrack),Bollywood,0.99,5.99,2021-11-29 12:00:00+00:00,271281
1361492498,Ek Do Teen,Shreya Ghoshal & Parry G,Baaghi 2 (Original Motion Picture Soundtrack),Bollywood,1.29,6.99,2018-03-19 12:00:00+00:00,243602
1120934449,Gori Gori Gori Gori,"Anu Malik, KK, Shreya Ghoshal & Sunidhi Chauhan",Main Hoon Na (Original Motion Picture Soundtrack),Bollywood,0.99,7.99,2004-02-27 08:00:00+00:00,268800
1551591822,Lagan Laagi Re (feat. Shreya Ghoshal & Kavita Seth),Amit Trivedi,Songs of Love,Indian,1.29,8.99,2021-02-12 12:00:00+00:00,278654
1107092914,Blockbuster,"Shreya Ghoshal, Nakash Aziz, Simha, Sri Krishna & Deepu",Sarrainodu (Original Motion Picture Soundtrack),Telugu,0.99,4.99,2016-03-29 12:00:00+00:00,304988
1436966420,Pal (Female),Javed Mohsin & Shreya Ghoshal,Jalebi (Original Motion Picture Soundtrack),Bollywood,1.29,8.99,2018-09-21 12:00:00+00:00,248000
514729323,Nee Paata Madhuram (The Touch of Love),"Roop Kumar Rathod, Shreya Ghoshal & Anirudh Ravichander",3 (Original Motion Picture Soundtrack) [Telugu],Soundtrack,1.29,8.99,2012-03-22 12:00:00+00:00,263827
579961546,Chandaniya (Lori Lori),Shreya Ghoshal & Sajid Wajid,Rowdy Rathore (Original Motion Picture Soundtrack),Bollywood,1.29,7.99,2012-04-27 12:00:00+00:00,232613
1213736321,Rozana,Shreya Ghoshal,Naam Shabana (Original Motion Picture Soundtrack),Bollywood,1.29,4.99,2017-03-03 12:00:00+00:00,274202
1824400209,Barbaad,The Rish & Jubin Nautiyal,Saiyaara (Original Motion Picture Soundtrack),Bollywood,0.69,3.99,2025-06-10 12:00:00+00:00,357128
1482235392,"Tum Hi Aana (From ""Marjaavaan"")",Payal Dev & Jubin Nautiyal,"Tum Hi Aana (From ""Marjaavaan"") - Single",Bollywood,1.29,1.29,2019-10-03 12:00:00+00:00,249126
1386751699,Humnava Mere,Jubin Nautiyal & Rocky-Shiv,Humnava Mere - Single,Indian Pop,0.99,0.99,2018-05-23 07:00:00+00:00,328992
1468448748,Tujhe Kitna Chahein Aur (Film Version),Jubin Nautiyal,Kabir Singh (Original Motion Picture Soundtrack),Bollywood,0.99,7.99,2019-06-14 12:00:00+00:00,276245
1592305301,"Meri Zindagi Hai Tu (From ""Satyameva Jayate 2"")","Jubin Nautiyal, Neeti Mohan, Rochak Kohli & Nusrat Fateh Ali Khan","Meri Zindagi Hai Tu (From ""Satyameva Jayate 2"") - Single",Bollywood,1.29,1.29,2021-10-28 12:00:00+00:00,284234
1650739962,Mere Ghar Ram Aaye Hain,Jubin Nautiyal,Mere Ghar Ram Aaye Hain - Single,Devotional & Spiritual,0.99,0.99,2022-10-20 12:00:00+00:00,234150
1587303392,Dil Galti Kar Baitha Hai (feat. Mouni Roy),Jubin Nautiyal,Dil Galti Kar Baitha Hai (feat. Mouni Roy) - Single,Indian Pop,0.99,0.99,2021-09-25 12:00:00+00:00,273273
1340653363,"Gazab Ka Hai Din (From ""Dil Juunglee"")","Jubin Nautiyal, Prakriti Kakar & Tanishk Bagchi","Gazab Ka Hai Din (From ""Dil Juunglee"") - Single",Bollywood,0.99,0.99,2018-01-27 08:00:00+00:00,236325
1529552891,Tere Liye,Sunidhi Chauhan & Jubin Nautiyal,Fitoor (Original Motion Picture Soundtrack),Bollywood,1.29,9.03,2016-01-18 12:00:00+00:00,270881
1525864230,Shri Krishna Govind Hare Murari,Jubin Nautiyal,Shri Krishna Govind Hare Murari - Single,Devotional & Spiritual,0.99,0.99,2020-08-08 12:00:00+00:00,153003
1188255407,Kaabil Hoon,Jubin Nautiyal & Palak Muchhal,Kaabil (Original Motion Picture Soundtrack),Bollywood,1.29,5.99,2016-12-06 12:00:00+00:00,314063
1188255412,Kisi Se Pyar Ho Jaye,Jubin Nautiyal,Kaabil (Original Motion Picture Soundtrack),Bollywood,1.29,5.99,2016-12-22 12:00:00+00:00,250457
1515879964,Meri Aashiqui,Jubin Nautiyal & Rochak Kohli,Meri Aashiqui - Single,Indian Pop,0.99,0.99,2020-06-04 12:00:00+00:00,280149
1486556088,"Kinna Sona (From ""Marjaavaan"")","Meet Bros, Jubin Nautiyal & Dhvani Bhanushali","Kinna Sona (From ""Marjaavaan"") - Single",Bollywood,1.29,1.29,2019-11-06 12:00:00+00:00,273926
1614120289,Ik Tu Hai ❤️,Jubin Nautiyal & Shashwat Sachdev,Attack (Original Motion Picture Soundtrack),Bollywood,1.29,9.99,2022-03-10 12:00:00+00:00,250634
1543381502,Nayan,Dhvani Bhanushali & Jubin Nautiyal,Nayan - Single,Worldwide,0.99,0.99,2020-12-07 12:00:00+00:00,254932
1361492500,Lo Safar,Jubin Nautiyal,Baaghi 2 (Original Motion Picture Soundtrack),Bollywood,1.29,6.99,2018-03-13 12:00:00+00:00,282023
1194912516,Bawara Mann,Jubin Nautiyal & Neeti Mohan,Jolly LLB 2 (Original Motion Picture Soundtrack),Bollywood,1.29,5.16,2017-01-11 12:00:00+00:00,216073
1107092951,Telusaa Telusaa,Jubin Nautiyal & Sameera Bharadwaj,Sarrainodu (Original Motion Picture Soundtrack),Telugu,0.99,4.99,2016-04-01 12:00:00+00:00,264544
1071855811,Zindagi Kuch Toh Bata (Reprise),Pritam & Jubin Nautiyal,Bajrangi Bhaijaan (Original Motion Picture Soundtrack),Bollywood,0.99,7.99,2015-06-25 07:00:00+00:00,258879
1661463327,"Rabba Janda (From ""Mission Majnu"")","Jubin Nautiyal, Tanishk Bagchi & Shabbir Ahmed","Rabba Janda (From ""Mission Majnu"") - Single",Bollywood,1.29,1.29,2022-12-25 12:00:00+00:00,245437
1540472518,Bewafa Tera Masoom Chehra,Rochak Kohli & Jubin Nautiyal,Bewafa Tera Masoom Chehra - Single,Indian Pop,0.99,0.99,2020-11-16 12:00:00+00:00,242149
1495007520,Tum Hi Aana,Payal Dev & Jubin Nautiyal,Marjaavaan (Original Motion Picture Soundtrack),Bollywood,1.29,12.99,2019-10-03 12:00:00+00:00,249126
1301626037,"Ittefaq Se Raat Baaki (From ""Ittefaq"")","Tanishk Bagchi, Bappi Lahiri, Jubin Nautiyal & Nikhita Gandhi","Ittefaq Se Raat Baaki (From ""Ittefaq"") - Single",Bollywood,1.29,1.29,2017-10-23 07:00:00+00:00,199999
1676614165,"Jaadui (From ""Tu Jhoothi Main Makkaar"")","Pritam, Jubin Nautiyal & Amitabh Bhattacharya","Jaadui (From ""Tu Jhoothi Main Makkaar"") - Single",Bollywood,1.29,1.29,2023-03-10 12:00:00+00:00,222376
1482906992,"So Gaya Yeh Jahan (From ""Bypass Road"")","Nitin Mukesh, Jubin Nautiyal, Saloni Thakkar & Raaj Aashoo","So Gaya Yeh Jahan (From ""Bypass Road"") - Single",Bollywood,1.29,1.29,2019-10-09 12:00:00+00:00,152277
1432542232,"Sawarne Lage (From ""Mitron"")",Tanishk Bagchi & Jubin Nautiyal,"Sawarne Lage (From ""Mitron"") - Single",Bollywood,1.29,1.29,2018-01-01 12:00:00+00:00,167000
1436966412,Tum Se,Samuel - Akanksha & Jubin Nautiyal,Jalebi (Original Motion Picture Soundtrack),Bollywood,1.29,8.99,2018-09-10 12:00:00+00:00,255960
1757778500,"Rabb Warga (From ""Bad Newz"")","Jubin Nautiyal, Abhijeet Srivastava & Shayra Apoorva","Rabb Warga (From ""Bad Newz"") - Single",Bollywood,1.29,1.29,2024-07-17 12:00:00+00:00,155357
1270555672,Agar Tum Saath Ho-Maahi Ve,Jubin Nautiyal & Prakriti Kakar,T-Series Mixtape,Bollywood,0.99,12.99,2017-07-17 12:00:00+00:00,272869
1819438048,"Barbaad (From ""Saiyaara"")",The Rish & Jubin Nautiyal,"Barbaad (From ""Saiyaara"") - Single",Bollywood,0.69,0.69,2025-06-10 12:00:00+00:00,357128
1577029002,Barsaat Ki Dhun,Rochak Kohli & Jubin Nautiyal,Barsaat Ki Dhun - Single,Indian Pop,0.99,0.99,2021-07-20 12:00:00+00:00,259215
1270555666,Tu Jo Mila-Raabta,Shirley Setia & Jubin Nautiyal,T-Series Mixtape,Bollywood,0.99,12.99,2017-06-26 12:00:00+00:00,284145
1455305320,Chitthi,Jubin Nautiyal,Chitthi - Single,Worldwide,0.99,0.99,2019-03-06 12:00:00+00:00,229913
1563931903,Wafa Na Raas Aayee,Jubin Nautiyal,Wafa Na Raas Aayee - Single,Indian Pop,0.99,0.99,2021-04-24 12:00:00+00:00,288153
1570959103,Bedardi Se Pyaar Ka,Jubin Nautiyal,Bedardi Se Pyaar Ka - Single,Indian,0.99,0.99,2021-06-09 12:00:00+00:00,255186
1529449998,Meherbani (feat. Jubin Nautiyal),Arko,The Shaukeens (Original Motion Picture Soundtrack),Bollywood,1.29,9.03,2014-10-03 12:00:00+00:00,243592
1495007524,Kinna Sona,"Meet Bros, Jubin Nautiyal & Dhvani Bhanushali",Marjaavaan (Original Motion Picture Soundtrack),Bollywood,1.29,12.99,2019-11-06 12:00:00+00:00,273926
1559210062,Lut Gaye (feat. Emraan Hashmi),Jubin Nautiyal,Mumbai Saga (Original Motion Picture Soundtrack),Bollywood,1.29,3.87,2021-02-17 12:00:00+00:00,228031
1449352374,Phir Mulaaqat,Jubin Nautiyal,Why Cheat India (Original Motion Picture Soundtrack),Bollywood,1.29,7.99,2019-01-04 12:00:00+00:00,250017
1677558307,Jaadui,Pritam & Jubin Nautiyal,Tu Jhoothi Main Makkaar (Original Motion Picture Soundtrack),Bollywood,1.29,6.99,2023-03-10 12:00:00+00:00,222376
1746718431,"Agar Ho Tum (From ""Mr. And Mrs. Mahi"")","Tanishk Bagchi, Kausar Munir & Jubin Nautiyal","Agar Ho Tum (From ""Mr. And Mrs. Mahi"") - Single",Bollywood,1.29,1.29,2024-05-20 12:00:00+00:00,253224
1470816392,Ik Vaari Aa-Nadaan Parindey-Tum Ho Toh,"Shirley Setia, Jubin Nautiyal & Abhijit Vaghani",T-Series Mixtape Season 2,Bollywood,0.99,11.99,2019-04-29 12:00:00+00:00,263926
1260601412,"Agar Tum Saath Ho-Maahi Ve (From ""T-Series Mixtape"")","Jubin Nautiyal, Prakriti Kakar, Abhijit Vaghani & A.R. Rahman","Agar Tum Saath Ho-Maahi Ve (From ""T-Series Mixtape"") - Single",Bollywood,,,2017-07-17 12:00:00+00:00,272869
1756254286,Raataan Lambiyan,"Tanishk Bagchi, Jubin Nautiyal & Asees Kaur",Shershaah (Original Motion Picture Soundtrack) [Deluxe Edition],Bollywood,1.29,9.99,2021-09-01 12:00:00+00:00,230292
1252587165,"Tu Jo Mila-Raabta (From ""T-Series Mixtape"")","Shirley Setia, Jubin Nautiyal, Abhijit Vaghani & Pritam","Tu Jo Mila-Raabta (From ""T-Series Mixtape"") - Single",Bollywood,,,2017-06-26 07:00:00+00:00,284145
1488782935,Bimar Dil,Asees Kaur & Jubin Nautiyal,Pagalpanti (Original Motion Picture Soundtrack),Bollywood,1.29,4.99,2019-11-08 12:00:00+00:00,300278
1533218780,Phir Chala,Payal Dev & Jubin Nautiyal,Ginny Weds Sunny (Original Motion Picture Soundtrack) - EP,Bollywood,1.29,5.99,2020-09-28 12:00:00+00:00,266833
1529094771,Dil Chahte Ho,"Jubin Nautiyal, Payal Dev & A M Turaz",Dil Chahte Ho - Single,Indian Pop,0.99,0.99,2020-08-27 12:00:00+00:00,252772
1552871829,Main Jis Din Bhulaa Du,"Rochak Kohli, Jubin Nautiyal & Tulsi Kumar",Main Jis Din Bhulaa Du - Single,Indian Pop,0.99,0.99,2021-02-10 12:00:00+00:00,300001
1498889231,Bezubaan Kab Se,"Siddharth Basrur, Jubin Nautiyal, Sachin-Jigar & Mayur Puri",Street Dancer 3D (Original Motion Picture Soundtrack),Bollywood,0.99,8.99,2020-01-27 12:00:00+00:00,271279
1617019273,Mast Nazron Se,Rochak Kohli & Jubin Nautiyal,Mast Nazron Se - Single,Indian Pop,0.99,0.99,2022-03-31 12:00:00+00:00,289088
1746059590,Tu Mil Gaya,"Tanishk Bagchi, Jubin Nautiyal, Tulsi Kumar & Shloke Lal",Srikanth (Original Motion Picture Soundtrack) - EP,Bollywood,1.29,4.99,2024-04-16 12:00:00+00:00,269166
1487052302,"Bimar Dil (From ""Pagalpanti"")","Asees Kaur, Jubin Nautiyal & Tanishk Bagchi","Bimar Dil (From ""Pagalpanti"") - Single",Bollywood,1.29,1.29,2019-11-08 12:00:00+00:00,300278
1730515365,"Khushiyaan Bator Lo (From ""Shaitaan"")","Jubin Nautiyal, Amit Trivedi & Kumaar","Khushiyaan Bator Lo (From ""Shaitaan"") - Single",Bollywood,1.29,1.29,2024-02-15 12:00:00+00:00,212219
1588721284,Meri Maa Ke Barabar Koi Nahi,Jubin Nautiyal,Meri Maa Ke Barabar Koi Nahi - Single,Devotional & Spiritual,0.99,0.99,2021-10-06 12:00:00+00:00,298046
1515155552,"Akh Lad Jaave (From ""Loveyatri - A Journey of Love"")","Badshah, Asees Kaur & Jubin Nautiyal",Romantic Hits By Jubin Nautiyal,Bollywood,0.99,8.99,2018-10-31 12:00:00+00:00,180176
1485143848,"Haiya Ho (From ""Marjaavaan"")","Tulsi Kumar, Jubin Nautiyal & Tanishk Bagchi","Haiya Ho (From ""Marjaavaan"") - Single",Bollywood,1.29,1.29,2019-10-26 12:00:00+00:00,170781
1188255409,Kuch Din,Jubin Nautiyal,Kaabil (Original Motion Picture Soundtrack),Bollywood,1.29,5.99,2016-12-22 12:00:00+00:00,288847
1592521672,Shershaah Mashup,"DJ Chetas, Jubin Nautiyal, Asees Kaur, B. Praak, Jasleen Royal, Darshan Raval & Palak Muchhal",Shershaah Mashup - Single,Bollywood,1.29,1.29,2021-10-29 12:00:00+00:00,236007
1495007587,Tum Hi Aana (Sad Version),Jubin Nautiyal,Marjaavaan (Original Motion Picture Soundtrack),Bollywood,1.29,12.99,2019-11-27 12:00:00+00:00,83169
1614120292,Phir Se Zara,Jubin Nautiyal & Shashwat Sachdev,Attack (Original Motion Picture Soundtrack),Bollywood,1.29,9.99,2022-03-13 12:00:00+00:00,230170
1656946877,"Bana Sharabi (From ""Govinda Naam Mera"")",Tanishk Bagchi & Jubin Nautiyal,"Bana Sharabi (From ""Govinda Naam Mera"") - Single",Bollywood,1.29,1.29,2022-11-30 12:00:00+00:00,228125
1703990594,"Akh Lad Jaave (From ""Loveyatri - A Journey of Love"")","Badshah, Asees Kaur & Jubin Nautiyal",Vibe With Jubin,Indian Pop,0.99,15.99,2018-10-31 12:00:00+00:00,180176
1474369299,Dil Jaaniye,Tulsi Kumar & Jubin Nautiyal,Khandaani Shafakhana (Original Motion Picture Soundtrack),Bollywood,1.29,6.99,2019-07-16 12:00:00+00:00,282386
1496607534,"Bezubaan Kab Se (From ""Street Dancer 3D"")","Siddharth Basrur, Jubin Nautiyal & Sachin-Jigar","Bezubaan Kab Se (From ""Street Dancer 3D"") - Single",Bollywood,1.29,1.29,2020-01-27 12:00:00+00:00,271279
1659855547,Bana Sharabi,Tanishk Bagchi & Jubin Nautiyal,Govinda Naam Mera (Original Motion Picture Soundtrack),Bollywood,1.29,9.99,2022-11-30 12:00:00+00:00,228125
1809304735,"Tumhe Dillagi (From ""Raid 2"")","Rochak Kohli, Jubin Nautiyal, Nusrat Fateh Ali Khan, Manoj Muntashir & Purnam Allahabadi","Tumhe Dillagi (From ""Raid 2"") - Single",Bollywood,1.29,1.29,2025-04-18 12:00:00+00:00,252072
1539895348,Om Jai Jagdish Hare,"Tulsi Kumar, Neha Kakkar, Dhvani Bhanushali, Parampara Tandon, Jubin Nautiyal, Sachet Tandon, Guru Randhawa & Millind Gaba",Om Jai Jagdish Hare - Single,Devotional & Spiritual,0.99,0.99,2020-11-13 12:00:00+00:00,288623
1724211600,"Akh Lad Jaave (From ""Loveyatri - A Journey of Love"")","Badshah, Asees Kaur & Jubin Nautiyal",Non-Stop Bollywood Super - Hit Party Songs,Bollywood,0.99,,2018-10-31 12:00:00+00:00,180176
1655127740,Saath Hum Rahein,"Devi Sri Prasad, Jubin Nautiyal & Amitabh Bhattacharya",Drishyam 2 (Original Motion Picture Soundtrack) - Single,Bollywood,1.29,1.99,2022-11-01 12:00:00+00:00,242903
1598562496,Tu Mera Hogaya Hai,Pritam & Jubin Nautiyal,Tadap (Original Motion Picture Soundtrack),Bollywood,0.99,6.99,2021-11-22 12:00:00+00:00,309150
1558416063,"Ishq Karo Dil Se (From ""Koi Jaane Na"")",Amaal Mallik & Jubin Nautiyal,"Ishq Karo Dil Se (From ""Koi Jaane Na"") - Single",Bollywood,1.29,1.29,2021-03-15 12:00:00+00:00,263705
1585352314,Rim Jhim,Jubin Nautiyal,Rim Jhim - Single,Indian Pop,0.99,0.99,2021-09-14 12:00:00+00:00,226122
1701944661,"Dil Ka Telephone 2.0 (From ""Dream Girl 2"")","Meet Bros, Jonita Gandhi & Jubin Nautiyal","Dil Ka Telephone 2.0 (From ""Dream Girl 2"") - Single",Bollywood,1.29,1.29,2023-08-10 12:00:00+00:00,309598
1434394472,Sawarne Lage,Tanishk Bagchi & Jubin Nautiyal,Mitron (Original Motion Picture Soundtrack),Bollywood,1.29,5.99,2018-01-01 12:00:00+00:00,167000
1589927432,Suna Hai,Jubin Nautiyal,Sanak (Original Motion Picture Soundtrack),Bollywood,1.29,5.16,2021-10-12 12:00:00+00:00,193333
1759317212,Shaukan,"Jubin Nautiyal, Neha Kakkar, Shashwat Sachdev & Kumaar",Ulajh (Original Motion Picture Soundtrack),Bollywood,1.29,4.99,2024-07-19 12:00:00+00:00,167834
1485705117,"Pyaar Toh Tha (From ""Bala"")","Sachin-Jigar, Jubin Nautiyal & Asees Kaur","Pyaar Toh Tha (From ""Bala"") - Single",Bollywood,1.29,1.29,2019-11-01 12:00:00+00:00,231306
1244430617,Ik Vaari Aa (Jubin Version),Pritam & Jubin Nautiyal,Raabta (Original Motion Picture Soundtrack),Bollywood,0.99,5.99,2017-06-03 12:00:00+00:00,274476
1582623032,Hare Krishna Hare Rama,Jubin Nautiyal,Hare Krishna Hare Rama - Single,Devotional & Spiritual,0.99,0.99,2021-08-27 12:00:00+00:00,309143
1647350284,"Haaniya Ve (From ""Thank God"")","Tanishk Bagchi, Jubin Nautiyal & Rashmi Virag","Haaniya Ve (From ""Thank God"") - Single",Bollywood,1.29,1.29,2022-09-28 12:00:00+00:00,217176
1107034112,Le Chala,Jubin Nautiyal,One Night Stand (Original Motion Picture Soundtrack),Bollywood,1.29,5.99,2016-04-06 07:00:00+00:00,288578
1315299123,Zindagi Kuch Toh Bata (Reprise),Jubin Nautiyal,Best of Jubin Nautiyal,Bollywood,0.99,,2015-06-25 12:00:00+00:00,258879
1540255876,Meri Tum Ho,"Pritam, Jubin Nautiyal & Ash King",Ludo (Original Motion Picture Soundtrack),Bollywood,0.99,5.99,2020-11-07 12:00:00+00:00,227695
1577029080,"Hanjugam (From ""Bhuj the Pride of India"")",Jubin Nautiyal & Gourov Dasgupta,"Hanjugam (From ""Bhuj the Pride of India"") - Single",Bollywood,1.29,1.29,2021-07-19 12:00:00+00:00,225426
1188255411,Kaabil Hoon (Sad Version),Jubin Nautiyal,Kaabil (Original Motion Picture Soundtrack),Bollywood,1.29,5.99,2016-12-22 12:00:00+00:00,97227
1826711727,"Bas Ek Dhadak (From ""Dhadak 2"")","Shreya Ghoshal, Jubin Nautiyal, Javed-Mohsin & Rashmi Virag","Bas Ek Dhadak (From ""Dhadak 2"") - Single",Bollywood,1.29,1.29,2025-07-15 12:00:00+00:00,259736
1487785247,Habibi Ke Nain,Shreya Ghoshal & Jubin Nautiyal,Dabangg 3 (Original Motion Picture Soundtrack),Bollywood,1.29,6.99,2019-11-13 12:00:00+00:00,351192
1352484512,Tujhe Dekha To,Lata Mangeshkar & Kumar Sanu,Dilwale Dulhania Le Jayenge (Original Motion Picture Soundtrack) [Dialogues Version],Bollywood,1.29,9.99,2003-01-01 12:00:00+00:00,303960
1338741073,Lag Ja Gale Se Phir,Lata Mangeshkar,Woh Kaun Thi? (Original Motion Picture Soundtrack),Bollywood,1.29,6.45,1949-12-31 12:00:00+00:00,257613
1274614035,Ek Pyar Ka Naghma Hai,Lata Mangeshkar & Mukesh,Shor (Original Motion Picture Soundtrack),Bollywood,1.29,9.99,1972-01-01 08:00:00+00:00,355453
673575193,Dil To Pagal Hai,Lata Mangeshkar & Udit Narayan,Dil To Pagal Hai (Original Motion Picture Soundtrack),Bollywood,0.69,3.99,1997-08-27 12:00:00+00:00,336118
673690042,Humko Humise Chura Lo,Lata Mangeshkar & Udit Narayan,Mohabbatein (Original Motion Picture Soundtrack),Bollywood,0.69,3.99,2000-01-01 12:00:00+00:00,473025
673583141,Tere Liye,Lata Mangeshkar & Roop Kumar Rathod,Veer-Zaara (Original Motion Picture Soundtrack),Bollywood,0.69,3.99,2004-04-18 12:00:00+00:00,331677
1352485224,Mere Khwabon Mein,Lata Mangeshkar,Dilwale Dulhania Le Jayenge (Original Motion Picture Soundtrack) [Dialogues Version],Bollywood,1.29,9.99,2005-09-01 12:00:00+00:00,256440
1337283476,Tere Bina Zindagi Se,Lata Mangeshkar & Kishore Kumar,Aandhi (Original Motion Picture Soundtrack),Bollywood,1.29,9.99,1975-02-14 08:00:00+00:00,354013
673575198,Bholi Si Surat,Lata Mangeshkar & Udit Narayan,Dil To Pagal Hai (Original Motion Picture Soundtrack),Bollywood,0.69,3.99,1997-08-27 12:00:00+00:00,255242
1130322192,Jiya Jale,Lata Mangeshkar & M. G. Sreekumar,Dil Se (Original Motion Picture Soundtrack),Bollywood,1.29,6.99,1998-07-08 07:00:00+00:00,309107
673583190,Do Pal,Lata Mangeshkar & Sonu Nigam,Veer-Zaara (Original Motion Picture Soundtrack),Bollywood,0.69,3.99,2004-04-18 12:00:00+00:00,265927
1352485222,Mehndi Laga Ke Rakhna,Lata Mangeshkar & Udit Narayan,Dilwale Dulhania Le Jayenge (Original Motion Picture Soundtrack) [Dialogues Version],Bollywood,1.29,9.99,2007-08-20 12:00:00+00:00,286695
300388192,Kabhi Khushi Kabhie Gham,Jatin-Lalit & Lata Mangeshkar,Kabhi Khushi Kabhie Gham (Original Motion Picture Soundtrack),Bollywood,1.29,6.99,2001-11-28 08:00:00+00:00,471947
1352485856,Ho Gaya Hai Tujhko To Pyar Sajna,Lata Mangeshkar & Udit Narayan,Dilwale Dulhania Le Jayenge (Original Motion Picture Soundtrack) [Dialogues Version],Bollywood,1.29,9.99,1961-06-03 12:00:00+00:00,349827
673690047,Aankhein Khuli,"Ishaan, Lata Mangeshkar, Manohar Shetty, Pritha Mazumdar, Shah Rukh Khan, Shweta Pandit, Sonali Bhatawdekar, Udbhav & Udit Narayan",Mohabbatein (Original Motion Picture Soundtrack),Bollywood,0.69,3.99,2000-01-21 12:00:00+00:00,422713
316981890,Luka Chuppi,A.R. Rahman & Lata Mangeshkar,Rang De Basanti (Original Motion Picture Soundtrack),Bollywood,1.29,9.99,2005-12-08 08:00:00+00:00,396507
673575197,Are Re Are,Lata Mangeshkar & Udit Narayan,Dil To Pagal Hai (Original Motion Picture Soundtrack),Bollywood,0.69,3.99,1997-08-27 12:00:00+00:00,335386
1327763766,Aap Ki Nazron Ne Samjha,Lata Mangeshkar,Anpadh (Original Motion Picture Soundtrack),Bollywood,1.29,9.03,1949-12-31 12:00:00+00:00,234893
673575199,Dholna,Lata Mangeshkar & Udit Narayan,Dil To Pagal Hai (Original Motion Picture Soundtrack),Bollywood,0.69,3.99,1997-08-27 12:00:00+00:00,318433
673575201,Pyar Kar,Lata Mangeshkar & Udit Narayan,Dil To Pagal Hai (Original Motion Picture Soundtrack),Bollywood,0.69,3.99,1997-08-27 12:00:00+00:00,405029
1337283927,Tum Aa Gaye Ho Noor Aa Gaya,Lata Mangeshkar & Kishore Kumar,Aandhi (Original Motion Picture Soundtrack),Bollywood,1.29,9.99,1975-02-14 08:00:00+00:00,252360
1366589371,Ajib Dastan Hai Yeh,Lata Mangeshkar,Dil Apna Aur Preet Parai (Original Motion Picture Soundtrack),Bollywood,1.29,9.03,1960-01-01 12:00:00+00:00,315613
1337270047,Bahon Mein Chale Aao,Lata Mangeshkar,Anamika (Original Motion Picture Soundtrack),Bollywood,1.29,7.74,1973-05-18 12:00:00+00:00,241667
305751217,O Paalanhaare,"A.R. Rahman, Lata Mangeshkar & Udit Narayan",Lagaan (Original Motion Picture Soundtrack),Bollywood,1.29,7.99,2001-03-29 12:00:00+00:00,318947
673575202,Koi Ladki Hai,Lata Mangeshkar & Udit Narayan,Dil To Pagal Hai (Original Motion Picture Soundtrack),Bollywood,0.69,3.99,1997-08-27 12:00:00+00:00,330684
673583189,Yeh Hum Aa Gaye Hain Kahaan,Lata Mangeshkar & Udit Narayan,Veer-Zaara (Original Motion Picture Soundtrack),Bollywood,0.69,3.99,2004-04-18 12:00:00+00:00,344000
673690059,Zinda Rehti Hain Mohabbatein,Lata Mangeshkar & Udit Narayan,Mohabbatein (Original Motion Picture Soundtrack),Bollywood,0.69,3.99,2000-01-21 12:00:00+00:00,143360
1337260917,Kabhi Kabhi Mere,Lata Mangeshkar & Mukesh,Kabhi Kabhie (Original Motion Picture Soundtrack) [Dialogues Version],Bollywood,1.29,9.99,1976-12-30 12:00:00+00:00,300773
1355010915,"Lag Ja Gale Se Phir (From ""Woh Kaun Thi"")",Lata Mangeshkar,Lag Ja Gale - Best of Lata Mangeshkar and Madan Mohan,Bollywood,1.29,9.99,1949-12-31 12:00:00+00:00,257613
673583146,Aisa Des Hai Mera,"Gurdas Maan, Lata Mangeshkar, Pritha Majumder & Udit Narayan",Veer-Zaara (Original Motion Picture Soundtrack),Bollywood,0.69,3.99,2004-04-18 12:00:00+00:00,427781
1443490434,"Kya Yahi Pyar Hai (From ""Rocky"")",Lata Mangeshkar & Kishore Kumar,Chalte Chalte... Kishore Da’s Greatest Hits,Soundtrack,1.29,7.99,1981-01-01 12:00:00+00:00,384493
1337350604,Aate Jaate Hanste Gaate,Lata Mangeshkar & S.P. Balasubrahmanyam,Maine Pyar Kiya (Original Motion Picture Soundtrack),Bollywood,1.29,9.99,1989-12-01 12:00:00+00:00,204360
673612298,Jaane Dil Mein,Lata Mangeshkar & Sonu Nigam,Mujhse Dosti Karoge (Original Motion Picture Soundtrack),Bollywood,0.69,,2002-06-12 12:00:00+00:00,345809
1338728334,Tujhse Naraz Nahin Zindagi (Female Vocals),Lata Mangeshkar,Masoom (Original Motion Picture Soundtrack),Bollywood,1.29,6.45,1983-10-22 07:00:00+00:00,220107
1337278769,Aap Ki Ankhon Mein Kuch,Kishore Kumar & Lata Mangeshkar,Ghar (Original Motion Picture Soundtrack),Bollywood,1.29,6.45,1978-12-30 12:00:00+00:00,249173
673612297,Andekhi Anjaani,Lata Mangeshkar & Udit Narayan,Mujhse Dosti Karoge (Original Motion Picture Soundtrack),Soundtrack,0.69,,2002-06-12 12:00:00+00:00,380000
1169562274,Hanuman Chalisa,Lata Mangeshkar,Shree Hanuman Chalisa,Devotional & Spiritual,,5.99,2009-07-04 12:00:00+00:00,698726
1103776527,Agar Tum Na Hote (Female Version),R.D. Burman & Lata Mangeshkar,Agar Tum Na Hote (Original Motion Picture Soundtrack),Bollywood,1.29,6.99,1983-01-01 12:00:00+00:00,254185
1354675806,Salame Ishq Meri Jaan,Lata Mangeshkar & Kishore Kumar,Muqaddar Ka Sikandar (Original Motion Picture Soundtrack),Bollywood,1.29,9.99,1978-12-01 12:00:00+00:00,350667
1748572953,Saun Di Jhadi,"OtaaL, Lata Mangeshkar, Bappi Lahiri & Anand Bakshi",Saun Di Jhadi - Single,Punjabi Pop,1.29,1.29,2024-05-28 12:00:00+00:00,170653
1443477485,Saagar Kinare,Lata Mangeshkar & Kishore Kumar,Saagar (Original Soundtrack),Bollywood,1.29,6.99,1985-01-01 12:00:00+00:00,258907
300388229,"Kabhi Khushi Kabhie Gham, Pt. 2 (Sad Version 2)",Jatin-Lalit & Lata Mangeshkar,Kabhi Khushi Kabhie Gham (Original Motion Picture Soundtrack),Bollywood,1.29,6.99,2001-11-28 08:00:00+00:00,112000
1281286072,Rimjhim Gire Sawan (Duet),Kishore Kumar & Lata Mangeshkar,Manzil (Original Motion Picture Soundtrack),Bollywood,1.29,6.45,1977-12-30 12:00:00+00:00,216373
1327953477,Zindagi Pyar Ka Geet Hai (Female Vocals),Lata Mangeshkar,Souten (Original Motion Picture Soundtrack),Bollywood,1.29,9.99,1970-12-31 12:00:00+00:00,332120
967534082,Romance Like SRK - Mashup,"Sunny Subramanian, Roop Kumar Rathod, Lata Mangeshkar, Sonu Nigam, Shreya Ghoshal, Mohit Chauhan & Udit Narayan",Romance Like SRK - Mashup - Single,Bollywood,0.99,0.99,2015-02-13 12:00:00+00:00,206794
1338699554,Gaata Rahe Mera Dil,Lata Mangeshkar & Kishore Kumar,Guide (Original Motion Picture Soundtrack),Bollywood,1.29,9.99,1965-02-01 08:00:00+00:00,292855
673583202,Lodi,"Gurdas Maan, Lata Mangeshkar & Udit Narayan",Veer-Zaara (Original Motion Picture Soundtrack),Bollywood,0.69,3.99,2004-04-18 12:00:00+00:00,417000
921556824,Laadli (feat. Lata Mangeshkar),A.R. Rahman & Kapil Sibal,Raunaq,Indian Pop,1.29,5.99,2014-09-29 07:00:00+00:00,356118
1443908770,Kya Yahi Pyar Hai,Lata Mangeshkar & Kishore Kumar,Rocky (Original Soundtrack),Soundtrack,1.29,6.99,1981-01-01 12:00:00+00:00,384413
673583196,Hum To Bhai Jaise Hain,Lata Mangeshkar,Veer-Zaara (Original Motion Picture Soundtrack),Bollywood,0.69,3.99,2004-04-18 12:00:00+00:00,260000
1337280077,Teri Bindiya Re,Lata Mangeshkar & Mohd. Rafi,Abhimaan (Original Motion Picture Soundtrack),Bollywood,1.29,9.99,1973-12-01 08:00:00+00:00,272373
1366589439,Aaja Piya Tohe Pyar Doon,Lata Mangeshkar,Baharon Ke Sapne (Original Motion Picture Soundtrack),Bollywood,1.29,9.99,1966-12-01 12:00:00+00:00,251414
1338698758,Aaj Phir Jeene Ki Tamanna Hai,Lata Mangeshkar,Guide (Original Motion Picture Soundtrack),Bollywood,1.29,9.99,1965-02-01 08:00:00+00:00,238267
673583193,Kyon Hawa,"Lata Mangeshkar, Sonu Nigam & Yash Chopra",Veer-Zaara (Original Motion Picture Soundtrack),Bollywood,0.69,3.99,2004-04-18 12:00:00+00:00,371958
673575203,Ek Duje Ke Vaaste,Hariharan & Lata Mangeshkar,Dil To Pagal Hai (Original Motion Picture Soundtrack),Bollywood,0.69,3.99,1997-08-27 12:00:00+00:00,206002
1103779867,Aisa Sama Na Hota,R.D. Burman & Lata Mangeshkar,Zameen Aasman (Original Motion Picture Soundtrack),Bollywood,1.29,3.99,1983-01-01 12:00:00+00:00,309200
1337292186,Kabhi Main Kahoon,Lata Mangeshkar & Hariharan,Lamhe (Original Motion Picture Soundtrack),Bollywood,1.29,9.99,1991-12-01 12:00:00+00:00,444762
1103773392,Dil Hoom Hoom Kare (Female Version),Bhupen Hazarika & Lata Mangeshkar,Rudaali (Original Motion Picture Soundtrack),Bollywood,1.29,6.99,1993-06-18 07:00:00+00:00,235493
673575209,"Are Re Are, Pt. 2",Lata Mangeshkar & Udit Narayan,Dil To Pagal Hai (Original Motion Picture Soundtrack),Bollywood,0.69,3.99,1997-08-27 12:00:00+00:00,125518
1479408566,Milo Na Tum,Lata Mangeshkar & Gajendra Verma,Milo Na Tum - Single,Indian Pop,1.29,1.29,2019-09-10 12:00:00+00:00,211296
1443490439,"Saagar Kinare (From ""Saagar"")",Lata Mangeshkar & Kishore Kumar,Chalte Chalte... Kishore Da’s Greatest Hits,Soundtrack,1.29,7.99,1985-01-01 12:00:00+00:00,256800
1355010927,"Aap Ki Nazron Ne Samjha (From ""Anpadh"")",Lata Mangeshkar,Lag Ja Gale - Best of Lata Mangeshkar and Madan Mohan,Bollywood,1.29,9.99,1949-12-31 12:00:00+00:00,234893
1656399717,Mera Dil Ye Pukare - Tu Aaja (Heartlock Mix),Lata Mangeshkar & Heartlock,Mera Dil Ye Pukare - Tu Aaja (Heartlock Mix) - Single,Indian Pop,1.29,1.29,2022-11-24 12:00:00+00:00,122609
1337278767,Tere Bina Jiya Jaye Naa,Lata Mangeshkar,Ghar (Original Motion Picture Soundtrack),Bollywood,1.29,6.45,1978-12-30 12:00:00+00:00,346160
673583206,Tum Paas Aa Rahe Ho,Jagjit Singh & Lata Mangeshkar,Veer-Zaara (Original Motion Picture Soundtrack),Bollywood,0.69,3.99,2004-04-18 12:00:00+00:00,311000
1103760307,Jaane Kya Baat Hai,R.D. Burman & Lata Mangeshkar,Sunny (Original Motion Picture Soundtrack),Bollywood,1.29,2.49,1984-01-01 08:00:00+00:00,328758
1606716634,Valaiyosai,"Ilaiyaraaja, S.P. Balasubrahmanyam & Lata Mangeshkar",Sathya (Original Motion Picture Soundtrack),Tamil,1.29,3.99,1987-01-01 12:00:00+00:00,274500
1355014554,"Tere Bina Zindagi Se (From ""Aandhi"")",Lata Mangeshkar & Kishore Kumar,Diamonds Forever - Lata Mangeshkar,Bollywood,1.29,9.99,1975-02-14 12:00:00+00:00,354013
599136566,Maha Mrityunjaya Mantra,Lata Mangeshkar & Shankar Mahadevan,Har Har Mahadev - EP,Devotional & Spiritual,,9.99,2004-06-01 12:00:00+00:00,938085
673583210,Jaane Kyon,Lata Mangeshkar,Veer-Zaara (Original Motion Picture Soundtrack),Bollywood,0.69,3.99,2004-04-18 12:00:00+00:00,319000
1366582078,Chalte Chalte Yun Hi Koi,Lata Mangeshkar,Pakeezah (Original Motion Picture Soundtrack),Bollywood,1.29,9.99,1956-01-01 12:00:00+00:00,353653
1365575773,Yeh Kahan Aa Gaye Hum,Lata Mangeshkar & Amitabh Bachchan,Silsila (Original Motion Picture Soundtrack),Bollywood,1.29,9.99,1981-05-18 12:00:00+00:00,474907
1328970231,Itna Na Mujhse Tu Pyar Badha (Duet),Talat Mahmood & Lata Mangeshkar,Chhaya (Original Motion Picture Soundtrack),Bollywood,1.29,9.03,1950-12-31 12:00:00+00:00,235333
1103775553,Man Kyoon Behka Re Behka Aadhi Raat Ko,"Laxmikant-Pyarelal, Lata Mangeshkar & Asha Bhosle",Utsav (Original Motion Picture Soundtrack),Bollywood,1.29,3.49,1984-01-01 12:00:00+00:00,340000
1338717508,Kora Kagaz Tha Yeh Man Mera,Lata Mangeshkar & Kishore Kumar,Aradhana (Original Motion Picture Soundtrack),Bollywood,1.29,9.03,1969-12-01 12:00:00+00:00,338797
1443557811,Mere Naseeb Mein,Lata Mangeshkar,Naseeb (Original Soundtrack),Bollywood,1.29,5.99,1981-05-01 12:00:00+00:00,378107
409820960,"Pyar Kiya To Darna Kya (From ""Pyaar Kiya To Darna Kya"")",Lata Mangeshkar,Timeless,Bollywood,0.69,5.99,2004-02-03 12:00:00+00:00,211307
1377304960,"Ajib Dastan Hai Yeh (From ""Dil Apna Aur Preet Parai"")",Lata Mangeshkar,Masterworks: Lata Mangeshkar,Bollywood,1.29,15.99,1960-01-01 12:00:00+00:00,315613
1444110223,"Wada Karo (From ""Aa Gale Lag Jaa"")",Kishore Kumar & Lata Mangeshkar,Someone Somewhere Is Made for You (A Collection of Love Songs),Bollywood,1.29,8.99,1973-01-01 12:00:00+00:00,314707
1366581562,Aaja Sanam Madhur Chandni Men,Lata Mangeshkar & Manna Dey,Chori Chori (Original Motion Picture Soundtrack),Bollywood,1.29,9.99,1956-01-01 12:00:00+00:00,265744
1442239091,Humko Tumse Ho Gaya Hai Pyar,"Kishore Kumar, Lata Mangeshkar, Mohd. Rafi & Mukesh",Amar Akbar Anthony (Original Motion Picture Soundtrack),Bollywood,1.29,6.99,1977-01-07 12:00:00+00:00,453400
1337278768,Aajkal Paon Zaamin Par Nahin Padte,Lata Mangeshkar,Ghar (Original Motion Picture Soundtrack),Bollywood,1.29,6.45,1978-12-30 12:00:00+00:00,329659
1549514419,"Bhool Gaya Sub Kuchh (From ""Julie"")",Lata Mangeshkar & Kishore Kumar,Julie (Original Motion Picture Soundtrack) - EP,Soundtrack,,,1975-01-01 12:00:00+00:00,302412
1338742056,Ye Dil Tum Bin Lagta Nahin,Lata Mangeshkar & Mohd. Rafi,Izzat (Original Motion Picture Soundtrack),Bollywood,1.29,7.74,1968-12-01 12:00:00+00:00,351507
1338698749,Piya Tose Naina Laage Re,Lata Mangeshkar,Guide (Original Motion Picture Soundtrack),Bollywood,1.29,9.99,1965-02-01 08:00:00+00:00,509466
1355015845,"Dekha Ek Khwab (From ""Silsila"")",Lata Mangeshkar & Kishore Kumar,Diamonds Forever - Lata Mangeshkar,Bollywood,1.29,9.99,1981-05-18 12:00:00+00:00,320733
1337350673,Dil Deewana (Female Vocals),Lata Mangeshkar,Maine Pyar Kiya (Original Motion Picture Soundtrack),Bollywood,1.29,9.99,1989-12-01 12:00:00+00:00,354427
1365575777,"Dekha Ek Khwab, Pt. 2",Lata Mangeshkar & Kishore Kumar,Silsila (Original Motion Picture Soundtrack),Bollywood,1.29,9.99,1981-05-18 12:00:00+00:00,320733
409820959,"Aa Jane Jaan (From ""Intaqam"")",Lata Mangeshkar,Timeless,Bollywood,0.69,5.99,1969-12-01 12:00:00+00:00,386880
1641853013,Didi Tera Devar Deewana,Lata Mangeshkar & S.P. Balasubrahmanyam,Hum Aapke Hain Koun (Original Motion Picture Soundtrack),Bollywood,1.29,9.99,1994-05-08 12:00:00+00:00,485333
1366581555,Yeh Raat Bheegi Bheegi,Manna Dey & Lata Mangeshkar,Chori Chori (Original Motion Picture Soundtrack),Bollywood,1.29,9.99,1957-08-28 12:00:00+00:00,269627
1338718013,Chanda Hai Tu Mera Suraj Hai Tu,Lata Mangeshkar,Aradhana (Original Motion Picture Soundtrack),Bollywood,1.29,9.03,1969-12-01 12:00:00+00:00,242507
1355014567,"Bheegi Bheegi Raaton Mein (From ""Ajnabee"")",Lata Mangeshkar & Kishore Kumar,Diamonds Forever - Lata Mangeshkar,Bollywood,1.29,9.99,1974-09-18 12:00:00+00:00,233053
1274614038,Ek Pyar Ka Naghma Hai (Happy),Lata Mangeshkar & Mukesh,Shor (Original Motion Picture Soundtrack),Bollywood,1.29,9.99,1972-01-01 08:00:00+00:00,366000
1537488368,"O Jaana Na Jaana, Pt. 1",Kumar Sanu & Lata Mangeshkar,Jab Pyaar Kisise Hota Hai (Original Motion Picture Soundtrack),Bollywood,1.29,9.99,1998-05-22 12:00:00+00:00,263920
1641853270,Wah Wah Ramji,Lata Mangeshkar & S.P. Balasubrahmanyam,Hum Aapke Hain Koun (Original Motion Picture Soundtrack),Bollywood,1.29,9.99,1994-05-08 12:00:00+00:00,255067
1366555721,Tu Mere Samne,Lata Mangeshkar & Udit Narayan,Darr (Original Motion Picture Soundtrack),Bollywood,1.29,9.99,1990-12-01 12:00:00+00:00,366573
1355014353,"Aap Ki Ankhon Mein Kuch (From ""Ghar"")",Kishore Kumar & Lata Mangeshkar,Diamonds Forever - Lata Mangeshkar,Bollywood,1.29,9.99,1978-12-30 12:00:00+00:00,249173
1365575503,Dekha Ek Khwab (with Dialogues),"Lata Mangeshkar, Kishore Kumar & Amitabh Bachchan",Silsila (Original Motion Picture Soundtrack),Bollywood,1.29,9.99,1981-05-18 12:00:00+00:00,355733
1337261416,Tere Chehre Se Nazar Nahin,Lata Mangeshkar & Kishore Kumar,Kabhi Kabhie (Original Motion Picture Soundtrack) [Dialogues Version],Bollywood,1.29,9.99,1975-01-01 12:00:00+00:00,302400
1338704938,O Mere Dil Ke Chain,Kishore Kumar,Mere Jeevan Saathi (Original Motion Picture Soundtrack),Bollywood,1.29,9.99,1973-09-22 07:00:00+00:00,273357
1443458534,Pal Pal Dil Ke Paas,Kishore Kumar,Blackmail (Original Soundtrack),Bollywood,1.29,8.99,1973-01-01 12:00:00+00:00,329067
1347319756,Yeh Sham Mastani,Kishore Kumar,Kati Patang (Original Motion Picture Soundtrack),Bollywood,1.29,9.99,1971-01-29 08:00:00+00:00,276856
1103773087,Neele Neele Ambar Par (Male Version),Kalyanji-Anandji & Kishore Kumar,Kalaakaar (Original Motion Picture Soundtrack),Bollywood,1.29,6.99,1983-01-01 12:00:00+00:00,322000
1357700472,Ek Ajnabee Haseena Se,Kishore Kumar,Ajanabee (Original Motion Picture Soundtrack),Bollywood,1.29,5.16,1974-09-18 12:00:00+00:00,266600
1442234484,Yeh Vaada Raha,Asha Bhosle & Kishore Kumar,Yeh Vaada Raha (Original Soundtrack),Bollywood,1.29,5.99,1982-01-01 12:00:00+00:00,409333
1338718015,Mere Sapnon Ki Rani,Kishore Kumar,Aradhana (Original Motion Picture Soundtrack),Bollywood,1.29,9.03,1969-12-01 12:00:00+00:00,300640
1443490430,"Chhu Kar Mere Man Ko (From ""Yaarana"")",Kishore Kumar,Chalte Chalte... Kishore Da’s Greatest Hits,Soundtrack,1.29,7.99,1981-01-01 12:00:00+00:00,253227
1347320069,Pyar Diwana Hota Hai,Kishore Kumar,Kati Patang (Original Motion Picture Soundtrack),Bollywood,1.29,9.99,1971-01-29 12:00:00+00:00,284134
1443635636,Kehdoon Tumhen,Kishore Kumar & Asha Bhosle,Deewaar (Original Soundtrack),Bollywood,1.29,9.99,1975-01-01 12:00:00+00:00,221480
1337336544,Mere Samnewali Khidki Mein,Kishore Kumar,Padosan (Original Motion Picture Soundtrack),Bollywood,1.29,9.99,1968-11-29 08:00:00+00:00,172173
1338717833,Roop Tera Mastana,Kishore Kumar,Aradhana (Original Motion Picture Soundtrack),Bollywood,1.29,9.03,1969-11-07 12:00:00+00:00,225213
1366558443,Humen Tumse Pyar Kitna (Male Vocals),Kishore Kumar,Kudrat (Original Motion Picture Soundtrack),Bollywood,1.29,9.99,1981-04-03 08:00:00+00:00,241027
1422615959,Apni To Jaise Taise,Kishore Kumar,Laawaris (Original Motion Picture Soundtrack),Bollywood,1.29,9.99,1981-05-22 12:00:00+00:00,309213
1529462945,The Jawaani Song,"Vishal & Shekhar, Vishal Dadlani, Payal Dev & Kishore Kumar",Student of the Year 2 (Original Motion Picture Soundtrack),Bollywood,1.29,7.74,2019-04-18 12:00:00+00:00,253161
1354675807,O Saathi Re (Male Vocals),Kishore Kumar,Muqaddar Ka Sikandar (Original Motion Picture Soundtrack),Bollywood,1.29,9.99,1978-10-27 12:00:00+00:00,269717
1376546967,Aanewala Pal Janewala Hai,Kishore Kumar,Golmaal (Original Motion Picture Soundtrack),Bollywood,1.29,5.16,1979-04-20 12:00:00+00:00,279386
1443490425,"Chalte Chalte (From ""Chalte Chalte"")",Kishore Kumar,Chalte Chalte... Kishore Da’s Greatest Hits,Soundtrack,1.29,7.99,2000-04-02 12:00:00+00:00,310413
402012166,Yathe Yathe,G.V. Prakash Kumar,Aadukalam (Original Motion Picture Soundtrack),Tamil,1.29,5.99,2010-11-08 12:00:00+00:00,344360
1443477490,Saagar Jaisi Aankhonwali,Kishore Kumar,Saagar (Original Soundtrack),Bollywood,1.29,6.99,1985-01-01 12:00:00+00:00,303400
1443906791,Aise Na Mujhe,Kishore Kumar,Darling Darling (Original Soundtrack) - EP,Soundtrack,1.29,5.99,1977-01-01 12:00:00+00:00,264520
1443464879,Dilbar Mere,Kishore Kumar & Anette,Satte Pe Satta (Original Soundtrack),Bollywood,1.29,7.99,1982-01-01 12:00:00+00:00,287027
1549514409,Dil Kya Kare,Kishore Kumar,Julie (Original Motion Picture Soundtrack) - EP,Soundtrack,,,1975-01-01 12:00:00+00:00,404004
1443490644,"Pal Pal Dil Ke Paas (From ""Blackmail"")",Kishore Kumar,Chalte Chalte... Kishore Da’s Greatest Hits,Soundtrack,1.29,7.99,1973-01-01 12:00:00+00:00,327773
1337270048,Meri Bheegi Bheegi Si,Kishore Kumar,Anamika (Original Motion Picture Soundtrack),Bollywood,1.29,7.74,1973-05-18 12:00:00+00:00,246893
1338726785,Intaha Ho Gai Intezar Ki,Kishore Kumar & Asha Bhosle,Sharaabi (Original Motion Picture Soundtrack),Bollywood,1.29,9.99,1984-12-01 12:00:00+00:00,529733
1338704397,Chala Jata Hoon,Kishore Kumar,Mere Jeevan Saathi (Original Motion Picture Soundtrack),Bollywood,1.29,9.99,1973-09-22 07:00:00+00:00,269552
1443490638,"Dil Kya Kare (From ""Julie"")",Kishore Kumar,Chalte Chalte... Kishore Da’s Greatest Hits,Soundtrack,1.29,7.99,1975-01-01 12:00:00+00:00,403040
1337286925,Ek Ladki Bheegi Bhagi Si,Kishore Kumar,Chalti Ka Naam Gaadi (Original Motion Picture Soundtrack),Bollywood,1.29,9.99,1958-01-01 12:00:00+00:00,236800
1443490431,"Tera Mujhse (From ""Aa Gale Lag Jaa"")",Kishore Kumar,Chalte Chalte... Kishore Da’s Greatest Hits,Soundtrack,1.29,7.99,1973-01-01 12:00:00+00:00,339667
1337327963,Khaike Paan Banaras Wala,Kishore Kumar,Don (Original Motion Picture Soundtrack),Bollywood,1.29,9.99,1977-12-30 12:00:00+00:00,237200
1360772075,Kuchh To Log Kahenge,Kishore Kumar,Amar Prem (Original Motion Picture Soundtrack),Bollywood,1.29,9.99,1971-12-31 12:00:00+00:00,259933
1443244394,"Janu Meri Jaan (From ""Shaan"")","Mohd. Rafi, Kishore Kumar, Asha Bhosle & Usha Mangeshkar",Essential Amitabh Bachchan,Bollywood,1.29,11.99,2013-01-01 12:00:00+00:00,425227
1443490442,"Jaane Jaan Dhoondata (From ""Jawani Diwani"")",Kishore Kumar & Asha Bhosle,Chalte Chalte... Kishore Da’s Greatest Hits,Soundtrack,1.29,7.99,1972-01-01 12:00:00+00:00,354400
1444136764,Koi Roko Na (Priyatama / Soundtrack Version),Kishore Kumar,Priyatama - EP,Bollywood,1.29,4.99,1977-01-01 12:00:00+00:00,286307
1347319288,Yeh Jo Mohabbat Hai,Kishore Kumar,Kati Patang (Original Motion Picture Soundtrack),Bollywood,1.29,9.99,1971-01-29 08:00:00+00:00,247757
1443244233,"Tere Jaisa Yaar Kahan (From ""Yaarana"")",Kishore Kumar,Essential Amitabh Bachchan,Bollywood,1.29,11.99,1981-10-01 12:00:00+00:00,276614
1443490641,"Dilbar Mere (From ""Satte Pe Satta"")",Kishore Kumar & Anette,Chalte Chalte... Kishore Da’s Greatest Hits,Soundtrack,1.29,7.99,1982-01-01 12:00:00+00:00,287080
1141318732,"Neele Neele Ambar Par (From ""Kalaakaar"")",Kalyanji-Anandji & Kishore Kumar,MasterWorks - Kishore Kumar,Bollywood,1.29,9.99,1983-01-01 12:00:00+00:00,320000
1327761711,Aa Chal Ke Tujhe,Kishore Kumar,Door Gagan Ki Chhaon Mein (Original Motion Picture Soundtrack),Bollywood,1.29,9.99,1964-01-01 12:00:00+00:00,279464
1338708210,Om Shanti Om,Kishore Kumar,Karz (Original Motion Picture Soundtrack),Bollywood,1.29,9.03,1980-12-01 12:00:00+00:00,530013
1360772114,Chingari Koi Bhadke,Kishore Kumar,Amar Prem (Original Motion Picture Soundtrack),Bollywood,1.29,9.99,1971-12-31 12:00:00+00:00,335359
402012337,Otha Sollaala,Velmurugan & G.V. Prakash Kumar,Aadukalam (Original Motion Picture Soundtrack),Tamil,1.29,5.99,2010-11-08 12:00:00+00:00,238987
1443465022,Pyar Hamen Kis Mod Pe,"Kishore Kumar, Gulshan Bawra, R.D. Burman, Bhupinder Singh & Sapan Chakraborty",Satte Pe Satta (Original Soundtrack),Bollywood,1.29,7.99,1982-01-01 12:00:00+00:00,393253
1442239108,My Name Is Anthony Gonsalves,Kishore Kumar & Amitabh Bachchan,Amar Akbar Anthony (Original Motion Picture Soundtrack),Bollywood,1.29,6.99,1977-01-07 12:00:00+00:00,332147
1443485685,Yeh Dosti Hum Nahin (Happy Version),Kishore Kumar & Manna Dey,Sholay (Original Motion Picture Soundtrack),Bollywood,1.29,6.99,1975-01-01 12:00:00+00:00,321507
1337290904,Zindagi Ka Safar,Kishore Kumar,Safar (Original Motion Picture Soundtrack),Bollywood,1.29,6.45,1970-12-01 12:00:00+00:00,239533
1443500977,Kiska Rasta Dekhe,Kishore Kumar,Joshila (Original Soundtrack),Soundtrack,1.29,7.99,1973-01-01 12:00:00+00:00,257920
1443470276,Chalte Chalte (Pt. I),Kishore Kumar,Chalte Chalte (Original Soundtrack),Bollywood,1.29,6.99,1976-01-01 12:00:00+00:00,318067
1443490649,"Hum Bewafa Hargiz Na Thay (From ""Shalimar"")",Kishore Kumar,Chalte Chalte... Kishore Da’s Greatest Hits,Soundtrack,1.29,7.99,1978-01-01 12:00:00+00:00,237893
1532391542,Chhu Kar Mere Manko,Kishore Kumar,Pyare Nagme,Soundtrack,,,1981-01-01 12:00:00+00:00,254820
1443244219,"Sara Zamana (From ""Yaarana"")",Kishore Kumar,Essential Amitabh Bachchan,Bollywood,1.29,11.99,1981-10-01 12:00:00+00:00,266280
1442238968,Amar Akbar Anthony,"Shailendra Singh, Kishore Kumar & Mahendra Kapoor",Amar Akbar Anthony (Original Motion Picture Soundtrack),Bollywood,1.29,6.99,1977-01-07 12:00:00+00:00,352000
1338699481,Zindagi Ek Safar Hai Suhana (Male Vocals),Kishore Kumar,Andaz (Original Motion Picture Soundtrack),Bollywood,1.29,7.74,1972-01-01 12:00:00+00:00,260400
1442237690,Samne Ye Kaun Aya,Kishore Kumar,Jawani Diwani (Original Soundtrack),Bollywood,1.29,5.99,1972-01-01 12:00:00+00:00,252693
1443464890,Zindagi Milke Bitayenge,"Kishore Kumar, R.D. Burman, Sapan Chakraborty & Bhupinder Singh",Satte Pe Satta (Original Soundtrack),Bollywood,1.29,7.99,1982-01-01 12:00:00+00:00,270347
1443490634,"Pyar Manga Hai Tumhi Se (From ""College Girl"")",Kishore Kumar,Chalte Chalte... Kishore Da’s Greatest Hits,Soundtrack,1.29,7.99,2012-01-01 12:00:00+00:00,307173
790495958,Ek Ladki Bheegi Bhaagi Si,Kishore Kumar,"History of Indian Film Music, [Bedard Zamana Kya Jane (1959), Boot Polish (1953), Chalti Ka Naam Gaadi (1958)], Vol. 18",Bollywood,0.99,9.99,1958-01-01 08:00:00+00:00,244747
1151397896,Kate Nahin Kat Te,Kishore Kumar & Alisha Chinai,Mr. India (Original Motion Picture Soundtrack),Bollywood,0.99,5.99,2020-03-23 12:00:00+00:00,396318
1443462027,Jahan Teri Yeh Nazar Hai,Kishore Kumar,Kaalia (Original Soundtrack),Bollywood,1.29,7.99,1981-01-01 12:00:00+00:00,327080
1696960319,The Jawaani Song,"Vishal & Shekhar, Vishal Dadlani, Payal Dev & Kishore Kumar",Bollywood Party Hits Essentials,Soundtrack,1.29,11.99,2019-04-18 12:00:00+00:00,253161
1337296384,"Mere Mehboob Qayamat Hogi, Pt. 1",Kishore Kumar,Mr. X in Bombay (Original Motion Picture Soundtrack),Bollywood,1.29,9.99,1955-12-31 12:00:00+00:00,228693
1443490445,"Pal Bhar Ke Liye (From ""Johny Mera Naam"")",Kishore Kumar & Usha Khanna,Chalte Chalte... Kishore Da’s Greatest Hits,Soundtrack,1.29,7.99,2012-04-10 12:00:00+00:00,288747
402012360,Ayyayo,"G.V. Prakash Kumar, Prashanthini, S.P. Charan & S.P. Balasubrahmanyam",Aadukalam (Original Motion Picture Soundtrack),Tamil,1.29,5.99,2010-11-08 12:00:00+00:00,324373
1443490437,"Tera Saath Hai Kitna Pyara (From ""Janbaaz"")",Kishore Kumar & Sapna,Chalte Chalte... Kishore Da’s Greatest Hits,Soundtrack,1.29,7.99,1986-01-01 12:00:00+00:00,333307
700554717,Pal Pal Dil Ke Paas (Blackmail / Soundtrack Version),Kishore Kumar,Blackmail (OST),Soundtrack,0.99,8.91,1973-01-01 12:00:00+00:00,329067
1337283861,Yeh Dil Na Hota Bechara,Kishore Kumar,Jewel Thief (Original Motion Picture Soundtrack),Bollywood,1.29,9.99,1955-12-31 12:00:00+00:00,268093
1338707416,Bachna Ae Hasinon Lo Main Aa Gaya,Kishore Kumar,Hum Kisise Kum Naheen (Original Motion Picture Soundtrack),Bollywood,1.29,9.99,1977-08-25 07:00:00+00:00,384573
1443467972,"Yeh Vaada Raha (From ""Yeh Vaada Raha"")",Kishore Kumar & Asha Bhosle,Tera Mujhse Hai,Bollywood,1.29,9.99,1982-01-01 12:00:00+00:00,409533
1338707161,Panna Ki Tamanna Hai,Kishore Kumar & Lata Mangeshkar,Heera Panna (Original Motion Picture Soundtrack),Bollywood,1.29,7.74,1973-05-01 12:00:00+00:00,349013
1338708206,Ek Hasina Thi Ek Diwana Tha,"Kishore Kumar, Asha Bhosle & Rishi Kapoor",Karz (Original Motion Picture Soundtrack),Bollywood,1.29,9.03,1980-12-01 12:00:00+00:00,472947
1377305736,"Mere Mehboob Qayamat Hogi, Pt. 1 (From ""Mr. X in Bombay"")",Kishore Kumar,Krazy Kishore,Bollywood,1.29,15.99,1955-12-31 12:00:00+00:00,228693
1331977582,Aate Jate Khoobsurat Awara,Kishore Kumar,Anurodh (Original Motion Picture Soundtrack),Bollywood,1.29,7.74,1977-02-11 08:00:00+00:00,353480
1274602956,Yeh Raaten Yeh Mausam,Kishore Kumar & Asha Bhosle,Dilli Ka Thug (Original Motion Picture Soundtrack),Bollywood,1.29,9.99,1958-01-01 12:00:00+00:00,201160
1641715291,O Mere Dil Ke Chain,Kishore Kumar,"LP Classics - Original LP Recordings, Vol. 5",Indian Pop,1.29,9.99,2022-08-24 12:00:00+00:00,295540
1338707243,Mil Gaya Humko Saathi Mil Gaya,Asha Bhosle & Kishore Kumar,Hum Kisise Kum Naheen (Original Motion Picture Soundtrack),Bollywood,1.29,9.99,1977-08-25 07:00:00+00:00,232147
1395491666,"Dekha Ek Khwab (From ""Silsila"")",Lata Mangeshkar & Kishore Kumar,One Man Many Roles - Kishore Kumar,Bollywood,1.29,15.99,1981-05-18 12:00:00+00:00,320733
1442401767,Churi Nahín Yeh Mera Dil Hai,Kishore Kumar & Lata Mangeshkar,Gambler (Original Soundtrack),Bollywood,1.29,9.99,1971-01-01 12:00:00+00:00,260667
1443490450,"Hey Maine Kasam Li (From ""Tere Mere Sapne "")",Kishore Kumar & Lata Mangeshkar,Chalte Chalte... Kishore Da’s Greatest Hits,Soundtrack,1.29,7.99,1971-01-01 12:00:00+00:00,242307
1337334623,Chura Liya Hai Tumne Jo Dil Ko,Asha Bhosle & Mohd. Rafi,Yaadon Ki Baaraat (Original Motion Picture Soundtrack),Bollywood,1.29,9.99,1973-11-02 08:00:00+00:00,287840
1366584370,Abhi Na Jao Chhod Kar,Asha Bhosle & Mohd. Rafi,Hum Dono (Original Motion Picture Soundtrack),Bollywood,1.29,7.74,1955-12-31 12:00:00+00:00,258387
1338707353,Kya Hua Tera Vada,Sushma Shreshtha & Mohd. Rafi,Hum Kisise Kum Naheen (Original Motion Picture Soundtrack),Bollywood,1.29,9.99,1977-08-25 07:00:00+00:00,257985
1338726657,Likhe Jo Khat Tujhe,Mohd. Rafi,Kanyadaan (Original Motion Picture Soundtrack),Bollywood,1.29,9.99,1965-12-31 12:00:00+00:00,273533
1366584611,Main Zindagi Ka Saath Nibhata Chala Gaya,Mohd. Rafi,Hum Dono (Original Motion Picture Soundtrack),Bollywood,1.29,7.74,1959-12-31 12:00:00+00:00,230640
1443477434,Gulabi Ankhen,Mohd. Rafi,The Train (Original Soundtrack),Bollywood,1.29,5.99,1970-01-01 12:00:00+00:00,199627
1368274263,Aaj Mausam Bada Beimaan Hai,Mohd. Rafi,Loafer (Original Motion Picture Soundtrack),Bollywood,1.29,9.03,1973-01-01 12:00:00+00:00,374256
1337255830,Taarif Karoon Kya Uski,Mohd. Rafi,Kashmir Ki Kali (Original Motion Picture Soundtrack),Bollywood,1.29,9.99,1957-12-31 12:00:00+00:00,326667
1344202848,O Haseena Zulfonwali Jane Jahan,Asha Bhosle & Mohd. Rafi,Teesri Manzil (Original Motion Picture Soundtrack),Bollywood,1.29,9.99,1966-12-31 12:00:00+00:00,415237
1337277761,Dil Ka Bhanwar Kare Pukar,Mohd. Rafi,Tere Ghar Ke Samne (Original Motion Picture Soundtrack),Bollywood,1.29,9.03,1963-01-01 08:00:00+00:00,199120
1344202847,O Mere Sona Re Sona,Asha Bhosle & Mohd. Rafi,Teesri Manzil (Original Motion Picture Soundtrack),Bollywood,1.29,9.99,1966-10-25 12:00:00+00:00,300089
1338707242,"Chand Mera Dil Chandni Ho Tum, Pt. 2",Mohd. Rafi,Hum Kisise Kum Naheen (Original Motion Picture Soundtrack),Bollywood,1.29,9.99,1977-08-25 07:00:00+00:00,177560
1338699504,Tere Mere Sapne Ab Ek Rang Hain,Mohd. Rafi,Guide (Original Motion Picture Soundtrack),Bollywood,1.29,9.99,1965-02-01 08:00:00+00:00,261280
1337287258,Achha Ji Main Haari Chalo,Asha Bhosle & Mohd. Rafi,Kala Pani (Original Motion Picture Soundtrack),Bollywood,1.29,9.03,1958-01-01 12:00:00+00:00,207733
1337256771,Diwana Hua Badal,Asha Bhosle & Mohd. Rafi,Kashmir Ki Kali (Original Motion Picture Soundtrack),Bollywood,1.29,9.99,1964-12-30 12:00:00+00:00,356893
1338707417,Ye Ladka Hay Allah Kaisa Hai Diwana,Asha Bhosle & Mohd. Rafi,Hum Kisise Kum Naheen (Original Motion Picture Soundtrack),Bollywood,1.29,9.99,1977-08-25 07:00:00+00:00,329720
1346985505,Ankhon Hi Ankhon Mein,Geeta Dutt & Mohd. Rafi,C.I.D. (Original Motion Picture Soundtrack),Bollywood,1.29,7.74,1956-12-30 08:00:00+00:00,237467
1327944330,Tu Is Tarah Se Mere Zindagi Main,Mohd. Rafi,Aap To Aise Na The (Original Motion Picture Soundtrack),Bollywood,1.29,7.74,1980-12-30 12:00:00+00:00,394853
1368273160,Ramaiya Vastavaiya,"Lata Mangeshkar, Mohd. Rafi & Mukesh",Shree 420 (Original Motion Picture Soundtrack),Bollywood,1.29,9.99,1955-09-16 12:00:00+00:00,360893
1442239103,Shirdi Wale Sai Baba,Mohd. Rafi,Amar Akbar Anthony (Original Motion Picture Soundtrack),Bollywood,1.29,6.99,1977-01-07 12:00:00+00:00,352640
1443244222,"Yamma Yamma (From ""Shaan"")",Mohd. Rafi & R.D. Burman,Essential Amitabh Bachchan,Bollywood,1.29,11.99,1980-01-01 12:00:00+00:00,341187
1346985097,Yeh Hai Bombay Meri Jaan,Mohd. Rafi & Geeta Dutt,C.I.D. (Original Motion Picture Soundtrack),Bollywood,1.29,7.74,1956-12-30 08:00:00+00:00,248227
1338708214,Dard-E-Dil Dard-E-Jigar,Mohd. Rafi,Karz (Original Motion Picture Soundtrack),Bollywood,1.29,9.03,1980-12-01 12:00:00+00:00,417240
1328745576,Aajkal Tere Mere Pyar Ke Charche,Suman Kalyanpur & Mohd. Rafi,Brahmachari (Original Motion Picture Soundtrack),Bollywood,1.29,9.99,1967-12-01 12:00:00+00:00,309493
1443457661,Kya Dekhte Ho,Asha Bhosle & Mohd. Rafi,Qurbani (Original Soundtrack),Bollywood,1.29,8.99,1980-01-01 12:00:00+00:00,277933
1329114410,Chal Kahin Door Nikal Jayen,"Lata Mangeshkar, Kishore Kumar & Mohd. Rafi",Doosara Aadmi (Original Motion Picture Soundtrack) - EP,Bollywood,1.29,7.74,1977-12-31 12:00:00+00:00,396667
1281741002,Suhani Raat Dhal Chuki,Mohd. Rafi,Dulari (Original Motion Picture Soundtrack),Bollywood,1.29,9.99,1941-01-01 12:00:00+00:00,209533
1442239097,Pardah Hai Pardah,Mohd. Rafi,Amar Akbar Anthony (Original Motion Picture Soundtrack),Bollywood,1.29,6.99,1977-01-07 12:00:00+00:00,479227
1338698753,Tere Mere Sapne Ab Ek Rang Hain (with Dialogues),Dev Anand & Mohd. Rafi,Guide (Original Motion Picture Soundtrack),Bollywood,1.29,9.99,1965-02-01 08:00:00+00:00,266867
1443814098,Maine Poochha Chand Se,Mohd. Rafi,Abdullah (Original Soundtrack),Bollywood,1.29,6.99,1980-01-01 12:00:00+00:00,309080
1338718018,Gun Guna Rahe Hai Bhanvare,Asha Bhosle & Mohd. Rafi,Aradhana (Original Motion Picture Soundtrack),Bollywood,1.29,9.03,1969-12-01 12:00:00+00:00,233300
1377313379,"Baharo Phool Barsao (From ""Suraj"")",Mohd. Rafi,Memoirically - Mohammed Rafi,Bollywood,1.29,15.99,1960-12-31 12:00:00+00:00,267933
1338700569,Tumse O Haseena,Suman Kalyanpur & Mohd. Rafi,Farz (Original Motion Picture Soundtrack),Bollywood,1.29,7.74,1967-01-01 12:00:00+00:00,355307
1346367299,Kitna Pyara Wada Hai,Lata Mangeshkar & Mohd. Rafi,Caravan (Original Motion Picture Soundtrack),Bollywood,1.29,9.99,1971-01-01 12:00:00+00:00,313933
1443557460,John Jani Janardhan,Mohd. Rafi,Naseeb (Original Soundtrack),Bollywood,1.29,5.99,1981-01-01 12:00:00+00:00,346893
1340740907,Pukarta Chala Hoon Main,Mohd. Rafi,Mere Sanam (Original Motion Picture Soundtrack),Bollywood,1.29,9.99,1965-01-01 12:00:00+00:00,231773
1344203038,Hum Aap Ki Ankhon Mein,Geeta Dutt & Mohd. Rafi,Pyaasa (Original Motion Picture Soundtrack),Bollywood,1.29,9.99,1957-02-19 12:00:00+00:00,233117
1377312967,"Chaudhvin Ka Chand Ho (From ""Chaudhvin Ka Chand"")",Mohd. Rafi,Memoirically - Mohammed Rafi,Bollywood,1.29,15.99,1947-12-31 12:00:00+00:00,223507
1564549918,Jaan Pehechaan Ho,Mohd. Rafi,Ghost World (Original Motion Picture Soundtrack),Soundtrack,1.29,9.99,2005-06-20 12:00:00+00:00,326293
1338713224,Ehsan Tera Hoga Mujh Par (Male Vocals),Mohd. Rafi,Junglee (Original Motion Picture Soundtrack),Bollywood,1.29,9.99,1961-10-31 08:00:00+00:00,206893
1344202860,Deewana Mujhsa Nahin,Mohd. Rafi,Teesri Manzil (Original Motion Picture Soundtrack),Bollywood,1.29,9.99,1966-10-21 12:00:00+00:00,202893
1338732691,Jane Kahan Mera Jigar Gaya Ji,Geeta Dutt & Mohd. Rafi,Mr. And Mrs. 55 (Original Motion Picture Soundtrack),Bollywood,1.29,9.99,1955-01-01 08:00:00+00:00,218373
1680671567,KHOYA KHOYA CHAND KHULA AASMAN,Mohd. Rafi,Rafi Saab - Bouncers,Indian Pop,1.29,9.99,1959-12-31 12:00:00+00:00,280080
1337257306,Isharon Isharon Men Dil Lenewale,Asha Bhosle & Mohd. Rafi,Kashmir Ki Kali (Original Motion Picture Soundtrack),Bollywood,1.29,9.99,1964-12-30 12:00:00+00:00,290400
1529553460,Mehbooba,"Neha Kakkar, Yasser Desai, Raftaar & Mohd. Rafi",Fukrey Returns (Original Motion Picture Soundtrack),Bollywood,1.29,9.99,2017-11-15 12:00:00+00:00,179278
1344202850,Tumne Mujhe Dekha Hokar Meherban,Mohd. Rafi,Teesri Manzil (Original Motion Picture Soundtrack),Bollywood,1.29,9.99,1966-12-31 12:00:00+00:00,244947
1337286913,Dafli Wale Dafli Baja,Lata Mangeshkar & Mohd. Rafi,Sargam (Original Motion Picture Soundtrack),Bollywood,1.29,9.99,1979-12-31 12:00:00+00:00,315987
1338699518,Din Dhal Jaye Haye,Mohd. Rafi,Guide (Original Motion Picture Soundtrack),Bollywood,1.29,9.99,1965-02-01 08:00:00+00:00,293133
1377312965,"Kya Hua Tera Vada (From ""Hum Kisise Kum Naheen"")",Sushma Shreshtha & Mohd. Rafi,Memoirically - Mohammed Rafi,Bollywood,1.29,15.99,1977-08-25 12:00:00+00:00,257985
1377313017,"Khoya Khoya Chand Khula Aasman (From ""Kala Bazar"")",Mohd. Rafi,Screen Megastar Dev Anand,Bollywood,1.29,15.99,1959-12-31 12:00:00+00:00,280080
1344221766,"Jo Wada Kiya Woh Nibhana Padega, Pt. 1",Mohd. Rafi & Lata Mangeshkar,Taj Mahal (Original Motion Picture Soundtrack),Bollywood,1.29,9.99,1963-01-01 12:00:00+00:00,192773
1346985531,Leke Pahla Pahla Pyar,"Shamshad Begum, Asha Bhosle & Mohd. Rafi",C.I.D. (Original Motion Picture Soundtrack),Bollywood,1.29,7.74,1956-12-30 08:00:00+00:00,405600
1463620994,Taarif Karoon,Mohd. Rafi & Sanam,Taarif Karoon - Single,Indian Pop,1.29,1.29,2019-05-16 12:00:00+00:00,157761
1377312943,"Chand Mera Dil Chandni Ho Tum, Pt. 2 (From ""Hum Kisise Kum Naheen"")",Mohd. Rafi,Memoirically - Mohammed Rafi,Bollywood,1.29,15.99,1977-08-25 12:00:00+00:00,177560
1377313702,"Ehsan Tera Hoga Mujh Par (From ""Junglee"") [Male Vocals]",Mohd. Rafi,Memoirically - Mohammed Rafi,Bollywood,1.29,15.99,1961-10-31 12:00:00+00:00,206893
1442492005,Yunhi Tum Mujhse,Lata Mangeshkar & Mohd. Rafi,Sachaa Jhutha (Original Soundtrack) - EP,Bollywood,1.29,5.99,1970-01-01 12:00:00+00:00,257387
1377312957,"Khoya Khoya Chand Khula Aasman (From ""Kala Bazar"")",Mohd. Rafi,Memoirically - Mohammed Rafi,Bollywood,1.29,15.99,1959-12-31 12:00:00+00:00,280080
1377312913,"Likhe Jo Khat Tujhe (From ""Kanyadaan"")",Mohd. Rafi,Memoirically - Mohammed Rafi,Bollywood,1.29,15.99,1965-12-31 12:00:00+00:00,273533
1377314474,"Aajkal Tere Mere Pyar Ke Charche (From ""Brahmachari"")",Suman Kalyanpur & Mohd. Rafi,Memoirically - Mohammed Rafi,Bollywood,1.29,15.99,1967-12-01 12:00:00+00:00,309493
1366582033,Chalo Dildar Chalo,Mohd. Rafi & Lata Mangeshkar,Pakeezah (Original Motion Picture Soundtrack),Bollywood,1.29,9.99,1972-01-01 12:00:00+00:00,217130
1337277362,Tere Ghar Ke Samne,Lata Mangeshkar & Mohd. Rafi,Tere Ghar Ke Samne (Original Motion Picture Soundtrack),Bollywood,1.29,9.03,1963-01-01 08:00:00+00:00,210053
1337334640,"Yaadon Ki Baaraat, Pt. 1",Kishore Kumar & Mohd. Rafi,Yaadon Ki Baaraat (Original Motion Picture Soundtrack),Bollywood,1.29,9.99,1973-11-02 08:00:00+00:00,203867
1355010929,"Tum Jo Mil Gaye Ho (From ""Hanste Zakhm"")",Lata Mangeshkar & Mohd. Rafi,Lag Ja Gale - Best of Lata Mangeshkar and Madan Mohan,Bollywood,1.29,9.99,1972-12-01 12:00:00+00:00,489091
1281352014,Chahoonga Main Tujhe,Mohd. Rafi,Dosti (Original Motion Picture Soundtrack),Bollywood,1.29,9.03,1964-12-31 12:00:00+00:00,294493
1443104901,Puchho Na Yaar Kya Hua,"Asha Bhosle, Mohd. Rafi, Rishi Kapoor & Padmini Kolhapure",Zamaane Ko Dikhana Hai (Original Soundtrack),Soundtrack,1.29,9.99,1981-01-01 12:00:00+00:00,368640
1355015840,"Wada Kar Le Sajna (From ""Haath Ki Safai"")",Lata Mangeshkar & Mohd. Rafi,Diamonds Forever - Lata Mangeshkar,Bollywood,1.29,9.99,1974-01-01 12:00:00+00:00,287505
1344202851,Aaja Aaja Main Hoon Pyar Tera,Asha Bhosle & Mohd. Rafi,Teesri Manzil (Original Motion Picture Soundtrack),Bollywood,1.29,9.99,1966-12-31 12:00:00+00:00,401160
1391654173,Badan Pe Sitare Lapete Huye,Mohd. Rafi,Prince (Original Motion Picture Soundtrack),Bollywood,1.29,7.74,1957-12-31 12:00:00+00:00,288160
1443762802,Mujhe Chu Rahi Hain Teri Garam Sansen (Swayamvar Soundtrack Version),Mohd. Rafi & Lata Mangeshkar,"Radio City Present's Kal Bhi Aaj Bhi, Vol. 1",Soundtrack,1.29,8.99,2006-01-01 12:00:00+00:00,254320
1337280075,Teri Bindiya Re (with Dialogues),"Amitabh Bachchan, Lata Mangeshkar & Mohd. Rafi",Abhimaan (Original Motion Picture Soundtrack),Bollywood,1.29,9.99,1973-12-01 08:00:00+00:00,217200
1443336193,Janam Janam Ka Saath Hai (Duet Version),Lata Mangeshkar & Mohd. Rafi,Bheegi Palken (Original Soundtrack),Soundtrack,1.29,5.99,1982-01-01 12:00:00+00:00,242560
1338707231,"Chand Mera Dil Chandni Ho Tum, Pt. 1",Mohd. Rafi,Hum Kisise Kum Naheen (Original Motion Picture Soundtrack),Bollywood,,9.99,1977-08-25 07:00:00+00:00,629261
1377313371,"Pukarta Chala Hoon Main (From ""Mere Sanam"")",Mohd. Rafi,Memoirically - Mohammed Rafi,Bollywood,1.29,15.99,1965-01-01 12:00:00+00:00,231773
1328956667,Na Ja Kahin Ab Na Ja,Mohd. Rafi,Mere Hamdam Mere Dost (Original Motion Picture Soundtrack),Bollywood,1.29,9.03,1968-12-01 12:00:00+00:00,387027
1344203142,Sar Jo Tera Chakraye,Mohd. Rafi,Pyaasa (Original Motion Picture Soundtrack),Bollywood,1.29,9.99,1957-02-19 12:00:00+00:00,260307
1377314478,"Taarif Karoon Kya Uski (From ""Brahmachari"")",Mohd. Rafi,Memoirically - Mohammed Rafi,Bollywood,1.29,15.99,1957-12-31 12:00:00+00:00,326667
1377314044,Aaj Mausam Bada Beimaan Hai,Mohd. Rafi,Memoirically - Mohammed Rafi,Bollywood,1.29,15.99,1973-01-01 12:00:00+00:00,374256
1281286413,Na Na Karte Pyar Tumhin Se,Suman Kalyanpur & Mohd. Rafi,Jab Jab Phool Khile (Original Motion Picture Soundtrack),Bollywood,1.29,9.99,1965-10-22 07:00:00+00:00,200040
1355014855,"Teri Bindiya Re (From ""Abhimaan"")",Lata Mangeshkar & Mohd. Rafi,Diamonds Forever - Lata Mangeshkar,Bollywood,1.29,9.99,1973-12-01 12:00:00+00:00,272373
1327741634,Yeh Mera Prem Patra,Mohd. Rafi,Sangam (Original Motion Picture Soundtrack),Bollywood,1.29,9.99,1952-12-31 12:00:00+00:00,265147
1713905471,Likhe Jo Khat Tujhe,Mohd. Rafi,Kapoor Factory … Shashi Kapoor,Indian Pop,1.29,9.99,1965-12-31 12:00:00+00:00,273533
1328727166,Baar Baar Dekho Hazar Baar Dekho,Mohd. Rafi,China Town (Original Motion Picture Soundtrack),Bollywood,1.29,9.99,1957-12-31 12:00:00+00:00,291307
1337287241,Hum Bekhudi Mein Tum Ko Pukare,Mohd. Rafi,Kala Pani (Original Motion Picture Soundtrack),Bollywood,1.29,9.03,1958-01-01 08:00:00+00:00,205253
1377316271,"Kaun Hai Jo Sapnon Mein Aaya (From ""Jhuk Gaya Aasman"")",Mohd. Rafi,Memoirically - Mohammed Rafi,Bollywood,1.29,15.99,1968-01-01 12:00:00+00:00,333720
1711076735,Khoya Khoya Chand Khula Aasman,Mohd. Rafi,Dev - 100 Not Out - Romance,Indian Pop,1.29,9.99,1959-12-31 12:00:00+00:00,280080
1377313719,"Yeh Reshmi Zulfen (From ""Do Raaste"")",Mohd. Rafi,Memoirically - Mohammed Rafi,Bollywood,1.29,15.99,1960-12-31 12:00:00+00:00,320080
1355014816,"Badan Pe Sitare Lapete Huye (From ""Prince"")",Mohd. Rafi,Zigzag Shammi Kapoor,Bollywood,1.29,9.99,1957-12-31 12:00:00+00:00,288160
1338700567,Baar Baar Din Ye Aaye,Mohd. Rafi,Farz (Original Motion Picture Soundtrack),Bollywood,1.29,7.74,1967-01-01 12:00:00+00:00,427595
1281286287,Chup Gaye Sare Nazare,Lata Mangeshkar & Mohd. Rafi,Do Raaste (Original Motion Picture Soundtrack),Bollywood,1.29,9.99,1969-12-30 12:00:00+00:00,329275
1377314483,"Badan Pe Sitare Lapete Huye (From ""Prince"")",Mohd. Rafi,Memoirically - Mohammed Rafi,Bollywood,1.29,15.99,1957-12-31 12:00:00+00:00,288160
1377310101,"Chura Liya Hai Tumne Jo Dil Ko (From ""Yaadon Ki Baaraat"")",Asha Bhosle & Mohd. Rafi,Singing Icon - Asha Bhosle,Bollywood,1.29,15.99,1973-01-01 12:00:00+00:00,287840
1377313365,"Dil Ka Bhanwar Kare Pukar (From ""Tere Ghar Ke Samne"")",Mohd. Rafi,Memoirically - Mohammed Rafi,Bollywood,1.29,15.99,1963-01-01 12:00:00+00:00,199120
1656788362,Aajkal Tere Mere Pyar Ke Charche,Suman Kalyanpur & Mohd. Rafi,Suman Kalyanpur Hits,Indian Pop,1.29,9.99,1967-12-01 12:00:00+00:00,309493
1368220159,Jhilmil Sitaron Ka Angan Hoga (Duet),Lata Mangeshkar & Mohd. Rafi,Jeevan Mrityu (Original Motion Picture Soundtrack),Bollywood,1.29,3.87,1970-12-01 12:00:00+00:00,328693
1377313368,"Dard-E-Dil Dard-E-Jigar (From ""Karz"")",Mohd. Rafi,Memoirically - Mohammed Rafi,Bollywood,1.29,15.99,1980-12-01 12:00:00+00:00,417240
1442239092,Taiyabali Pyar Ka Dushman,Mohd. Rafi,Amar Akbar Anthony (Original Motion Picture Soundtrack),Bollywood,1.29,6.99,1977-01-07 12:00:00+00:00,280987
1340799830,Kahin Door Jab Din Dhal Jaye,Mukesh,Anand (Original Motion Picture Soundtrack),Bollywood,1.29,9.99,1971-03-12 08:00:00+00:00,337387
1337261256,Kabhi Kabhi Mere Dil Mein,Mukesh,Kabhi Kabhie (Original Motion Picture Soundtrack) [Dialogues Version],Bollywood,1.29,9.99,1976-12-30 12:00:00+00:00,285022
1371496539,Kya Khoob Lagti Ho,Mukesh & Kanchan,Dharmatma (Original Motion Picture Soundtrack),Bollywood,1.29,9.99,1975-04-30 12:00:00+00:00,239133
1338711462,"Ek Din Bik Jayega Mati Ke Mol, Pt. 2",Mukesh,Dharam Karam (Original Motion Picture Soundtrack),Bollywood,1.29,9.99,1975-12-01 12:00:00+00:00,338453
1344811829,Kisi Ki Muskurahaton Se,Mukesh,Anari (Original Motion Picture Soundtrack),Bollywood,1.29,9.99,1946-12-31 12:00:00+00:00,269333
1328242636,Yeh Mera Diwanapan Hai,Mukesh,Yahudi (Original Motion Picture Soundtrack),Bollywood,1.29,9.99,1946-12-31 12:00:00+00:00,226680
1337291337,Jo Tumko Hopasand Wohi Baat Karenge,Mukesh,Safar (Original Motion Picture Soundtrack),Bollywood,1.29,6.45,1970-12-01 12:00:00+00:00,281773
1327741633,Dost Dost Na Raha Pyar Pyar Na Raha,Mukesh,Sangam (Original Motion Picture Soundtrack),Bollywood,1.29,9.99,1953-12-01 12:00:00+00:00,346280
1368273143,Mera Joota Hai Japani,Mukesh,Shree 420 (Original Motion Picture Soundtrack),Bollywood,1.29,9.99,1955-09-16 12:00:00+00:00,268533
1338730088,Chandan Sa Badan Chanchal Chitwan,Mukesh,Saraswatichandra (Original Motion Picture Soundtrack),Bollywood,1.29,9.99,1967-12-01 12:00:00+00:00,240333
1340757706,Suhana Safar Aur Yeh Mausam,Mukesh,Madhumati (Original Motion Picture Soundtrack),Bollywood,1.29,9.99,1958-03-14 12:00:00+00:00,229507
1340757121,Dil Tadap Tadap Ke Kah Raha,Mukesh & Lata Mangeshkar,Madhumati (Original Motion Picture Soundtrack),Bollywood,1.29,9.99,1949-12-31 12:00:00+00:00,207293
1874862736,Mannenna Vepenna,"Santhosh Dhayanidhi, Comedy Bazaar Maran, Dolak Jagan, Mukesh & Chennai Boys Choir",Mass Hits From Tamil Movies,Soundtrack,0.99,23.76,2026-02-04 08:00:00+00:00,219125
1344827350,Jeena Yahan Marna Yahan,Mukesh,Mera Naam Joker (Original Motion Picture Soundtrack),Bollywood,1.29,9.99,1970-12-01 12:00:00+00:00,268899
1337261452,Main Pal Do Pal Ka Shair Hoon,Mukesh,Kabhi Kabhie (Original Motion Picture Soundtrack) [Dialogues Version],Bollywood,1.29,9.99,1976-12-30 12:00:00+00:00,204040
1337261473,Main Har Ek Pal Ka Shair Hoon,Mukesh,Kabhi Kabhie (Original Motion Picture Soundtrack) [Dialogues Version],Bollywood,1.29,9.99,1976-12-30 12:00:00+00:00,183142
1344827622,Jane Kahan Gaye Woh Din,Mukesh,Mera Naam Joker (Original Motion Picture Soundtrack),Bollywood,1.29,9.99,1970-12-01 12:00:00+00:00,266043
1334807736,Koi Jab Tumhara Hriday Tod De,Mukesh,Purab Aur Pachhim (Original Motion Picture Soundtrack),Bollywood,1.29,9.03,1970-01-01 12:00:00+00:00,213000
1340799836,Maine Tere Liye,Mukesh,Anand (Original Motion Picture Soundtrack),Bollywood,1.29,9.99,1971-03-12 08:00:00+00:00,186493
1347319290,Jis Gali Mein Tera Ghar,Mukesh,Kati Patang (Original Motion Picture Soundtrack),Bollywood,1.29,9.99,1971-01-29 08:00:00+00:00,241933
1180500190,Hookah Bar,"Himesh Reshammiya, Vineet Singh & Aaman Trikha",Khiladi 786 (Original Motion Picture Soundtrack),Bollywood,1.29,7.99,2012-10-29 12:00:00+00:00,254351
1368236689,Chand Si Mehbooba Ho Meri,Mukesh,Himalay Ki God Mein (Original Motion Picture Soundtrack),Bollywood,1.29,9.03,1965-01-01 12:00:00+00:00,237427
1478087525,Psycho Saiyaan,"Sachet Tandon, Dhvani Bhanushali & Tanishk Bagchi",Saaho (Original Motion Picture Soundtrack),Bollywood,0.99,3.96,2019-07-08 12:00:00+00:00,166461
1071067968,Prem Ratan Dhan Payo,Palak Muchhal,Prem Ratan Dhan Payo (Original Motion Picture Soundtrack),Bollywood,1.29,7.99,2015-10-09 07:00:00+00:00,319343
925894264,Dandiya India,Mukesh & Suchitra,Oosaravelli (Original Motion Picture Soundtrack),Telugu,1.29,6.99,2011-09-16 12:00:00+00:00,281666
1337261231,Kabhi Kabhi Mere Dil Mein (Duet),Mukesh & Lata Mangeshkar,Kabhi Kabhie (Original Motion Picture Soundtrack) [Dialogues Version],Bollywood,1.29,9.99,1976-12-30 12:00:00+00:00,298580
1726345634,Joota Japani,"KR$NA, Mukesh, Shankar - Jaikishan & Shailendra",Joota Japani - Single,Indian Pop,1.29,1.29,2024-01-17 12:00:00+00:00,155077
1338701466,Sawan Ka Mahina,Lata Mangeshkar & Mukesh,Milan (Original Motion Picture Soundtrack),Bollywood,1.29,9.99,1967-01-01 08:00:00+00:00,328800
1773293708,Mere Mehboob,"Sachin-Jigar, Shilpa Rao, Sachet Tandon & Priya Saraiya",Vicky Vidya Ka Woh Wala Video (Original Motion Picture Soundtrack),Bollywood,1.29,10.99,2024-09-24 12:00:00+00:00,216054
1249655165,Tasakku Tasakku,"Mukesh, M. L. R. Karthikeyan & Guna",Vikram Vedha (Original Motion Picture Soundtrack),Tamil,1.29,7.99,2017-06-05 12:00:00+00:00,240140
1478088593,Psycho Saiyaan,"Anirudh Ravichander, Dhvani Bhanushali & Tanishk Bagchi",Saaho (Original Motion Picture Soundtrack),Telugu,1.29,4.99,2019-07-08 12:00:00+00:00,166294
1478088866,Baby Won't You Tell Me,"Shweta Mohan, Siddharth Mahadevan & Shankar Mahadevan",Saaho (Original Motion Picture Soundtrack),Telugu,1.29,4.99,2019-08-26 12:00:00+00:00,262780
473662330,Where Is the Party,Mukesh & Priyadharshini,Silambattam (Original Motion Picture Soundtrack),Tamil,1.29,3.99,2008-01-01 12:00:00+00:00,318507
1478087529,Enni Soni,Guru Randhawa & Tulsi Kumar,Saaho (Original Motion Picture Soundtrack),Bollywood,0.99,3.96,2019-08-02 12:00:00+00:00,258927
1368259212,Kai Baar Yun Bhi Dekha Hai,Mukesh,Rajnigandha (Original Motion Picture Soundtrack),Bollywood,1.29,2.58,1973-12-01 12:00:00+00:00,202467
1244624240,"Tasakku Tasakku (From ""Vikram Vedha"")","Sam C.S., Mukesh, M. L. R. Karthikeyan & Guna","Tasakku Tasakku (From ""Vikram Vedha"") - Single",Tamil,1.29,1.29,2017-06-05 07:00:00+00:00,240140
1478088594,"Ye Chota Nuvvunna (feat. Tulsi Kumar, Haricharan Seshadri)",Guru Randhawa,Saaho (Original Motion Picture Soundtrack),Telugu,1.29,4.99,2019-08-02 12:00:00+00:00,194552
1071067971,Jalte Diye,"Anweshaa, Vineet Singh, Harshdeep Kaur & Shabab Sabri",Prem Ratan Dhan Payo (Original Motion Picture Soundtrack),Bollywood,1.29,7.99,2015-10-10 07:00:00+00:00,336529
402013792,Thee Illai,"Naresh Iyer, Mukesh, Gopal Rao, Harris Jayaraj & Mahathi",Engeyum Kadhal (Original Motion Picture Soundtrack),Tamil,1.29,6.99,2010-11-08 12:00:00+00:00,328133
1071067978,Aaj Unse Milna Hai,Shaan,Prem Ratan Dhan Payo (Original Motion Picture Soundtrack),Bollywood,1.29,7.99,2015-10-10 07:00:00+00:00,243749
1340737622,Awara Hoon,Mukesh,Awara (Original Motion Picture Soundtrack),Bollywood,1.29,9.99,1948-12-31 12:00:00+00:00,183211
1328980385,"Main Na Bhoolunga, Pt. 1",Lata Mangeshkar & Mukesh,Roti Kapada Aur Makaan (Original Motion Picture Soundtrack),Bollywood,1.29,7.74,1974-10-18 12:00:00+00:00,339213
1705221146,Chand Si Mehbooba Ho Meri,Mukesh,Chanda Re - Over the Moon,Indian Pop,1.29,9.99,1965-01-01 12:00:00+00:00,237427
1344812179,Dil Ki Nazar Se,Lata Mangeshkar & Mukesh,Anari (Original Motion Picture Soundtrack),Bollywood,1.29,9.99,1949-01-01 12:00:00+00:00,280267
1773293714,Na Na Na Na Na Re,"Daler Mehndi, Gurdeep Mehndi, Anand-Milind & Sameer",Vicky Vidya Ka Woh Wala Video (Original Motion Picture Soundtrack),Bollywood,1.29,10.99,2024-10-10 12:00:00+00:00,250079
1110848836,Tere Bin,Sonu Nigam & Shreya Ghoshal,Wazir (Original Motion Picture Soundtrack),Bollywood,0.99,4.99,2015-12-04 08:00:00+00:00,244152
1328970050,Aa Ja Re Ab Mera Dil Pukare,Mukesh & Lata Mangeshkar,Aah (Original Motion Picture Soundtrack),Bollywood,1.29,9.99,1948-12-31 12:00:00+00:00,196920
1328969168,Dum Dum Diga Diga,Mukesh,Chhalia (Original Motion Picture Soundtrack),Bollywood,1.29,9.99,1960-12-01 08:00:00+00:00,201147
1291391398,"Maine Tujhko Dekha (from ""Golmaal Again!!!"") [Single]",Amaal Mallik,"Maine Tujhko Dekha (from ""Golmaal Again!!!"") [Single]",Bollywood,1.29,1.29,2017-09-29 12:00:00+00:00,207394
1180500185,Balma,Shriram & Shreya Ghoshal,Khiladi 786 (Original Motion Picture Soundtrack),Bollywood,1.29,7.99,2012-10-30 12:00:00+00:00,227578
1337261415,Main Pal Do Pal Ka Shair Hoon (with Dialogues),Amitabh Bachchan & Mukesh,Kabhi Kabhie (Original Motion Picture Soundtrack) [Dialogues Version],Bollywood,1.29,9.99,1976-12-30 12:00:00+00:00,247120
1337261257,Kabhi Kabhi Mere Dil Mein (with Dialogues),Amitabh Bachchan & Mukesh,Kabhi Kabhie (Original Motion Picture Soundtrack) [Dialogues Version],Bollywood,1.29,9.99,1976-12-30 12:00:00+00:00,329787
1117379338,So Gaya Yeh Jahan,"Nitin Mukesh, Alka Yagnik & Shabbir Kumar",Tezaab (Original Motion Picture Soundtrack),Bollywood,1.29,5.99,1988-11-02 08:00:00+00:00,364067
507133289,Azhage Azhage,"Mukesh, Sri Madhumitha, Udhayanidhi Stalin, Santhanam & Hansikha Motwani",Oru Kal Oru Kannadi (Soundtrack from the Motion Picture),Tamil,1.29,3.99,2012-03-05 12:00:00+00:00,355147
1338730513,Phool Tumhe Bheja Hai Khat Mein,Lata Mangeshkar & Mukesh,Saraswatichandra (Original Motion Picture Soundtrack),Bollywood,1.29,9.99,1967-12-01 12:00:00+00:00,286067
1368244073,Oh Re Taal Mile Nadi Ke Jal Mein,Mukesh,Anokhi Raat (Original Motion Picture Soundtrack),Bollywood,1.29,7.74,1968-12-01 12:00:00+00:00,199400
1327741639,Har Dil Jo Pyar Karega,"Lata Mangeshkar, Mukesh & Mahendra Kapoor",Sangam (Original Motion Picture Soundtrack),Bollywood,1.29,9.99,1953-12-01 12:00:00+00:00,285499
1328499775,Sundar Kand,"Mukesh, Vani Jayaram, Krishna Kalle, Pushpa Pagdhare, Pradeep Chatterjee, Surinder Kaur & Ambar Kumar","Tulsi Ramayan, Vol. 4",Devotional & Spiritual,,9.99,1998-11-28 12:00:00+00:00,2750600
1180500188,Long Drive,Mika Singh,Khiladi 786 (Original Motion Picture Soundtrack),Bollywood,1.29,7.99,2012-10-29 12:00:00+00:00,268443
1274614046,Ek Pyar Ka Naghma Hai (Sad),Lata Mangeshkar & Mukesh,Shor (Original Motion Picture Soundtrack),Bollywood,1.29,9.99,1972-01-01 08:00:00+00:00,235868
1478087531,Baby Won't You Tell Me,"Alyssa Mendonsa, Ravi Mishra & Shankar Mahadevan",Saaho (Original Motion Picture Soundtrack),Bollywood,0.99,3.96,2019-08-26 12:00:00+00:00,262824
1368273774,Ichak Dana Beechak Dana,Lata Mangeshkar & Mukesh,Shree 420 (Original Motion Picture Soundtrack),Bollywood,1.29,9.99,1955-09-16 12:00:00+00:00,273213
1116432388,Yun Hi Re,Anirudh & Swetha Mohan,David (Original Motion Picture Soundtrack),Bollywood,1.29,7.99,2013-01-10 08:00:00+00:00,284044
1328980542,"Main Na Bhoolunga, Pt. 2",Lata Mangeshkar & Mukesh,Roti Kapada Aur Makaan (Original Motion Picture Soundtrack),Bollywood,1.29,7.74,1974-10-18 12:00:00+00:00,438880
1367386729,Kisi Raah Men Kisi Mod Par,Lata Mangeshkar & Mukesh,Mere Humsafar (Original Motion Picture Soundtrack),Bollywood,1.29,7.74,1970-01-01 08:00:00+00:00,344760
1428548280,High Rated Gabru,Guru Randhawa,Nawabzaade,Bollywood,1.29,4.99,2018-06-28 12:00:00+00:00,179099
1327741638,O Mere Sanam,Lata Mangeshkar & Mukesh,Sangam (Original Motion Picture Soundtrack),Bollywood,1.29,9.99,1949-12-31 12:00:00+00:00,268533
1338714374,Duniya Bananewale,Mukesh,Teesri Kasam (Original Motion Picture Soundtrack),Bollywood,1.29,9.99,1966-12-01 12:00:00+00:00,337137
1368273043,Lalla Lalla Lori Doodh Ki Katori (Male Vocals),Mukesh,Mukti (Original Motion Picture Soundtrack),Bollywood,1.29,9.99,1959-12-01 12:00:00+00:00,200987
1117306458,Dil Ye Bekarar Kyun Hai,Mohit Chauhan & Shreya Ghoshal,Players (Original Motion Picture Soundtrack),Bollywood,0.99,7.99,2011-11-29 12:00:00+00:00,276178
1375029750,"Aaja Re Aab Mera Dil Pukara (From ""Aah"")",Lata Mangeshkar & Mukesh,"Lata a Tribute to Mukesh, Vol. 2",Bollywood,1.29,9.99,1981-12-01 12:00:00+00:00,222000
997922811,"Kisi ki muskurahaton pe (From ""Anari'')",Mukesh,"Classic Hindi Soundtracks : Amar (1954), Amar Deep (1958), Anari (1959), Volume 6",Bollywood,0.99,9.99,1949-01-01 12:00:00+00:00,265356
1071067688,Prem Leela,Aaman Trikha & Vineet Singh,Prem Ratan Dhan Payo (Original Motion Picture Soundtrack),Bollywood,1.29,7.99,2015-10-10 07:00:00+00:00,221673
1367219877,Laut Ke Aaja Mere Meet (Male Vocals),Mukesh,Rani Rupmati (Original Motion Picture Soundtrack),Bollywood,1.29,9.99,1957-01-01 08:00:00+00:00,194606
1327741179,O Mehbooba,Mukesh,Sangam (Original Motion Picture Soundtrack),Bollywood,1.29,9.99,1953-12-01 12:00:00+00:00,304293
1071067981,Jab Tum Chaho,"Mohammed Irfan, Darshan Rawal & Palak Muchhal",Prem Ratan Dhan Payo (Original Motion Picture Soundtrack),Bollywood,1.29,7.99,2015-10-10 07:00:00+00:00,307749
1338706686,Mehboob Mere Mehboob Mere,Lata Mangeshkar & Mukesh,Patthar Ke Sanam (Original Motion Picture Soundtrack),Bollywood,1.29,7.74,1967-01-01 12:00:00+00:00,288102
1071067994,Aaj Unse Kehna Hai,"Aishwarya Majmudar, Palak Muchhal & Shaan",Prem Ratan Dhan Payo (Original Motion Picture Soundtrack),Bollywood,1.29,7.99,2015-10-10 07:00:00+00:00,128031
1338714371,Sajan Re Jhoot Mat Bolo,Mukesh,Teesri Kasam (Original Motion Picture Soundtrack),Bollywood,1.29,9.99,1966-12-01 12:00:00+00:00,223387
1368272257,Suhani Chandni Raaten,Mukesh,Mukti (Original Motion Picture Soundtrack),Bollywood,1.29,9.99,1959-12-01 12:00:00+00:00,272467
1131079140,Move Your Body,"Shankar Mahadevan, Ehsaan Noorani, Loy Mendonsa & Hard Kaur",Johnny Gaddaar (Original Motion Picture Soundtrack),Bollywood,0.99,7.99,2005-03-02 12:00:00+00:00,210880
1327921251,Yeh Din Kya Aaye,Mukesh,Chhoti Si Baat (Original Motion Picture Soundtrack),Bollywood,1.29,3.87,1972-12-31 12:00:00+00:00,185867
1113012058,Khali Salam Dua,Mohit Chauhan,Shortcut Romeo (Original Motion Picture Soundtrack),Bollywood,1.29,5.99,2013-05-29 12:00:00+00:00,309747
435146240,Kacheri Kacheri,Mukesh & Madhushree,Kacheri Aarambam (Original Motion Picture Soundtrack),Tamil,0.99,5.94,2010-01-05 12:00:00+00:00,280333
1641386970,Ullasa Gaayike,"Vidhu Prathap, Shaan Rahman & Remya Nambeesan",Adi Kapyare Koottamani (Original Motion Picture Soundtrack) - Single,Malayalam,0.99,2.97,2015-07-01 12:00:00+00:00,225375
1328234638,Zuban Pe Dard Bhari Dastan,Mukesh,Maryada (Original Motion Picture Soundtrack),Bollywood,1.29,9.99,1971-01-01 12:00:00+00:00,250903
1180500184,Lonely,"Himesh Reshammiya, Yo Yo Honey Singh & Hamsika Iyer",Khiladi 786 (Original Motion Picture Soundtrack),Bollywood,1.29,7.99,2012-10-29 12:00:00+00:00,248868
1390563729,My Name Is Lakhan,"Mohammed Aziz, Anuradha Paudwal & Nitin Mukesh",Ram Lakhan (Original Motion Picture Soundtrack),Bollywood,1.29,9.99,1988-12-01 12:00:00+00:00,429333
1344812368,Sab Kuchh Seekha Ham Ne,Mukesh,Anari (Original Motion Picture Soundtrack),Bollywood,1.29,9.99,1958-02-03 12:00:00+00:00,218760
1641386968,Ente Mavum Poothe,"Vineeth Sreenivasan, Arun Alat, Shaan Rahman & Rzee",Adi Kapyare Koottamani (Original Motion Picture Soundtrack) - Single,Malayalam,0.99,2.97,2015-07-01 12:00:00+00:00,233525
1328969490,Jane Na Nazar Pehchane Jigar,Lata Mangeshkar & Mukesh,Aah (Original Motion Picture Soundtrack),Bollywood,1.29,9.99,1953-12-01 12:00:00+00:00,212821
1874862980,Bejara,"A.R. Rahman, Haricharan Seshadri & Bamba Bakya",Mass Hits From Tamil Movies,Soundtrack,0.99,23.76,2026-02-04 08:00:00+00:00,219589
1874863140,"Endhira Logathu Sundariye (From ""2. 0"")","A.R. Rahman, Sid Sriram & Shashaa Tirupati",Southern Valentine Vibes,Soundtrack,0.99,24.75,2026-02-05 08:00:00+00:00,329504
1445277970,Jai Ho! (You Are My Destiny) [feat. Nicole Scherzinger],A.R. Rahman & The Pussycat Dolls,Jai Ho! (You Are My Destiny) [feat. Nicole Scherzinger] - Single,Pop,1.29,1.29,2009-02-23 12:00:00+00:00,222400
1116181297,Maahi Ve,A.R. Rahman,Highway (Original Motion Picture Soundtrack),Bollywood,0.99,7.99,2014-01-18 08:00:00+00:00,240785
1537961312,Jashn-E-Bahaaraa,A.R. Rahman & Javed Ali,Jodhaa Akbar (Original Motion Picture Soundtrack),Bollywood,1.29,7.99,2001-09-20 12:00:00+00:00,315173
656015921,Raanjhanaa,"A.R. Rahman, Jaswinder Singh & Shiraz Uppal",Raanjhanaa (Original Motion Picture Soundtrack),Bollywood,1.29,7.99,2013-05-31 07:00:00+00:00,254101
1522841930,Dil Bechara,A.R. Rahman,Dil Bechara (Original Motion Picture Soundtrack),Bollywood,1.29,9.99,2020-07-10 12:00:00+00:00,163426
1443787004,Jai Ho! (You Are My Destiny) [feat. Nicole Scherzinger],A.R. Rahman & The Pussycat Dolls,Doll Domination - The Mini Collection - EP,Pop,1.29,5.99,2009-02-23 12:00:00+00:00,222413
1123241928,Nadaan Parinde,A.R. Rahman & Mohit Chauhan,Rockstar (Original Motion Picture Soundtrack),Bollywood,1.29,7.99,2011-09-30 07:00:00+00:00,384000
316981880,Rang De Basanti,"A.R. Rahman, Daler Mehndi & K.S. Chithra",Rang De Basanti (Original Motion Picture Soundtrack),Bollywood,1.29,9.99,2005-12-08 08:00:00+00:00,363800
305751202,Radha Kaise Na Jale,"A.R. Rahman, Asha Bhosle, Udit Narayan & Vaishali Samant",Lagaan (Original Motion Picture Soundtrack),Bollywood,1.29,7.99,2001-04-06 12:00:00+00:00,334707
1130322222,Dil Se Re,"A.R. Rahman, Anuradha & Anupama",Dil Se (Original Motion Picture Soundtrack),Bollywood,1.29,6.99,1998-07-08 07:00:00+00:00,405707
1536519640,Ishq Bina,"Anuradha Sriram, Sujatha, A.R. Rahman & Sonu Nigam",Taal (Original Motion Picture Soundtrack),Bollywood,1.29,10.99,1999-06-12 12:00:00+00:00,465133
316981894,Roobaroo,A.R. Rahman & Naresh Iyer,Rang De Basanti (Original Motion Picture Soundtrack),Bollywood,1.29,9.99,2005-12-08 08:00:00+00:00,282973
1443885535,"Jai Ho (feat. Sukhwinder Singh, Tanvi Shah & Mahalakshmi Iyer)",A.R. Rahman,Slumdog Millionaire (Music From the Motion Picture),Soundtrack,,9.99,2008-11-24 12:00:00+00:00,319347
930722937,New York Nagarama,A.R. Rahman,Nuvvu Nenu Prema (Original Motion Picture Soundtrack),Telugu,1.29,6.99,2001-01-01 12:00:00+00:00,377854
1131692270,Rehna Tu,A.R. Rahman,Delhi-6 (Original Motion Picture Soundtrack),Bollywood,1.29,7.99,2009-01-14 08:00:00+00:00,409275
656016091,Tum Tak,"A.R. Rahman, Javed Ali, Kirti Sagathia & Pooja AV",Raanjhanaa (Original Motion Picture Soundtrack),Bollywood,1.29,7.99,2013-05-31 07:00:00+00:00,304459
1120951324,Yeh Jo Des Hai Tera,A.R. Rahman,Swades (Original Motion Picture Soundtrack),Bollywood,0.99,7.99,2004-09-24 07:00:00+00:00,388107
1522842100,Khulke Jeene Ka,"A.R. Rahman, Arijit Singh & Shashaa Tirupati",Dil Bechara (Original Motion Picture Soundtrack),Bollywood,1.29,9.99,2020-07-10 12:00:00+00:00,246742
305751200,Mitwa,"A.R. Rahman, Alka Yagnik, Srinivas, Sukhwinder Singh & Udit Narayan",Lagaan (Original Motion Picture Soundtrack),Bollywood,1.29,7.99,2001-03-29 12:00:00+00:00,407800
1159724682,Tu Hai,A.R. Rahman & Sanah Moidutty,Mohenjo Daro (Original Motion Picture Soundtrack),Bollywood,1.29,7.99,2016-07-06 12:00:00+00:00,238688
316981879,Ik Onkar,A.R. Rahman & Harshdeep Kaur,Rang De Basanti (Original Motion Picture Soundtrack),Bollywood,1.29,9.99,2005-12-08 08:00:00+00:00,88373
305751199,Ghanan Ghanan,"A.R. Rahman, Alka Yagnik, Sehar, Shaan, Shankar Mahadevan, Sukhwinder Singh & Udit Narayan",Lagaan (Original Motion Picture Soundtrack),Bollywood,1.29,7.99,2001-03-29 12:00:00+00:00,371400
305751207,O Rey Chhori,"A.R. Rahman, Alka Yagnik, Udit Narayan & Vasundhara Das",Lagaan (Original Motion Picture Soundtrack),Bollywood,1.29,7.99,2001-03-29 12:00:00+00:00,359053
264849994,Ey Hairathe,"A.R. Rahman, Hariharan, Alka Yagnik & Mohammed Aslam",Guru (Original Motion Picture Soundtrack),Bollywood,1.29,5.99,2006-11-16 08:00:00+00:00,369120
1537961313,Khwaja Mere Khwaja,A.R. Rahman,Jodhaa Akbar (Original Motion Picture Soundtrack),Bollywood,1.29,7.99,2001-09-20 12:00:00+00:00,416573
302388554,Mehndi Hai Rachnewali,A.R. Rahman & Alka Yagnik,Zubeidaa (Original Motion Picture Soundtrack),Bollywood,1.29,6.99,2001-01-01 12:00:00+00:00,266220
316981885,Khalbali,"A.R. Rahman, Nacim & Mohammed Aslam",Rang De Basanti (Original Motion Picture Soundtrack),Bollywood,1.29,9.99,2005-12-08 08:00:00+00:00,379227
1273602654,Maacho,"A.R. Rahman, Sid Sriram & Shweta Mohan",Mersal (Original Motion Picture Soundtrack),Tamil,1.29,3.99,2017-01-01 12:00:00+00:00,275956
1859559211,Urvashi Urvashi,"A.R. Rahman, Noel James & Shanker Mahadevan",Hum Se Hai Muqabala - Kadalan (Original Motion Picture Soundtrack),Bollywood,1.29,8.99,1995-03-01 12:00:00+00:00,196115
1189133563,Ok Jaanu Title Track,A.R. Rahman & Srinidhi Venkatesh,OK Jaanu (Original Motion Picture Soundtrack),Bollywood,1.29,6.99,2016-12-12 08:00:00+00:00,206250
352317853,Manasaa,"A.R. Rahman, Chinmayi Sripada & Devan Ekambaram",Yemaaya Chesave (Original Motion Picture Soundtrack),Telugu,1.29,5.99,2010-01-29 08:00:00+00:00,251520
316981883,Tu Bin Bataye,"A.R. Rahman, Madhushree & Naresh Iyer",Rang De Basanti (Original Motion Picture Soundtrack),Bollywood,1.29,9.99,2005-12-08 08:00:00+00:00,357627
316981881,Masti Ki Paathshala,"A.R. Rahman, Naresh Iyer & Mohammed Aslam",Rang De Basanti (Original Motion Picture Soundtrack),Bollywood,1.29,9.99,2005-12-08 08:00:00+00:00,219853
1187580209,"Enna Sona (From ""OK Jaanu"")",A.R. Rahman & Arijit Singh,"Enna Sona (From ""OK Jaanu"") - Single",Bollywood,,,2016-12-22 12:00:00+00:00,213632
305751208,Chale Chalo,A.R. Rahman & Srinivas,Lagaan (Original Motion Picture Soundtrack),Bollywood,1.29,7.99,2001-03-29 12:00:00+00:00,400440
349285476,Hosanna,"A.R. Rahman, Vijay Prakash, Blaaze & Suzanne D'Mello",Vinnaithaandi Varuvaayaa (Original Motion Picture Soundtrack),Tamil,1.29,5.99,2010-01-08 08:00:00+00:00,330547
1437604280,Mazhai Kuruvi,A.R. Rahman,Chekka Chivantha Vaanam (Original Motion Picture Soundtrack),Tamil,1.29,5.99,2018-09-05 12:00:00+00:00,348207
1273602659,Neethanae,A.R. Rahman & Shreya Ghoshal,Mersal (Original Motion Picture Soundtrack),Tamil,1.29,3.99,2017-08-17 12:00:00+00:00,269338
264849964,Mayya,"A.R. Rahman, Maryem Tollar, Chinmayi Sripada & Kirti Sagathia",Guru (Original Motion Picture Soundtrack),Bollywood,1.29,5.99,2006-11-16 08:00:00+00:00,362027
980176946,Kaara Aattakkaara,"A.R. Rahman, Aaryan Dinesh Kanagaratnam, Darshana KT & Shashaa Tirupati",O Kadhal Kanmani (Original Motion Picture Soundtrack),Tamil,1.29,7.99,2015-04-04 07:00:00+00:00,336810
1215596355,Nallai Allai,"A.R. Rahman, Sathya Prakash & Chinmayi Sripada",Kaatru Veliyidai (Original Motion Picture Soundtrack),Tamil,1.29,4.99,2017-03-20 12:00:00+00:00,239198
953411600,Nuvvunte Naa Jathagaa,"A.R. Rahman, Sid Sriram & Isshrathquadhre",I - Manoharudu (Original Motion Picture Soundtrack),Telugu,1.29,5.99,2014-12-30 12:00:00+00:00,350613
274118911,Maa Tujhe Salaam (Live),A.R. Rahman,Vande Mataram,Indian,1.29,5.99,1997-08-12 07:00:00+00:00,374667
917639895,Mersalaayitten,"A.R. Rahman, Anirudh Ravichander & Neeti Mohan",I (Original Motion Picture Soundtrack),Tamil,1.29,5.99,2014-09-15 07:00:00+00:00,304000
352317852,Kundanapu Bomma,"A.R. Rahman, Benny Dayal & Kalyani Menon",Yemaaya Chesave (Original Motion Picture Soundtrack),Telugu,1.29,5.99,2010-01-29 08:00:00+00:00,332852
349285477,Kannukkul Kannai,A.R. Rahman & Naresh Iyer,Vinnaithaandi Varuvaayaa (Original Motion Picture Soundtrack),Tamil,1.29,5.99,2010-01-08 08:00:00+00:00,232830
492685712,Hosanna,"Leon D'souza, Suzanne D'Mello & A.R. Rahman",Ekk Deewana Tha (Original Motion Picture Soundtrack),Bollywood,1.29,9.99,2011-12-21 08:00:00+00:00,331400
1480710137,Singappenney,A.R. Rahman & Shashaa Tirupati,Bigil (Original Motion Picture Soundtrack),Tamil,1.29,3.99,2019-07-24 12:00:00+00:00,364110
688833949,Zariya,"A.R. Rahman, Farah Siraj & Ani Choying Drolma",Coke Studio India Season 3: Episode 1,Indian Pop,,4.99,2013-08-01 12:00:00+00:00,432893
1852500177,Tere Ishk Mein,"A.R. Rahman, Arijit Singh & Irshad Kamil",Tere Ishk Mein (Original Motion Picture Soundtrack),Bollywood,1.29,9.99,2025-10-18 12:00:00+00:00,350069
1126829389,Fanaa,"A.R. Rahman, Sunitha & Tanvi",Yuva (Original Motion Picture Soundtrack),Bollywood,1.29,6.99,2004-03-18 08:00:00+00:00,281493
1734620258,"Ponni Nadhi (From ""Ponniyin Selvan Part - 1"")","A.R. Rahman, Ilango Krishnan, A. R. Reihana & Bamba Bakya",Ponniyin Selvan Part - 1 (Original Motion Picture Soundtrack) - EP,Soundtrack,0.99,4.99,2022-07-31 12:00:00+00:00,290526
302388547,Dheeme Dheeme,A.R. Rahman & Kavita Krishnamurthy,Zubeidaa (Original Motion Picture Soundtrack),Bollywood,1.29,6.99,2000-09-01 12:00:00+00:00,343210
656015922,Banarasiya,A.R. Rahman & Shreya Ghoshal,Raanjhanaa (Original Motion Picture Soundtrack),Bollywood,1.29,7.99,2013-05-31 07:00:00+00:00,289339
980179182,Mental Madhilo,"A.R. Rahman, K. Krishna Chaitanya & Jonita Gandhi",OK Bangaram (Original Motion Picture Soundtrack),Telugu,1.29,7.99,2015-04-04 07:00:00+00:00,205770
349285478,Mannipaaya,A.R. Rahman & Shreya Ghoshal,Vinnaithaandi Varuvaayaa (Original Motion Picture Soundtrack),Tamil,1.29,5.99,2010-01-08 08:00:00+00:00,416320
1522842103,Main Tumhara,"A.R. Rahman, Jonita Gandhi & Hriday Gattani",Dil Bechara (Original Motion Picture Soundtrack),Bollywood,1.29,9.99,2020-07-10 12:00:00+00:00,258726
1705941278,"Vennilave (From ""Minsara Kanavu"")","A.R. Rahman, Hariharan & Sadhana Sargam",Minsara Kanavu (Original Motion Picture Soundtrack),Soundtrack,0.99,4.99,1996-12-25 12:00:00+00:00,351720
1443884665,O... Saya (feat. A. R. Rahman),M.I.A.,Slumdog Millionaire (Music From the Motion Picture),Soundtrack,,9.99,2008-11-24 12:00:00+00:00,213827
1215599323,Hamsaro,"A.R. Rahman, Arjun Chandy, Haricharan & Jonita Gandhi",Cheliyaa (Original Motion Picture Soundtrack),Telugu,1.29,4.99,2017-02-02 12:00:00+00:00,224979
917639897,Ennodu Nee Irundhaal,"A.R. Rahman, Sid Sriram & Sunitha Sarathy",I (Original Motion Picture Soundtrack),Tamil,1.29,5.99,2014-09-15 07:00:00+00:00,352711
1677929709,Nee Singam Dhan,A.R. Rahman & Sid Sriram,Pathu Thala (Original Motion Picture Soundtrack),Tamil,1.29,3.99,2023-03-18 12:00:00+00:00,247795
1387112732,Mustafa Mustafa,A.R. Rahman,Prema Desam (Original Motion Picture Soundtrack),Telugu,1.29,4.99,1996-01-01 08:00:00+00:00,365192
1123149652,"Vellipomaakey (From ""Sahasam Swasaga Sagipo"")",A.R. Rahman & Sid Sriram,"Vellipomaakey (From ""Sahasam Swasaga Sagipo"") - Single",Telugu,1.29,1.29,2016-06-18 12:00:00+00:00,261369
352317864,Aakaasam,A.R. Rahman & Naresh Iyer,Yemaaya Chesave (Original Motion Picture Soundtrack),Telugu,1.29,5.99,2010-01-29 08:00:00+00:00,232053
714526049,Sajna,A.R. Rahman,Couples Retreat (Original Motion Picture Soundtrack),Soundtrack,1.29,12.99,2009-01-01 12:00:00+00:00,219612
980176949,Aye Sinamika,A.R. Rahman & Karthik,O Kadhal Kanmani (Original Motion Picture Soundtrack),Tamil,1.29,7.99,2015-04-04 07:00:00+00:00,390805
656016011,Nazar Laaye,"A.R. Rahman, Rashid Ali & Neeti Mohan",Raanjhanaa (Original Motion Picture Soundtrack),Bollywood,1.29,7.99,2013-05-31 07:00:00+00:00,235970
1687694723,Rasaali,"A.R. Rahman, Sathya Prakash & Shashaa Tirupati",Achcham Yenbadhu Madamaiyada (Original Motion Picture Soundtrack) - EP,Tamil,1.29,5.99,2016-05-27 12:00:00+00:00,338400
933551409,Columbus,A.R. Rahman,Jeans (Original Motion Picture Soundtrack),Telugu,1.29,5.99,1999-10-30 12:00:00+00:00,295184
1537961314,Inn Lamhon Ke Daaman Mein,"A.R. Rahman, Sonu Nigam & Madhushree",Jodhaa Akbar (Original Motion Picture Soundtrack),Bollywood,1.29,7.99,2001-09-20 12:00:00+00:00,397827
1537961310,Azeem-O-Shaan Shahenshah,"A.R. Rahman, Mohammed Aslam & Bonnie Chakravarty",Jodhaa Akbar (Original Motion Picture Soundtrack),Bollywood,1.29,7.99,2001-09-20 12:00:00+00:00,354520
1121136900,Tu Bole... Main Boloon,A.R. Rahman,Jaane Tu... Ya Jaane Na (Original Motion Picture Soundtrack),Bollywood,0.99,5.99,2008-05-20 07:00:00+00:00,273694
586976577,Netru Illatha Maatram,Sujatha & A.R. Rahman,Pudhiya Mugam (Original Motion Picture Soundtrack),Tamil,1.29,,2013-09-30 12:00:00+00:00,309107
1116181313,Patakha Guddi (Male Version),A.R. Rahman,Highway (Original Motion Picture Soundtrack),Bollywood,0.99,7.99,2014-01-24 08:00:00+00:00,357798
274119091,Only You,A.R. Rahman,Vande Mataram,Indian,1.29,5.99,1997-08-12 07:00:00+00:00,330467
1734626031,Veera Raja Veera,"A.R. Rahman, Ilango Krishnan, Shankar Mahadevan, K.S. Chithra & Harini",Ponniyin Selvan Part - 2 (Original Motion Picture Soundtrack),Soundtrack,0.99,5.99,2023-03-29 12:00:00+00:00,320807
1844751065,Kufar,"Diljit Dosanjh, Mixsingh & Raj Ranjodh",AURA,Indian Pop,1.29,9.99,2025-10-15 12:00:00+00:00,158000
1796419829,Water,Diljit Dosanjh,Water - Single,Worldwide,0.99,0.99,2025-02-14 12:00:00+00:00,196800
1844751080,God Bless,"Diljit Dosanjh, Sunny Malton, Offgrid & Ranbir Singh",AURA,Indian Pop,1.29,9.99,2025-10-15 12:00:00+00:00,185000
1844751070,Charmer,"Diljit Dosanjh, Avvy Sra & Raj Ranjodh",AURA,Indian Pop,1.29,9.99,2025-10-15 12:00:00+00:00,175200
1714132057,Case,Diljit Dosanjh,Ghost,Punjabi Pop,0.99,9.99,2023-09-29 12:00:00+00:00,135500
1858961227,Ez-Ez,"Shashwat Sachdev, Diljit Dosanjh, Hanumankind & Raj Ranjodh",Dhurandhar (Original Motion Picture Soundtrack),Bollywood,1.29,9.99,2025-12-01 12:00:00+00:00,182916
1529521094,Sauda Khara Khara,"Diljit Dosanjh, Sukhbir, Dhvani Bhanushali, DJ Chetas & Lijo George",Sauda Khara Khara - Single,Bollywood,1.29,1.29,2019-12-03 12:00:00+00:00,211034
1418045860,5 Taara,Diljit Dosanjh,5 Taara - Single,Indian Pop,1.29,1.29,2015-01-12 12:00:00+00:00,178469
1419844226,Raat Di Gedi,Diljit Dosanjh,Raat Di Gedi - Single,Indian Pop,1.29,1.29,2017-12-23 12:00:00+00:00,198783
1212020456,Din Shagna Da,Jasleen Royal,Phillauri (Original Motion Picture Soundtrack),Bollywood,0.99,6.99,2017-03-06 12:00:00+00:00,215305
1633626645,Peaches,Diljit Dosanjh,Drive Thru - EP,Punjabi Pop,0.99,4.95,2022-07-15 12:00:00+00:00,189176
1714131825,Jatt Vailly,Diljit Dosanjh,Ghost,Punjabi Pop,0.99,9.99,2023-09-29 12:00:00+00:00,151990
1785025537,Don,Diljit Dosanjh,Don - Single,Worldwide,0.99,0.99,2024-12-13 12:00:00+00:00,202467
1858961218,Teri Ni Kararan,"Shashwat Sachdev, Diljit Dosanjh & Lal Chand Yamla Jatt",Dhurandhar (Original Motion Picture Soundtrack),Bollywood,1.29,9.99,2025-12-05 12:00:00+00:00,238043
1418045325,Laembadgini,Diljit Dosanjh,Laembadgini - Single,Indian Pop,1.29,1.29,2016-12-20 12:00:00+00:00,186358
1703891601,Palpita,Camilo & Diljit Dosanjh,Palpita - Single,Indian Pop,1.29,1.29,2023-08-31 12:00:00+00:00,151667
1581006641,Luna,Diljit Dosanjh,MoonChild Era,Indian Pop,1.29,11.61,2021-08-22 12:00:00+00:00,186000
1529552942,Dil Na Jaaneya (feat. Lauv & Akasa),Rochak Kohli,Good Newwz (Original Motion Picture Soundtrack),Bollywood,0.99,9.72,2019-12-23 12:00:00+00:00,231136
1728637227,Magic  Coke Studio Bharat (feat. thiarajxtt),Diljit Dosanjh,Magic  Coke Studio Bharat (feat. thiarajxtt) - Single,Pop,1.29,1.29,2024-02-08 12:00:00+00:00,234499
1724181551,Love Ya,Diljit Dosanjh,Love Ya - Single,Indian Pop,1.29,1.29,2024-01-06 12:00:00+00:00,161880
1574573467,Umbrella,Diljit Dosanjh & Intense,Umbrella - Single,Punjabi,0.99,0.99,2021-07-02 12:00:00+00:00,193398
1348729619,Big Scene,Diljit Dosanjh,Con.Fi.Den.Tial,Indian Pop,0.99,7.99,2018-02-28 12:00:00+00:00,207300
1633627211,Vanilla,Diljit Dosanjh,Drive Thru - EP,Punjabi Pop,0.99,4.95,2022-07-15 12:00:00+00:00,171628
1445926786,Thug Life,Diljit Dosanjh,Roar,Punjabi Pop,1.29,12.9,2018-12-18 12:00:00+00:00,150924
1406340645,Ishq Di Baajiyaan,Shankar Ehsaan Loy & Diljit Dosanjh,Soorma (Original Motion Picture Soundtrack),Bollywood,1.29,3.99,2018-06-18 12:00:00+00:00,287134
1523521161,Peed,Diljit Dosanjh,G.O.A.T.,Indian Pop,0.99,14.99,2017-09-06 12:00:00+00:00,264129
1581006919,Void,Diljit Dosanjh,MoonChild Era,Indian Pop,1.29,11.61,2021-08-22 12:00:00+00:00,212727
1754386756,Muhammad Ali,Diljit Dosanjh & NLE Choppa,Muhammad Ali - Single,Hip-Hop/Rap,1.29,1.29,2024-07-26 12:00:00+00:00,138919
1292111737,El Sueño (feat. Tru-Skool),Diljit Dosanjh,El Sueño (feat. Tru-Skool) - Single,Worldwide,1.29,1.29,2017-09-06 12:00:00+00:00,234436
1581006927,Hoops,Diljit Dosanjh,MoonChild Era,Indian Pop,1.29,11.61,2021-08-22 12:00:00+00:00,190005
1774175537,"Bhool Bhulaiyaa 3 - Title Track [From ""Bhool Bhulaiyaa 3""]","Pitbull, Diljit Dosanjh, Tanishk Bagchi, Pritam, Neeraj Shridhar, Dhrruv Yogi & Sameer","Bhool Bhulaiyaa 3 - Title Track [From ""Bhool Bhulaiyaa 3""] - Single",Bollywood,1.29,1.29,2024-10-16 12:00:00+00:00,230080
1844751062,Senorita,"Diljit Dosanjh, Mixsingh & Raj Ranjodh",AURA,Indian Pop,1.29,9.99,2025-10-15 12:00:00+00:00,178500
573670651,Kharku,Diljit Dosanjh & Tru-Skool,Back to Basics,Worldwide,0.99,7.99,2009-05-05 12:00:00+00:00,217640
1523521154,Navi Navi Yaari,Diljit Dosanjh,G.O.A.T.,Indian Pop,0.99,14.99,2020-07-30 12:00:00+00:00,215724
1575121193,Born to Shine,Diljit Dosanjh,Route 66,Punjabi Pop,0.99,7.92,2020-07-30 12:00:00+00:00,213333
1581006658,Cali,Diljit Dosanjh,MoonChild Era,Indian Pop,1.29,11.61,2021-08-22 12:00:00+00:00,158514
1523521369,Akh Laal Jatt Di,Diljit Dosanjh,G.O.A.T.,Indian Pop,0.99,14.99,2020-07-30 12:00:00+00:00,240000
1348729618,Future,Diljit Dosanjh,Con.Fi.Den.Tial,Indian Pop,0.99,7.99,2018-02-28 12:00:00+00:00,173639
1650453540,Balle Jatta,Diljit Dosanjh,Balle Jatta - Single,Worldwide,0.99,0.99,2022-10-21 12:00:00+00:00,212462
1529447366,Ud - Daa Punjab,Vishal Dadlani & Amit Trivedi,Udta Punjab (Original Motion Picture Soundtrack),Bollywood,1.29,9.99,2016-05-18 12:00:00+00:00,274701
1445926784,Gulabi Pagg,Diljit Dosanjh,Roar,Punjabi Pop,1.29,12.9,2018-12-18 12:00:00+00:00,170882
1736828836,"Choli Ke Peeche (From ""Crew"")","Diljit Dosanjh, Alka Yagnik & Ila Arun","Choli Ke Peeche (From ""Crew"") - Single",Soundtrack,1.29,1.29,2024-03-20 12:00:00+00:00,173400
1523521172,Track Suit (feat. Nimrat Khaira),Diljit Dosanjh,G.O.A.T.,Indian Pop,0.99,14.99,2020-07-30 12:00:00+00:00,198261
1442067473,Aar Nanak Paar Nanak,Diljit Dosanjh,Aar Nanak Paar Nanak - Single,Devotional & Spiritual,1.29,1.29,2018-11-19 12:00:00+00:00,278786
1706453773,Case,Diljit Dosanjh,Ghost,Worldwide,0.99,9.99,2023-09-29 12:00:00+00:00,135500
1212020454,Sahiba,"Romy, Pawni Pandey & Shashwat Sachdev",Phillauri (Original Motion Picture Soundtrack),Bollywood,0.99,6.99,2017-02-24 12:00:00+00:00,329375
1523521364,Jatti,Diljit Dosanjh,G.O.A.T.,Indian Pop,0.99,14.99,2020-07-30 12:00:00+00:00,179286
1529552939,Sauda Khara Khara,"Diljit Dosanjh, Sukhbir, Dhvani Bhanushali, DJ Chetas & Lijo George",Good Newwz (Original Motion Picture Soundtrack),Bollywood,1.29,9.72,2019-12-03 12:00:00+00:00,211034
1523521358,Faraar,Diljit Dosanjh,G.O.A.T.,Indian Pop,0.99,14.99,2017-09-06 12:00:00+00:00,193846
1633627194,Caviar,Diljit Dosanjh,Drive Thru - EP,Punjabi Pop,0.99,4.95,2022-07-15 12:00:00+00:00,143000
1665617511,"Munda Sona Hoon Main (From ""Shehzada"")","Pritam, Diljit Dosanjh, Nikhita Gandhi & Kumaar","Munda Sona Hoon Main (From ""Shehzada"") - Single",Bollywood,1.29,1.29,2023-01-16 12:00:00+00:00,229948
1411250172,Patiala Peg,Diljit Dosanjh,Diljit Dosanjh – Top Hits - EP,Punjabi Pop,1.29,6.45,2014-11-16 12:00:00+00:00,188314
1706453471,Lalkara (feat. Sultaan),Diljit Dosanjh,Ghost,Worldwide,0.99,9.99,2023-09-29 12:00:00+00:00,160500
1348729624,Weekend,Diljit Dosanjh,Con.Fi.Den.Tial,Indian Pop,0.99,7.99,2018-02-28 12:00:00+00:00,161206
1815683522,VIP,Diljit Dosanjh & Raj Ranjodh,VIP - Single,Worldwide,0.69,0.69,2022-03-13 12:00:00+00:00,165116
1460718844,Kylie & Kareena,Diljit Dosanjh,Kylie & Kareena - Single,Punjabi Pop,0.99,0.99,2017-09-06 12:00:00+00:00,167027
1671294687,Lemonade,Diljit Dosanjh,Drive Thru - EP,Punjabi Pop,0.99,4.95,2022-07-15 12:00:00+00:00,166667
1473694997,Sachiya Mohabbatan,Sachet Tandon,Arjun Patiala (Original Motion Picture Soundtrack),Bollywood,1.29,4.99,2019-07-11 12:00:00+00:00,211008
1601671681,Unforgettable,Diljit Dosanjh & Intense,Unforgettable - Single,Punjabi,0.99,0.99,2021-12-24 12:00:00+00:00,212348
1523521603,Whiskey,Diljit Dosanjh,G.O.A.T.,Indian Pop,0.99,14.99,2020-07-30 12:00:00+00:00,205333
1706453472,Jatt Vailly,Diljit Dosanjh,Ghost,Worldwide,0.99,9.99,2023-09-29 12:00:00+00:00,151990
1696617453,Mitran Da Junction,Diljit Dosanjh,Sardaarji 2 (Original Motion Picture Soundtrack) - EP,Regional Indian,1.29,7.74,2016-05-24 12:00:00+00:00,183026
1348729620,Drive,Diljit Dosanjh,Con.Fi.Den.Tial,Indian Pop,0.99,7.99,2018-02-28 12:00:00+00:00,230236
1477315776,Muchh,Diljit Dosanjh,Muchh - Single,Punjabi Pop,1.29,1.29,2019-08-22 12:00:00+00:00,205301
1348729622,Offline,Diljit Dosanjh,Con.Fi.Den.Tial,Indian Pop,0.99,7.99,2018-02-28 12:00:00+00:00,197521
1796224690,Veervaar,"Diljit Dosanjh, Jatinder Shah & Ranbir Singh",Sardaarji (Original Motion Picture Soundtrack),Punjabi,1.29,7.74,2015-06-04 12:00:00+00:00,142262
1523521167,Taare,Diljit Dosanjh,G.O.A.T.,Indian Pop,0.99,14.99,2017-09-06 12:00:00+00:00,203077
1775419634,Bhool Bhulaiyaa 3 - Title Track,"Pitbull, Diljit Dosanjh, Tanishk Bagchi, Pritam, Neeraj Shridhar, Dhrruv Yogi & Sameer",Bhool Bhulaiyaa 3 (Original Motion Picture Soundtrack) - EP,Bollywood,1.29,4.99,2024-10-16 12:00:00+00:00,230080
1738426197,Sona Kitna Sona Hai,"IP Singh, Nupoor Khedkar & Akshay & IP",Crew (Original Motion Picture Soundtrack),Soundtrack,1.29,9.99,2024-03-28 12:00:00+00:00,204516
1529447370,Ikk Kudi - Reprised Version,Diljit Dosanjh,Udta Punjab (Original Motion Picture Soundtrack),Bollywood,1.29,9.99,2016-05-18 12:00:00+00:00,247290
1781597083,"Nain Matakka (From ""Baby John"")","Thaman S., Diljit Dosanjh, Dhee & Irshad Kamil","Nain Matakka (From ""Baby John"") - Single",Bollywood,1.29,1.29,2024-11-25 12:00:00+00:00,222738
1637470670,Jugni,Diljit Dosanjh & Diamond Platnumz,Jugni - Single,Bongo-Flava,,,2022-01-28 12:00:00+00:00,193190
1714131805,Daytona,Diljit Dosanjh,Ghost,Punjabi Pop,0.99,9.99,2023-09-29 12:00:00+00:00,180856
1633627202,Red Chilli,Diljit Dosanjh,Drive Thru - EP,Punjabi Pop,0.99,4.95,2022-07-15 12:00:00+00:00,152500
1581006929,Da Crew,Diljit Dosanjh,MoonChild Era,Indian Pop,1.29,11.61,2021-08-22 12:00:00+00:00,181378
1844751067,You & Me,"Diljit Dosanjh, Mixsingh & Raj Ranjodh",AURA,Indian Pop,1.29,9.99,2025-10-15 12:00:00+00:00,179469
1792974826,Heer,Diljit Dosanjh,Advisory - EP,Worldwide,0.99,5.94,2025-02-06 12:00:00+00:00,164133
1671294685,Peaches,Diljit Dosanjh,Drive Thru - EP,Punjabi Pop,0.99,4.95,2022-07-15 12:00:00+00:00,189176
1696617458,Pappleen,Diljit Dosanjh,Sardaarji 2 (Original Motion Picture Soundtrack) - EP,Regional Indian,1.29,7.74,2016-05-24 12:00:00+00:00,160136
1856884833,Barota,Sidhu Moose Wala & The Kidd,Barota - Single,New Age,0.99,0.99,2025-11-28 12:00:00+00:00,243200
1536291486,Bad,Sidhu Moose Wala,Bad - Single,Indian Pop,1.29,1.29,2020-10-22 12:00:00+00:00,185806
1826786484,0 To 100,Sidhu Moose Wala,No Name - EP,New Age,0.99,4.95,2022-04-25 12:00:00+00:00,108720
1482388184,B-Town (feat. Sunny Malton),Sidhu Moose Wala,B-Town (feat. Sunny Malton) - Single,Punjabi Pop,1.29,1.29,2019-10-07 12:00:00+00:00,182118
1599389432,Outlaw,Sidhu Moose Wala,Outlaw - Single,Punjabi Pop,1.29,1.29,2019-02-11 12:00:00+00:00,180889
1636448667,Its All about You,Sidhu Moose Wala,Its All about You - Single,Punjabi Pop,1.29,1.29,2018-02-13 08:00:00+00:00,254351
1439435143,Devil,Sidhu Moose Wala,PBX 1,Punjabi Pop,0.99,9.99,2018-10-18 12:00:00+00:00,245524
1826848602,US (feat. Raja Kumari),Sidhu Moose Wala & Raja Kumari,Moosetape,New Age,0.99,8.99,2021-05-17 12:00:00+00:00,230069
1826782870,Sohne Lagde,Sidhu Moose Wala & The PropheC,Sohne Lagde - Single,New Age,0.99,0.99,2019-06-15 12:00:00+00:00,205380
1696262100,Chorni,DIVINE & Sidhu Moose Wala,Chorni - Single,Hip-Hop,0.99,0.99,2023-07-07 12:00:00+00:00,181000
1826848690,Signed to God,Sidhu Moose Wala,Moosetape,New Age,0.99,8.99,2021-05-17 12:00:00+00:00,147742
1826786461,Love Sick,Sidhu Moose Wala,No Name - EP,New Age,0.99,4.95,2022-04-25 12:00:00+00:00,229248
1826848694,Malwa Block,Sidhu Moose Wala & Wazir Patar,Moosetape,New Age,0.99,8.99,2021-05-17 12:00:00+00:00,239294
1421689136,"Dollar (From ""Dakuaan Da Munda"")",Sidhu Moose Wala & Byg Byrd,"Dollar (From ""Dakuaan Da Munda"") - Single",Punjabi,1.29,1.29,2018-08-05 07:00:00+00:00,157517
1439435013,Dawood,Sidhu Moose Wala,PBX 1,Punjabi Pop,0.99,9.99,2018-10-18 12:00:00+00:00,197103
1792088910,Lock,Sidhu Moose Wala & The Kidd,Lock - Single,Hip-Hop/Rap,0.99,0.99,2025-01-23 12:00:00+00:00,175200
1636448745,Just Listen,Sidhu Moose Wala & Sunny Malton,Just Listen - Single,Punjabi Pop,1.29,1.29,2018-01-04 08:00:00+00:00,283867
1826848594,Burberry,Sidhu Moose Wala,Moosetape,New Age,0.99,8.99,2021-05-17 12:00:00+00:00,203444
1658228074,Issa Jatt,Sidhu Moose Wala & Sunny Malton,Issa Jatt - Single,Regional Indian,1.29,1.29,2017-09-26 12:00:00+00:00,244692
1439435012,Death Route,Sidhu Moose Wala,PBX 1,Punjabi Pop,0.99,9.99,2018-10-18 12:00:00+00:00,217521
1826772148,Bambiha Bole (feat. Sidhu Moose Wala),Amrit Maan & Sidhu Moose Wala,Bambiha Bole (feat. Sidhu Moose Wala) - Single,New Age,0.99,0.99,2020-06-11 12:00:00+00:00,301277
1826848697,Celebrity Killer (feat. Tion Wayne),Sidhu Moose Wala & Tion Wayne,Moosetape,New Age,0.99,8.99,2021-05-17 12:00:00+00:00,203333
1826848600,Racks and Rounds (feat. Sikander Kahlon),Sidhu Moose Wala & Sikander Kahlon,Moosetape,New Age,0.99,8.99,2021-05-17 12:00:00+00:00,225000
1826848685,Me and My Girlfriend,Sidhu Moose Wala,Moosetape,New Age,0.99,8.99,2021-05-17 12:00:00+00:00,203544
1826771015,Tibeyan Da Putt,Sidhu Moose Wala,Tibeyan Da Putt - Single,New Age,0.99,0.99,2020-03-18 12:00:00+00:00,308571
1826770457,Old Skool,"Prem Dhillon, Sidhu Moose Wala & Naseeb",Old Skool - Single,New Age,0.99,0.99,2020-01-10 12:00:00+00:00,253000
1636447657,Tochan,Sidhu Moose Wala & Byg Byrd,Tochan - Single,Punjabi Pop,1.29,1.29,2018-05-17 07:00:00+00:00,221609
1664679160,Dark Love,Sidhu Moose Wala,Dark Love - Single,Regional Indian,1.29,1.29,2020-02-28 08:00:00+00:00,305168
1838107708,Bai Bai,Gulab Sidhu & Sidhu Moose Wala,Bai Bai - Single,New Age,0.99,0.99,2020-11-04 12:00:00+00:00,273216
1554438165,Sin,Sidhu Moose Wala,Sin - Single,Indian Pop,1.29,1.29,2021-02-19 12:00:00+00:00,187765
1826848610,Brown Shortie (feat. Sonam Bajwa),Sidhu Moose Wala & Sonam Bajwa,Moosetape,New Age,0.99,8.99,2021-05-17 12:00:00+00:00,208000
1826786467,Everybody Hurts,Sidhu Moose Wala,No Name - EP,New Age,0.99,4.95,2022-04-25 12:00:00+00:00,170976
1826848914,G-Shit (feat. Blockboi Twitch),Sidhu Moose Wala & Blockboi Twitch,Moosetape,New Age,0.99,8.99,2021-05-17 12:00:00+00:00,233571
1826848681,GOAT,Sidhu Moose Wala & Wazir Patar,Moosetape,New Age,0.99,8.99,2021-05-17 12:00:00+00:00,214884
1826785987,Vaar,Sidhu Moose Wala,Vaar - Single,New Age,0.99,0.99,2022-11-08 12:00:00+00:00,137329
1402324249,Famous (feat. Intense),Sidhu Moose Wala,Famous (feat. Intense) - Single,Worldwide,0.99,0.99,2018-06-16 12:00:00+00:00,249783
1257856926,G Wagon (feat. Deep Jandu),Sidhu Moose Wala & Gurlej Akhtar,G Wagon (feat. Deep Jandu) - Single,Punjabi Pop,0.99,0.99,2017-03-30 12:00:00+00:00,213420
1826848605,Moosedrilla (feat. DIVINE),Sidhu Moose Wala & Divine,Moosetape,New Age,0.99,8.99,2021-05-17 12:00:00+00:00,232174
1826848924,Calaboose,Sidhu Moose Wala,Moosetape,New Age,0.99,8.99,2021-05-17 12:00:00+00:00,243227
1826774024,Sanju,Sidhu Moose Wala,Sanju - Single,New Age,0.99,0.99,2020-07-16 12:00:00+00:00,236070
1528313203,My Block,Sidhu Moose Wala,My Block - Single,Punjabi Pop,0.69,0.69,2020-08-20 12:00:00+00:00,221540
1826848698,Invincible (feat. Stefflon Don),Sidhu Moose Wala & Stefflon Don,Moosetape,New Age,0.99,8.99,2021-05-17 12:00:00+00:00,244444
1826778093,Mafia Style,Sidhu Moose Wala,Mafia Style - Single,New Age,0.99,0.99,2019-04-24 12:00:00+00:00,190032
1452977446,Chosen (feat. Sunny Malton),Sidhu Moose Wala,Chosen (feat. Sunny Malton) - Single,Punjabi Pop,1.29,1.29,2019-02-14 12:00:00+00:00,264000
1826848682,Sidhu Son,Sidhu Moose Wala,Moosetape,New Age,0.99,8.99,2021-05-17 12:00:00+00:00,217143
1826785989,SYL,Sidhu Moose Wala,SYL - Single,New Age,0.99,0.99,2022-06-23 07:00:00+00:00,250228
1439435020,I'm Better Now,Sidhu Moose Wala,PBX 1,Punjabi Pop,0.99,9.99,2018-10-18 12:00:00+00:00,265754
1839466118,SCAPEGOAT,Sidhu Moose Wala,SCAPEGOAT - Single,New Age,0.99,0.99,2022-04-11 12:00:00+00:00,237216
1826786703,Bloodlust,Sidhu Moose Wala,No Name - EP,New Age,0.99,4.95,2022-04-25 12:00:00+00:00,159288
1480637663,Jatti Jeone Morh Wargi (feat. Sonam Bajwa),Sidhu Moose Wala,Jatti Jeone Morh Wargi (feat. Sonam Bajwa) - Single,Punjabi Pop,1.29,1.29,2019-09-26 12:00:00+00:00,181333
1826785799,Watch Out,Sidhu Moose Wala & Sikander Kahlon,Watch Out - Single,New Age,0.99,0.99,2023-09-12 12:00:00+00:00,231000
1826784682,Aj Kal Ve,Sidhu Moose Wala,Snitches Get Stitches,New Age,0.99,7.92,2020-09-16 12:00:00+00:00,195057
1826784172,Panjab,Sidhu Moose Wala,Panjab - Single,New Age,0.99,0.99,2020-12-26 12:00:00+00:00,200000
1826848919,Built Different,Sidhu Moose Wala,Moosetape,New Age,0.99,8.99,2021-05-17 12:00:00+00:00,247579
1826771024,Dear Mama,Sidhu Moose Wala,Dear Mama - Single,New Age,0.99,0.99,2020-05-15 12:00:00+00:00,185000
1599391117,Forget About It (feat. Sunny Malton),Sidhu Moose Wala,Forget About It (feat. Sunny Malton) - Single,Punjabi Pop,1.29,1.29,2019-10-23 12:00:00+00:00,222312
1826848691,Regret,Sidhu Moose Wala,Moosetape,New Age,0.99,8.99,2021-05-17 12:00:00+00:00,311429
1826779255,Poison,Sidhu Moose Wala & R Nait,Poison - Single,New Age,0.99,0.99,2019-06-20 12:00:00+00:00,263721
1826849050,Power,Sidhu Moose Wala,Moosetape,New Age,0.99,8.99,2021-05-17 12:00:00+00:00,228000
1826848675,Aroma,Sidhu Moose Wala,Moosetape,New Age,0.99,8.99,2021-05-17 12:00:00+00:00,256910
1715484615,Paapi,Sidhu Moose Wala & Rangrez Sidhu,Paapi - Single,Hip-Hop/Rap,1.29,1.29,2021-10-02 12:00:00+00:00,268966
1498420060,Taare (feat. Sidhu Moosewala),Harlal Batth,Taare (feat. Sidhu Moosewala) - Single,Punjabi Pop,1.29,1.29,2020-02-12 12:00:00+00:00,278646
1287626530,Life Style (feat. Banka),Sidhu Moose Wala,Life Style (feat. Banka) - Single,Indian,0.99,0.99,2017-09-09 12:00:00+00:00,257667
1826784614,Unfuckwithable (Bonus Track from Moosetape),Sidhu Moose Wala & Afsana Khan,Unfuckwithable (Bonus Track from Moosetape) - Single,New Age,0.99,0.99,2021-05-18 12:00:00+00:00,283636
1763280533,Attach,"Sidhu Moose Wala, Steel Banglez & Fredo",Attach - Single,Hip-Hop,0.99,0.99,2024-08-30 12:00:00+00:00,212721
1826774155,Doctor,Sidhu Moose Wala & The Kidd,Doctor - Single,New Age,0.99,0.99,2020-07-30 12:00:00+00:00,229091
1826848696,B & W,Sidhu Moose Wala,Moosetape,New Age,0.99,8.99,2021-05-17 12:00:00+00:00,245455
1583840399,"Jailaan (From ""Moosa Jatt"")",Sidhu Moose Wala & The Kidd,"Jailaan (From ""Moosa Jatt"") - Single",Punjabi,1.29,1.29,2021-09-01 12:00:00+00:00,178605
1426453555,Dollar,Sidhu Moose Wala,Dakuaan Da Munda (Original Motion Picture Soundtrack),Regional Indian,1.29,7.74,2018-08-05 12:00:00+00:00,157517
1838960745,SATISFY,Sidhu Moose Wala & Shooter Kahlon,SATISFY - Single,Punjabi Pop,0.99,0.99,2021-11-18 12:00:00+00:00,280504
1827207515,Levels,Sidhu Moose Wala & Sunny Malton,Levels - Single,New Age,0.99,0.99,2022-05-25 12:00:00+00:00,228706
1477849423,"Dogar (From ""Teri Meri Jodi"")",Snappy & Sidhu Moose Wala,"Dogar (From ""Teri Meri Jodi"") - Single",Punjabi,1.29,1.29,2019-08-23 12:00:00+00:00,230000
1281451591,Mustang (feat. Banka),Sidhu Moose Wala,Mustang (feat. Banka) - Single,Indian,0.99,0.99,2017-09-09 12:00:00+00:00,209960
1643462868,Russian Tank (feat. Sidhu Moose Wala),Khush Romana,Russian Tank (feat. Sidhu Moose Wala) - Single,Punjabi,1.29,1.29,2018-09-29 07:00:00+00:00,233720
1826848586,Moosetape (Intro),Sidhu Moose Wala,Moosetape,New Age,0.99,8.99,2021-05-17 12:00:00+00:00,92000
1826785052,When I Am Gone,Sidhu Moose Wala,Snitches Get Stitches,New Age,0.99,7.92,2020-09-16 12:00:00+00:00,128288
1281459585,Boliyan,Sidhu Moose Wala,Boliyan - Single,Indian,0.99,0.99,2017-09-09 12:00:00+00:00,199173
1826771173,911,Sidhu Moose Wala,911 - Single,New Age,0.99,0.99,2020-04-06 12:00:00+00:00,196873
1826848689,Ultimatum (Intro),Sidhu Moose Wala,Moosetape,New Age,0.99,8.99,2021-05-17 12:00:00+00:00,90353
1439435019,I'm Better Now - Skit,Sidhu Moose Wala,PBX 1,Punjabi Pop,0.99,9.99,2018-10-18 12:00:00+00:00,90024
1826848692,Pind Hood Damn Good (RMG Intro),Sidhu Moose Wala,Moosetape,New Age,0.99,8.99,2021-05-17 12:00:00+00:00,75000
1826848609,Boo Call (Skit),Sidhu Moose Wala,Moosetape,New Age,0.99,8.99,2021-05-17 12:00:00+00:00,43153
1322072583,Lifestyle (feat. Banka),Sidhu Moose Wala,Lifestyle (feat. Banka) - Single,Punjabi Pop,0.99,0.99,2017-09-09 12:00:00+00:00,257619
1439435145,Outro,Sidhu Moose Wala,PBX 1,Punjabi Pop,0.99,9.99,2018-10-18 12:00:00+00:00,31925
1439435142,Devil - Skit,Sidhu Moose Wala,PBX 1,Punjabi Pop,0.99,9.99,2018-10-18 12:00:00+00:00,78838
1439435009,Intro,Sidhu Moose Wala,PBX 1,Punjabi Pop,0.99,9.99,2018-10-18 12:00:00+00:00,30503
1826848683,Chacha Huu (Skit),Sidhu Moose Wala,Moosetape,New Age,0.99,8.99,2021-05-17 12:00:00+00:00,46000
1287392546,G. Wagon,Sidhu Moose Wala & Gurlej Akhtar,G. Wagon - Single,Indian,0.99,0.99,2017-03-30 12:00:00+00:00,213161
1812162567,"Laal Pari (From ""Housefull 5"")","Yo Yo Honey Singh, Simar Kaur & Alfaaz","Laal Pari (From ""Housefull 5"") - Single",Bollywood,1.29,1.29,2025-05-03 12:00:00+00:00,256149
1111592068,Chaar Botal Vodka,Yo Yo Honey Singh,Ragini MMS 2 (Original Motion Picture Soundtrack),Bollywood,0.99,5.94,2014-03-07 08:00:00+00:00,225837
1763807350,Payal,Yo Yo Honey Singh & Paradox,GLORY,Indian Pop,0.99,13.99,2024-08-26 12:00:00+00:00,226752
1841689791,Aadat,Yo Yo Honey Singh & Ap Dhillon,51 GLORIOUS DAYS,Indian Pop,0.99,15.99,2025-09-26 12:00:00+00:00,220192
1536812188,Party On My Mind,"KK, Shefali Alvares, Yo Yo Honey Singh, Pritam & Prashant Ingole",Race 2 (Original Motion Picture Soundtrack),Bollywood,1.29,9.99,2013-01-04 12:00:00+00:00,222133
1115995518,Party All Night,Yo Yo Honey Singh,Boss (Original Motion Picture Soundtrack),Bollywood,0.99,7.99,2013-09-09 12:00:00+00:00,282793
1111763816,Yaar Naa Miley,Yo Yo Honey Singh & Jasmine Sandlas,Kick (Original Motion Picture Soundtrack),Bollywood,1.29,7.99,2014-07-07 12:00:00+00:00,243206
820889708,Mast Kalander,Mika Singh & Yo Yo Honey Singh,Mast Kalander - Single,Indian Pop,1.29,1.29,2014-02-04 12:00:00+00:00,270524
1842077316,Main Sharabi,"Pritam, Imran Aziz Mian, Yo Yo Honey Singh & Irshad Kamil",Cocktail (Original Motion Picture Soundtrack),Bollywood,1.29,9.99,2012-06-15 12:00:00+00:00,265846
1536891982,"Care Ni Karda (From ""Chhalaang"")",Sweetaj Brar & Yo Yo Honey Singh,"Care Ni Karda (From ""Chhalaang"") - Single",Bollywood,1.29,1.29,2020-10-22 12:00:00+00:00,192993
1107002694,High Heels Te Nachche,"Meet Bros, Yo Yo Honey Singh, Jaz Dhami & Aditi Singh Sharma",Ki & Ka (Original Motion Picture Soundtrack),Bollywood,0.99,4.99,2016-02-21 08:00:00+00:00,212116
1437608106,Urvashi,Yo Yo Honey Singh,Urvashi - Single,Indian Pop,0.99,0.99,2018-09-28 07:00:00+00:00,215483
556332307,High Heels (feat. Yo Yo Honey Singh),Jaz Dhami,High Heels (feat. Yo Yo Honey Singh) - Single,Worldwide,0.99,0.99,2012-08-30 12:00:00+00:00,297771
1474046243,Gur Nalo Ishq Mitha - The Yoyo Remake,Yo Yo Honey Singh & Malkit Singh,Gur Nalo Ishq Mitha - The Yoyo Remake - Single,Indian Pop,0.99,0.99,2019-07-24 12:00:00+00:00,211674
1496597060,"Pyaar Tenu Karda Gabru (From ""Shubh Mangal Zyada Saavdhan"")","Romy, Tanishk Bagchi & Yo Yo Honey Singh","Pyaar Tenu Karda Gabru (From ""Shubh Mangal Zyada Saavdhan"") - Single",Bollywood,1.29,1.29,2020-01-27 12:00:00+00:00,165582
1250246341,Lungi Dance,Yo Yo Honey Singh,Gujju Dance,Indian Folk,0.99,15.99,2013-08-06 12:00:00+00:00,275399
1752181992,Accounts,Nijjar & Yo Yo Honey Singh,His Story,Pop,1.29,9.99,2024-06-19 12:00:00+00:00,252602
1529548158,Khadke Glassy,"Yo Yo Honey Singh, Ashok Mastie, Jyotica Tangri, Kumaar, Bonafide & Koncept",Jabariya Jodi (Original Motion Picture Soundtrack),Bollywood,1.29,9.99,2019-07-05 12:00:00+00:00,200711
1110777397,Birthday Bash,Yo Yo Honey Singh & Alfaaz,Dilliwaali Zaalim Girlfriend (Original Motion Picture Soundtrack),Bollywood,0.99,7.99,2015-03-09 07:00:00+00:00,251539
587886498,Ethir Neechal,"Aadhi, Anirudh Ravichander & Yo Yo Honey Singh",Ethir Neechal (Original Motion Picture Soundtrack),Tamil,1.29,4.99,2012-12-15 12:00:00+00:00,270720
1592225926,Jingle Bell (feat. Yo Yo Honey Singh),Hommie Dilliwala,Jingle Bell (feat. Yo Yo Honey Singh) - Single,Worldwide,0.69,0.69,2020-12-25 12:00:00+00:00,196579
1189518727,One Bottle Down,Yo Yo Honey Singh,One Bottle Down - Single,Worldwide,0.99,0.99,2015-03-20 12:00:00+00:00,196557
1116807127,Rani Tu Mein Raja,"Mika Singh, Bhavya Pandit & Yo Yo Honey Singh",Son of Sardaar (Original Motion Picture Soundtrack),Bollywood,0.99,7.99,2012-10-01 07:00:00+00:00,225638
1624680579,Designer (Feat. Divya Khosla Kumar),Guru Randhawa & Yo Yo Honey Singh,Designer (Feat. Divya Khosla Kumar) - Single,Indian Pop,0.99,0.99,2022-05-20 12:00:00+00:00,219095
1189566220,Issey Kehte Hain Hip Hop (feat. Lil Golu),Yo Yo Honey Singh,Issey Kehte Hain Hip Hop (feat. Lil Golu) - Single,Worldwide,0.99,0.99,2014-06-21 12:00:00+00:00,194168
1116109815,ABCD,"Pritam, Benny Dayal, Shefali Alvares & Yo Yo Honey Singh",Yaariyan (Original Motion Picture Soundtrack),Bollywood,0.99,9.99,2013-12-09 08:00:00+00:00,205513
1711154613,"Kalaastar (From ""Honey 3.0"")","Yo Yo Honey Singh, Rony Ajnali & Gill Machhrai","Kalaastar (From ""Honey 3.0"") - Single",Pop,1.29,1.29,2023-10-15 12:00:00+00:00,207789
1071086958,Aankhon Aankhon,Yo Yo Honey Singh,Bhaag Johnny (Original Motion Picture Soundtrack),Bollywood,1.29,5.99,2015-08-20 07:00:00+00:00,244831
1158008562,One Thousand Miles,Yo Yo Honey Singh,Desi Kalakaar,Indian Pop,1.29,5.99,2014-08-26 12:00:00+00:00,283074
1358647055,"Dil Chori (From ""Sonu Ke Titu Ki Sweety"")","Yo Yo Honey Singh, Simar Kaur & Ishers",Yo Yo Honey Singh Is Back,Indian,1.29,15.99,2017-12-26 12:00:00+00:00,226696
1358647127,"Lungi Dance (From ""Lungi Dance"")",Yo Yo Honey Singh,Yo Yo Honey Singh Is Back,Indian,1.29,15.99,2013-08-06 12:00:00+00:00,275399
1540111528,Care Ni Karda,Sweetaj Brar & Yo Yo Honey Singh,Chhalaang (Original Motion Picture Soundtrack),Bollywood,0.99,3.96,2020-10-22 12:00:00+00:00,192993
1536812194,Race 2 (Kiran Kamath Mashup),"KK, Shefali Alvares, Yo Yo Honey Singh, Benny Dayal, Shalmali Kholgade, Vishal Dadlani, Atif Aslam, Anushka Manchanda & Pritam",Race 2 (Original Motion Picture Soundtrack),Bollywood,1.29,9.99,2013-01-04 12:00:00+00:00,247844
1111673461,Dard Dilo Ke,Mohammed Irfan,The Xpose (Original Motion Picture Soundtrack),Bollywood,0.99,7.99,2014-04-21 12:00:00+00:00,304000
1435696374,"Rangtaari (From ""Loveyatri"")","Dev Negi, Yo Yo Honey Singh & Tanishk Bagchi","Rangtaari (From ""Loveyatri"") - Single",Bollywood,1.29,1.29,2018-09-12 07:00:00+00:00,217242
1627294340,De Taali,"Pritam, Yo Yo Honey Singh, Armaan Malik & Shashwat Singh",Bhool Bhulaiyaa 2 (Original Motion Picture Soundtrack),Bollywood,0.99,7.99,2022-05-15 12:00:00+00:00,210164
1501019428,Loca,Yo Yo Honey Singh & Simar Kaur,Loca - Single,Indian Pop,0.99,0.99,2020-03-04 12:00:00+00:00,210489
1527761127,Billo Tu Agg (feat. Yo Yo Honey Singh),Singhsta,Billo Tu Agg (feat. Yo Yo Honey Singh) - Single,Indian Pop,0.99,0.99,2020-08-17 12:00:00+00:00,220543
1741467561,Manali Trance,Yo Yo Honey Singh & Neha Kakkar,The Neha Kakkar Collection,Bollywood,1.29,11.99,2014-10-03 12:00:00+00:00,203207
1648101688,Paris Ka Trip,"Yo Yo Honey Singh, Millind Gaba & Asli Gold",Paris Ka Trip - Single,Indian Pop,0.99,0.99,2022-10-06 07:00:00+00:00,196430
685347521,Punjabiyaan Di Battery,Yo Yo Honey Singh,Mere Dad Ki Maruti (Original Motion Pictures Soundtrack),Bollywood,0.69,3.99,2013-01-14 12:00:00+00:00,198949
1529552080,Glassy,"Yo Yo Honey Singh, Ashok Mastie, Channi Rakhala, Bonafide & Koncept",Glassy - Single,Soundtrack,1.29,1.29,2018-04-20 12:00:00+00:00,222250
1329506224,"Dil Chori (From ""Sonu Ke Titu Ki Sweety"")","Yo Yo Honey Singh, Simar Kaur, Ishers, Singhsta, She-Ra & Sham Balkar","Dil Chori (From ""Sonu Ke Titu Ki Sweety"") - Single",Bollywood,0.99,0.99,2017-12-26 12:00:00+00:00,226696
1696960325,Manali Trance,Yo Yo Honey Singh & Neha Kakkar,Bollywood Party Hits Essentials,Soundtrack,1.29,11.99,2014-10-03 12:00:00+00:00,203207
1345412917,"Chhote Chhote Peg (From ""Sonu Ke Titu Ki Sweety"")","Yo Yo Honey Singh, Neha Kakkar & Navraj Hans",Neha Kakkar: Love Songs,Bollywood,0.99,8.99,2018-01-18 12:00:00+00:00,204149
1157906526,Raat Jashan Di,Yo Yo Honey Singh & Jasmine Sandlas,Zorawar (Original Motion Picture Soundtrack),Punjabi,1.29,5.16,2016-04-06 07:00:00+00:00,295056
1736063979,Vigdiyan Heeran,"Yo Yo Honey Singh, Rony Ajnali & Gill Machhrai",Honey 3.0,Punjabi Pop,1.29,9.99,2024-03-15 12:00:00+00:00,197296
1819002238,Laal Pari,"Yo Yo Honey Singh, Simar Kaur & Alfaaz",Housefull 5 (Original Motion Picture Soundtrack),Bollywood,1.29,4.99,2025-05-03 12:00:00+00:00,256149
1074858401,Party With the Bhoothnath,Yo Yo Honey Singh,Bhoothnath Returns (Original Motion Picture Soundtrack),Bollywood,0.99,5.99,2014-03-28 07:00:00+00:00,321457
1111767677,Aata Majhi Satakli,"Yo Yo Honey Singh, Mamta Sharma & Nitu Choudhary",Singham Returns (Original Motion Picture Soundtrack),Bollywood,1.29,5.99,2014-08-01 07:00:00+00:00,193997
1358647129,"Chaar Botal Vodka (From ""Ragini Mms 2"")",Yo Yo Honey Singh,Yo Yo Honey Singh Is Back,Indian,1.29,15.99,2014-03-07 12:00:00+00:00,225837
1115994490,Boss,Meet Bros Anjjan & Yo Yo Honey Singh,Boss (Original Motion Picture Soundtrack),Bollywood,0.99,7.99,2013-05-09 12:00:00+00:00,288084
1507660951,Moscow Mashuka,"Yo Yo Honey Singh, Neha Kakkar & Ekaterina Sizova",Moscow Mashuka- Single,Worldwide,0.99,0.99,2020-04-15 12:00:00+00:00,188168
1707486560,"Kuley Kuley (From ""Honey 3.0"")","Yo Yo Honey Singh, Apache Indian, Rony Ajnali & Gill Machhrai","Kuley Kuley (From ""Honey 3.0"") - Single",Indian Pop,1.29,1.29,2023-09-15 12:00:00+00:00,189000
1763807344,Bonita,Yo Yo Honey Singh & THE SHAMS,GLORY,Indian Pop,0.99,13.99,2024-08-26 12:00:00+00:00,178144
1592228074,Bebo (feat. Yo Yo Honey Singh),Alfaaz,Bebo (feat. Yo Yo Honey Singh) - Single,Worldwide,0.69,0.69,2013-01-01 12:00:00+00:00,235542
1158008529,I’M Your Dj Tonight,Yo Yo Honey Singh,Desi Kalakaar,Indian Pop,1.29,5.99,2014-08-26 12:00:00+00:00,276178
569188272,KikliKalerdi,"Amit Trivedi, Pinky Maidasani & Yo Yo Honey Singh",Luv Shuv Tey Chicken Khurana (Original Motion Picture Soundtrack),Bollywood,1.29,9.99,2012-10-09 07:00:00+00:00,244507
1111714731,Banjarey,Yo Yo Honey Singh,Fugly (Original Motion Picture Soundtrack),Bollywood,1.29,5.99,2014-05-17 12:00:00+00:00,245910
1158008531,Daftar Ki Girl,Yo Yo Honey Singh,Desi Kalakaar,Indian Pop,1.29,5.99,2014-09-26 12:00:00+00:00,187757
1358647125,"Abcd -Yaariyan (From ""Yaariyan"")","Benny Dayal, Shefali Alvares & Yo Yo Honey Singh",Yo Yo Honey Singh Is Back,Indian,1.29,15.99,2013-12-09 12:00:00+00:00,205513
1624201537,"De Taali (From ""Bhool Bhulaiyaa 2"")","Pritam, Yo Yo Honey Singh, Armaan Malik & Shashwat Singh","De Taali (From ""Bhool Bhulaiyaa 2"") - Single",Bollywood,1.29,1.29,2022-05-15 12:00:00+00:00,210164
1193565702,"Dheere Dheere (From ""Dheere Dheere"")",Yo Yo Honey Singh,Best of Hrithik,Bollywood,1.29,14.99,2015-08-31 12:00:00+00:00,212413
1696960318,Khadke Glassy,"Yo Yo Honey Singh, Ashok Mastie & Jyotica Tangri",Bollywood Party Hits Essentials,Soundtrack,1.29,11.99,2019-07-05 12:00:00+00:00,200711
836700063,Mast Kalander,Mika Singh & Yo Yo Honey Singh,Mika Singh Is King,Bollywood,0.99,6.93,2014-02-04 12:00:00+00:00,270524
1658318887,This Party Getting Hot (feat. Yo Yo Honey Singh),Jazzy B,This Party Getting Hot (feat. Yo Yo Honey Singh) - Single,Regional Indian,1.29,1.29,2012-12-19 12:00:00+00:00,210991
1158008530,Chal Mere Ghar,Yo Yo Honey Singh,Desi Kalakaar,Indian Pop,1.29,5.99,2014-08-26 12:00:00+00:00,153031
1541617860,First Kiss,Yo Yo Honey Singh & Ipsitaa,First Kiss - Single,Indian Pop,0.99,0.99,2020-11-24 12:00:00+00:00,219510
1842125661,Aadat (feat. AP Dhillon),Yo Yo Honey Singh & Ap Dhillon,Aadat (feat. AP Dhillon) - Single,Indian Pop,0.99,0.99,2025-09-26 12:00:00+00:00,220192
1191148993,"High Heels Te Nachche (From ""Ki & Ka"") (feat. Jaz Dhami, Aditi Singh Sharma)",Meet Bros & Yo Yo Honey Singh,2016 Top 10 Dance Songs,Bollywood,0.99,8.99,2016-02-21 12:00:00+00:00,212116
1157906528,Call Aundi,Yo Yo Honey Singh,Zorawar (Original Motion Picture Soundtrack),Punjabi,1.29,5.16,2016-04-06 07:00:00+00:00,216549
1358647057,"Blue Eyes (From ""Blue Eyes"")",Yo Yo Honey Singh,Yo Yo Honey Singh Is Back,Indian,1.29,15.99,2013-11-08 12:00:00+00:00,220944
1447215909,Rangtaari,Dev Negi & Yo Yo Honey Singh,Yo Yo Da Tashan,Indian Pop,0.99,8.99,2018-09-12 12:00:00+00:00,217242
1111714729,Fugly,Yo Yo Honey Singh,Fugly (Original Motion Picture Soundtrack),Bollywood,1.29,5.99,2014-04-05 12:00:00+00:00,153623
1358647123,"High Heels Te Nachche (From ""Ki & Ka"") (feat. Jaz Dhami, Aditi Singh Sharma)",Meet Bros & Yo Yo Honey Singh,Yo Yo Honey Singh Is Back,Indian,1.29,15.99,2016-02-21 12:00:00+00:00,212116
1696936539,Lungi Dance,Yo Yo Honey Singh,Lungi Dance - Single,Indian Pop,0.99,1.98,2013-08-06 12:00:00+00:00,275399
1447877690,"Dil Chori (from ""Sonu Ke Titu Ki Sweety"")","Yo Yo Honey Singh, Simar Kaur & Ishers",Top 20 - Bollywood Songs 2018,Bollywood,0.99,12.99,2017-12-26 12:00:00+00:00,226696
1763807342,High On Me,Yo Yo Honey Singh & Talwiinder,GLORY,Indian Pop,0.99,13.99,2024-08-26 12:00:00+00:00,175179
1439386691,Billionaire,"Yo Yo Honey Singh, Simar Kaur & Singhsta",Baazaar (Original Motion Picture Soundtrack) - EP,Bollywood,1.29,7.74,2018-10-03 12:00:00+00:00,215238
1214437039,Sunny Sunny,Yo Yo Honey Singh & Neha Kakkar,Holi Bollywood Songs,Bollywood,0.99,11.99,2013-12-07 12:00:00+00:00,243319
1110806017,Damaa Dam Mast Kalandar,Mika Singh & Yo Yo Honey Singh,Welcome Back (Original Motion Picture Soundtrack),Bollywood,0.99,5.99,2015-08-10 07:00:00+00:00,245694
1797955301,"Maniac - Bonus Track [From ""Glory""]",Yo Yo Honey Singh,"Maniac - Bonus Track [From ""Glory""] - Single",Indian Pop,0.99,0.99,2025-02-22 12:00:00+00:00,173184
1802869035,Qatal,"Guru Randhawa, Sanjoy & Gill Machhrai",WITHOUT PREJUDICE,Afro-Pop,1.29,9.99,2025-03-28 12:00:00+00:00,171789
1802869031,Sirra,"Guru Randhawa, Kiran Bajwa & Rony Ajnali",WITHOUT PREJUDICE,Indian Pop,1.29,9.99,2025-03-28 12:00:00+00:00,146214
1838923448,"PERFECT (From ""Sunny Sanskari Ki Tulsi Kumari"")","Guru Randhawa, Gill Machhrai, Rony Ajnali & Dilmaan","PERFECT (From ""Sunny Sanskari Ki Tulsi Kumari"") - Single",Bollywood,1.29,1.29,2025-09-18 12:00:00+00:00,146038
1229021047,Suit Suit (feat. Arjun),"Guru Randhawa, Rajat Nagpal & Intense",Hindi Medium (Original Motion Picture Soundtrack),Bollywood,0.99,3.96,2017-04-13 12:00:00+00:00,190132
1828163415,AZUL,"Guru Randhawa, Gurjit Gill & Lavish Dhiman",AZUL - Single,Indian Pop,1.29,1.29,2025-08-01 12:00:00+00:00,138178
1307584769,Ban Ja Rani,Guru Randhawa,Tumhari Sulu (Original Motion Picture Soundtrack),Bollywood,1.29,4.99,2017-10-16 12:00:00+00:00,225938
1440699330,"High Rated Gabru (From ""Nawabzaade"")",Guru Randhawa,Bollywood Best Party Songs 2018,Bollywood,0.99,8.99,2018-06-28 12:00:00+00:00,179099
1160168987,Patola,Guru Randhawa & Bohemia,Patola - Single,Punjabi Pop,1.29,1.29,2015-04-03 07:00:00+00:00,208208
1536132496,Naach Meri Rani (feat. Nora Fatehi),"Guru Randhawa, Tanishk Bagchi & Nikhita Gandhi",Naach Meri Rani (feat. Nora Fatehi) - Single,Indian Pop,0.99,0.99,2020-10-20 12:00:00+00:00,212693
1348996915,Kaun Nachdi,Guru Randhawa & Neeti Mohan,Sonu Ke Titu Ki Sweety (Original Motion Picture Soundtrack),Bollywood,0.99,6.99,2018-02-14 12:00:00+00:00,183373
1363029317,Patola,Guru Randhawa,Blackmail (Original Motion Picture Soundtrack),Bollywood,0.99,4.99,2018-03-05 12:00:00+00:00,184410
1495003963,"Lagdi Lahore Di (From ""Street Dancer 3D"")","Guru Randhawa, Tulsi Kumar & Sachin-Jigar","Lagdi Lahore Di (From ""Street Dancer 3D"") - Single",Bollywood,0.99,0.99,2020-01-15 12:00:00+00:00,215368
1640493872,Moon Rise,Guru Randhawa & Sanjoy,Man of the Moon,Indian Pop,0.99,5.99,2022-08-23 12:00:00+00:00,174057
1392890980,Made In India,Guru Randhawa,Made In India - Single,Punjabi Pop,0.99,0.99,2018-06-06 07:00:00+00:00,202568
1159426038,Suit,Guru Randhawa & Arjun,Suit - Single,Punjabi Pop,1.29,1.29,2016-06-24 07:00:00+00:00,200752
1459840527,Slowly Slowly,Guru Randhawa & Pitbull,Slowly Slowly - Single,Worldwide,0.99,0.99,2019-04-20 12:00:00+00:00,204952
1499324279,Surma Surma,Guru Randhawa & Jay Sean,Surma Surma - Single,Punjabi Pop,0.99,0.99,2020-02-19 12:00:00+00:00,215951
1479643257,Ishq Tera,Guru Randhawa,Ishq Tera - Single,Indian Pop,0.99,0.99,2019-09-10 12:00:00+00:00,211931
1631521003,Nain Ta Heere,Guru Randhawa & Asees Kaur,Jugjugg Jeeyo (Original Motion Picture Soundtrack),Bollywood,0.99,8.99,2022-06-16 12:00:00+00:00,216328
1440699328,"Patola (From ""Blackmail"")",Guru Randhawa,Bollywood Best Party Songs 2018,Bollywood,0.99,8.99,2018-03-05 12:00:00+00:00,184410
1612036103,Punjabiyan Di Dhee,Guru Randhawa & Bohemia,Punjabiyan Di Dhee - Single,Indian Pop,0.99,0.99,2022-03-04 12:00:00+00:00,193067
1438414778,Downtown,Guru Randhawa,Downtown - Single,Punjabi Pop,0.99,0.99,2018-10-16 07:00:00+00:00,216120
1601170266,Dance Meri Rani (Feat. Nora Fatehi),"Tanishk Bagchi, Guru Randhawa & Zahrah S Khan",Dance Meri Rani (Feat. Nora Fatehi) - Single,Indian Pop,0.99,0.99,2021-12-21 08:00:00+00:00,223190
1498889229,Lagdi Lahore Di,Guru Randhawa & Tulsi Kumar,Street Dancer 3D (Original Motion Picture Soundtrack),Bollywood,0.99,8.99,2020-01-15 12:00:00+00:00,215368
1533643193,Baby Girl,Guru Randhawa & Dhvani Bhanushali,Baby Girl - Single,Indian Pop,0.99,0.99,2020-10-02 12:00:00+00:00,207494
1311535872,High Rated Gabru,Guru Randhawa,Hits of Guru Randhawa,Indian Pop,0.99,8.99,2017-07-04 12:00:00+00:00,213933
1311535871,"Suit Suit (feat. Arjun) [From ""Hindi Medium""]",Guru Randhawa,Hits of Guru Randhawa,Indian Pop,0.99,8.99,2017-04-13 12:00:00+00:00,190132
1631521007,Nain Ta Heere - Lisa,Lisa Mishra & Guru Randhawa,Jugjugg Jeeyo (Original Motion Picture Soundtrack),Bollywood,0.99,8.99,2022-06-24 12:00:00+00:00,213229
1311535360,"Ban Ja Rani (From ""Tumhari Sulu"")",Guru Randhawa,Hits of Guru Randhawa,Indian Pop,0.99,8.99,2017-10-16 12:00:00+00:00,225938
1337991311,"Nachle Na (From ""Dil Juunglee"")","Guru Randhawa, Neeti Mohan & Rajat Nagpal","Nachle Na (From ""Dil Juunglee"") - Single",Bollywood,1.29,1.29,2018-01-19 08:00:00+00:00,220799
1807077664,Vibe (feat. Shanaya Kapoor),"Guru Randhawa, French Montana & JSL Singh",Vibe (feat. Shanaya Kapoor) - Single,Punjabi Pop,0.99,0.99,2025-05-16 12:00:00+00:00,168033
1270555676,Ambarsariya-Suit Suit,Kanika Kapoor & Guru Randhawa,T-Series Mixtape,Bollywood,0.99,12.99,2015-07-31 12:00:00+00:00,200462
1548251419,Mehendi Wale Haath,Sachet-Parampara & Guru Randhawa,Mehendi Wale Haath - Single,Indian Pop,0.99,0.99,2021-01-15 12:00:00+00:00,210315
1640493867,Signs,Guru Randhawa & Sanjoy,Man of the Moon,Indian Pop,0.99,5.99,2022-08-23 12:00:00+00:00,145054
1473694990,Main Deewana Tera,Guru Randhawa & Nikhita Gandhi,Arjun Patiala (Original Motion Picture Soundtrack),Bollywood,1.29,4.99,2019-06-26 12:00:00+00:00,194674
1266172305,"Ambarsariya-Suit Suit (From ""T-Series Mixtape"")","Kanika Kapoor, Guru Randhawa, Abhijit Vaghani, Ram Sampath, Rajat Nagpal & Intense","Ambarsariya-Suit Suit (From ""T-Series Mixtape"") - Single",Bollywood,,,2015-07-31 12:00:00+00:00,200462
1377017918,Raat Kamaal Hai,Guru Randhawa & Tulsi Kumar,Raat Kamaal Hai - Single,Punjabi Pop,0.99,0.99,2018-04-26 07:00:00+00:00,197135
1159324505,Fashion,Guru Randhawa & Rajat Nagpal,Fashion - Single,Indian Pop,1.29,1.29,2016-09-20 12:00:00+00:00,160558
1723166181,"Lahore (From ""Lahore"")",Guru Randhawa,All Time Hits Guru Randhawa Birthday Special,Indian Pop,0.99,8.99,2017-12-14 12:00:00+00:00,197391
1481835813,Ik Gera,Guru Randhawa,Ik Gera - Single,Punjabi Pop,0.99,0.99,2019-10-01 12:00:00+00:00,182825
1473694995,Crazy Habibi Vs Decent Munda,Guru Randhawa & Benny Dayal,Arjun Patiala (Original Motion Picture Soundtrack),Bollywood,1.29,4.99,2019-07-03 12:00:00+00:00,183206
1413074685,High Rated Gabru,Guru Randhawa,Nawabzaade (Original Motion Picture Soundtrack),Bollywood,1.29,,2018-06-28 12:00:00+00:00,179099
1444408193,Tere Te,Guru Randhawa & Ikka,Tere Te - Single,Punjabi Pop,0.99,0.99,2018-11-27 12:00:00+00:00,188851
1615968078,Tera Saath Ho,"Guru Randhawa, Tanishk Bagchi & Zahrah S Khan",Tera Saath Ho - Single,Indian Pop,0.99,0.99,2022-03-24 12:00:00+00:00,199714
1311535874,Patola (feat. Bohemia),Guru Randhawa,Hits of Guru Randhawa,Indian Pop,0.99,8.99,2015-04-03 12:00:00+00:00,208208
1311535876,Ambarsariya-Suit Suit,Kanika Kapoor & Guru Randhawa,Hits of Guru Randhawa,Indian Pop,0.99,8.99,2015-07-31 12:00:00+00:00,200462
1330899433,High Rated Gabru 52 Non Stop Hits,"Aarsh Benipal, Alfaaz, Ali Quli Mirza, Arjun, Arsh Maini, Bohemia, Deep Money, Dilbagh Singh, Divya Bhatt, Sukhbir, Geeta Zaildar, Gippy Grewal, Goldboy, Gupz Sehra, Guru Randhawa, Harjit Harman, Harrdy Sandhu, Harshdeep Kaur, Harsimran, Jasmine Sandlas, Jordan Sandhu, JSL Singh, Mandy Birgi & Birgi Veerz",High Rated Gabru 52 Non Stop Hits,Punjabi Pop,,4.99,2017-12-29 12:00:00+00:00,4676058
1576179423,Nain Bengali,Guru Randhawa,Nain Bengali - Single,Indian Pop,0.99,0.99,2021-07-14 07:00:00+00:00,203256
1630128378,"Nain Ta Heere (From ""Jugjugg Jeeyo"")","Guru Randhawa, Asees Kaur & Vishal Shelke","Nain Ta Heere (From ""Jugjugg Jeeyo"") - Single",Bollywood,0.99,0.99,2022-06-16 12:00:00+00:00,216328
1190320669,"Suit (From ""Suit"")",Guru Randhawa & Arjun,Best Punjabi Songs Of 2016,Indian Pop,0.99,9.9,2016-06-24 12:00:00+00:00,200752
1449352371,Daaru Wargi,Guru Randhawa,Why Cheat India (Original Motion Picture Soundtrack),Bollywood,1.29,7.99,2018-12-19 12:00:00+00:00,201542
1851456236,SHKINI,"Guru Randhawa, Kiran Bajwa, Gill Machhrai & Rony Ajnali",SHKINI - Single,Indian Pop,1.29,1.29,2025-11-27 12:00:00+00:00,149684
1617745850,Guru Randhawa (Mashup),Yung Xiety,Guru Randhawa (Mashup) - Single,Contemporary R&B,0.99,0.99,2022-04-02 12:00:00+00:00,143165
1748056186,Pagal,"Guru Randhawa, Babbu Maan & Sanjoy",Pagal - Single,Punjabi Pop,0.99,0.99,2024-05-27 12:00:00+00:00,189082
1434556022,"Ambarsariya-Suit Suit (From ""T-Series Mixtape"")",Kanika Kapoor & Guru Randhawa,Best of Guru Randhawa,Indian Pop,0.99,8.99,2015-07-31 12:00:00+00:00,200462
1723165964,"High Rated Gabru (From ""High Rated Gabru"")",Guru Randhawa,All Time Hits Guru Randhawa Birthday Special,Indian Pop,0.99,8.99,2017-07-04 12:00:00+00:00,213933
1107047513,Yaar Mod Do,Guru Randhawa & Millind Gaba,Yaar Mod Do - Single,Indian Pop,1.29,1.29,2016-01-20 08:00:00+00:00,208621
1768328491,Rich Life,"Rick Ross, Guru Randhawa & DJ Shadow",Rich Life - Single,Hip-Hop/Rap,0.99,0.99,2024-09-19 12:00:00+00:00,137400
1489285970,Black,Guru Randhawa,Black - Single,Indian Pop,0.99,0.99,2019-11-28 12:00:00+00:00,205546
1309570607,Ban Ja Rani Remix,Guru Randhawa & Dj Chetas,Ban Ja Rani Remix - Single,Bollywood,1.29,1.29,2017-11-08 12:00:00+00:00,207344
1270764392,"Lagdi Hai Thaai (From ""Simran"")","Guru Randhawa, Jonita Gandhi & Sachin-Jigar","Lagdi Hai Thaai (From ""Simran"") - Single",Bollywood,0.99,0.99,2017-08-11 07:00:00+00:00,165682
1329701887,Lahore,Guru Randhawa,Punjabi Blockbusters 2017,Punjabi Pop,0.99,12.99,2017-12-14 12:00:00+00:00,197391
1341694971,High Rated Gabru-Ban Ja Rani,Neha Kakkar & Guru Randhawa,T-Series Mixtape Punjabi,Punjabi Pop,0.99,10.99,2017-12-25 12:00:00+00:00,267076
1496985167,Bala Bala Non Stop Remix,"Arya Acharya, Arijit Singh, B. Praak, Badshah, Dhvani Bhanushali, Guru Randhawa, Neeti Mohan, Neha Kakkar, Nikhil D'Souza, Pitbull, Sachet Tandon, Shreya Ghoshal, Sohail Sen, Tanishk Bagchi, Tulsi Kumar, Vishal Dadlani, Kedrock, Sd Style, Abhijit Vaghani, Dj Blackout, Dj Chetas, Dj Money Willz, Goldboy, Gurmeet Singh, Jasbir Jassi, Lijo George, Manj Musik, Mithoon, Preet Hundal, Sachet-Parampara, Sachin-Jigar, Sandesh Shandilya, Sanjay Leela Bhansali & Vishal & Shekhar",Bala Bala Non Stop Remix,Bollywood,,3.99,2020-01-29 12:00:00+00:00,3052014
1484446256,"Outfit (From ""Ujda Chaman"")",Guru Randhawa,"Outfit (From ""Ujda Chaman"") - Single",Bollywood,1.29,1.29,2019-10-22 12:00:00+00:00,161054
1640493868,Fake Love,"Guru Randhawa, Sanjoy, Amar Sandhu & Royal Maan",Man of the Moon,Indian Pop,0.99,5.99,2022-08-23 12:00:00+00:00,152114
1161353168,Khat (feat. Ikka),Guru Randhawa & Intense,Khat (feat. Ikka) - Single,Indian Pop,1.29,1.29,2015-08-05 12:00:00+00:00,228000
1311535873,Fashion,Guru Randhawa,Hits of Guru Randhawa,Indian Pop,0.99,8.99,2016-09-20 12:00:00+00:00,160558
1159608206,Outfit,Guru Randhawa & Preet Hundal,Outfit - Single,Indian Pop,1.29,1.29,2015-11-23 12:00:00+00:00,154752
1329701883,High Rated Gabru,Guru Randhawa,Punjabi Blockbusters 2017,Punjabi Pop,0.99,12.99,2017-07-04 12:00:00+00:00,213933
1537567463,"Teri Choriyaan (From ""Chhalaang"")",Guru Randhawa & Payal Dev,"Teri Choriyaan (From ""Chhalaang"") - Single",Bollywood,1.29,1.29,2020-10-29 12:00:00+00:00,175752
1441954803,"Morni Banke (From ""Badhaai Ho"")",Guru Randhawa & Neha Kakkar,Absolutely Ayushmann,Bollywood,0.99,8.99,2018-09-26 12:00:00+00:00,198026
1434556018,"Ishare Tere (From ""Ishare Tere"")",Guru Randhawa & Dhvani Bhanushali,Best of Guru Randhawa,Indian Pop,0.99,8.99,2018-07-25 12:00:00+00:00,189152
1447877691,"Ban Ja Rani (from ""Tumhari Sulu"")",Guru Randhawa,Top 20 - Bollywood Songs 2018,Bollywood,0.99,12.99,2017-10-16 12:00:00+00:00,225938
1744543810,In Love,Guru Randhawa & Raja Kumari,In Love - Single,Punjabi Pop,0.99,0.99,2024-05-09 12:00:00+00:00,161232
1447877695,"Kaun Nachdi (from ""Sonu Ke Titu Ki Sweety"")",Guru Randhawa & Neeti Mohan,Top 20 - Bollywood Songs 2018,Bollywood,0.99,12.99,2018-02-14 12:00:00+00:00,183373
1669721751,Alone,Kapil Sharma & Guru Randhawa,Alone - Single,Punjabi Pop,0.99,0.99,2023-02-10 12:00:00+00:00,235131
1311535877,Outfit,Guru Randhawa,Hits of Guru Randhawa,Indian Pop,0.99,8.99,2015-11-23 12:00:00+00:00,154752
1311535875,"Lagdi Hai Thaai (From ""Simran"")",Guru Randhawa & Jonita Gandhi,Hits of Guru Randhawa,Indian Pop,0.99,8.99,2017-08-11 12:00:00+00:00,165682
1311535879,Yaar Mod Do,Guru Randhawa & Millind Gaba,Hits of Guru Randhawa,Indian Pop,0.99,8.99,2016-01-20 12:00:00+00:00,208621
1762617731,Hauli Hauli,"Guru Randhawa, Yo Yo Honey Singh, Neha Kakkar & JSL Singh",Khel Khel Mein (Original Motion Picture Soundtrack),Bollywood,1.29,4.99,2024-07-25 12:00:00+00:00,168016
1329701889,"Ban Ja Rani (from ""Tumhari Sulu"")",Guru Randhawa,Punjabi Blockbusters 2017,Punjabi Pop,0.99,12.99,2017-10-16 12:00:00+00:00,225938
1434556020,"Patola (From ""Blackmail"")",Guru Randhawa,Best of Guru Randhawa,Indian Pop,0.99,8.99,2018-03-05 12:00:00+00:00,184410
1540111530,Teri Choriyaan,Guru Randhawa & Payal Dev,Chhalaang (Original Motion Picture Soundtrack),Bollywood,0.99,3.96,2020-10-29 12:00:00+00:00,175752
1270555665,Tose Naina-Tum Jo Aaye,Armaan Malik & Tulsi Kumar,T-Series Mixtape,Bollywood,0.99,12.99,2017-06-21 12:00:00+00:00,264728
1577064463,"Tu Meri Zindagi-Adayein (From ""T-Series Mixtape Rewind Season 3"")","Parampara Tandon, Sachet Tandon & Abhijit Vaghani","Tu Meri Zindagi-Adayein (From ""T-Series Mixtape Rewind Season 3"") - Single",Bollywood,0.99,0.99,2021-07-17 12:00:00+00:00,234266
1270555679,Mera Mann-Yahin Hoon Main,Ayushmann Khurrana,T-Series Mixtape,Bollywood,0.99,12.99,2017-08-10 12:00:00+00:00,242972
1270555671,Sooraj Dooba Hain-Subha Hone Na De,Nakash Aziz & Aditi Singh Sharma,T-Series Mixtape,Bollywood,0.99,12.99,2017-07-13 12:00:00+00:00,288042
1270555673,Soch Na Sake-Sab Tera,Neeti Mohan & Harrdy Sandhu,T-Series Mixtape,Bollywood,0.99,12.99,2017-07-20 12:00:00+00:00,283110
1470816394,Kahin Toh Hogi Woh-Teri Aahatein,"Neeti Mohan, Shekhar Ravjiani & Abhijit Vaghani",T-Series Mixtape Season 2,Bollywood,0.99,11.99,2019-05-06 12:00:00+00:00,317223
1270555678,Sun Zara-Tujhe Bhula Diya,Shaan & Shruti Pathak,T-Series Mixtape,Bollywood,0.99,12.99,2017-08-07 12:00:00+00:00,241209
1470816393,Darkhaast-Aankhon Mein Teri,Sukriti Kakar & Armaan Malik,T-Series Mixtape Season 2,Bollywood,0.99,11.99,2019-05-02 12:00:00+00:00,219728
1470816389,Tumhe Apna Banane Ka-Chand Chhupa,Neeti Mohan & Vishal Dadlani,T-Series Mixtape Season 2,Bollywood,0.99,11.99,2019-04-08 12:00:00+00:00,257535
1270555664,Dua-Saware,Salim Merchant & Neeti Mohan,T-Series Mixtape,Bollywood,0.99,12.99,2017-06-19 12:00:00+00:00,318635
1270555667,Sunn Raha Hai-Rozana,Shreya Ghoshal,T-Series Mixtape,Bollywood,0.99,12.99,2017-06-29 12:00:00+00:00,291070
1323980044,"3 Peg-Label Black (From ""T-Series Mixtape Punjabi"")","Sharry Maan, Gupz Sehra, Abhijit Vaghani & Mista Baaz","3 Peg-Label Black (From ""T-Series Mixtape Punjabi"") - Single",Indian Pop,0.99,0.99,2017-12-11 12:00:00+00:00,205708
1270555670,Main Agar Kahoon-Bol Do Na Zara,Armaan Malik & Jonita Gandhi,T-Series Mixtape,Bollywood,0.99,12.99,2017-07-10 12:00:00+00:00,294754
1250038391,"Dua-Saware (From ""T-Series Mixtape"")","Salim Merchant, Neeti Mohan, Abhijit Vaghani, Vishal & Shekhar & Pritam","Dua-Saware (From ""T-Series Mixtape"") - Single",Bollywood,,,2017-06-19 07:00:00+00:00,318635
1221424625,"Kaun Tujhe & Kuch Toh Hai Mashup (From ""T-Series Acoustics"")",Armaan Malik & Amaal Mallik,"Kaun Tujhe & Kuch Toh Hai Mashup (From ""T-Series Acoustics"") - Single",Bollywood,1.29,1.29,2017-03-29 12:00:00+00:00,220042
1250837303,"Tose Naina-Tum Jo Aaye (From ""T-Series Mixtape"")","Armaan Malik, Tulsi Kumar, Abhijit Vaghani, Hanif Shaikh & Pritam","Tose Naina-Tum Jo Aaye (From ""T-Series Mixtape"") - Single",Bollywood,,,2017-06-21 07:00:00+00:00,264728
1270555669,Gazab Ka Hai Din-Bawara Mann,Shaan & Sukriti Kakar,T-Series Mixtape,Bollywood,0.99,12.99,2017-07-06 12:00:00+00:00,270591
1470816401,Janib-Sajde Kiye Hain,Harshdeep Kaur & Javed Ali,T-Series Mixtape Season 2,Bollywood,0.99,11.99,2019-06-06 12:00:00+00:00,285960
1270555675,Roke Na Ruke-Mast Magan,Tulsi Kumar & Dev Negi,T-Series Mixtape,Bollywood,0.99,12.99,2017-07-27 12:00:00+00:00,275098
1470816399,Humnava Mere-Baarish,Aditya Narayan & Dhvani Bhanushali,T-Series Mixtape Season 2,Bollywood,0.99,11.99,2019-06-13 12:00:00+00:00,339725
1270555677,Kaise Mujhe-Tum Ho,Palak Muchhal & Aditya Narayan,T-Series Mixtape,Bollywood,0.99,12.99,2017-08-03 12:00:00+00:00,399814
1470816387,Tum Hi Ho-Rehnuma,Shreya Ghoshal & Armaan Malik,T-Series Mixtape Season 2,Bollywood,0.99,11.99,2019-03-25 12:00:00+00:00,260030
1470816397,Aaoge Jab Tum-Jag Soona Soona,Nandini Srikar & Akhil Sachdeva,T-Series Mixtape Season 2,Bollywood,0.99,11.99,2019-05-16 12:00:00+00:00,292734
1470816396,Main Rahoon Ya Na Rahoon-Dil Kyun Yeh Mera,Prakriti Kakar & Amaal Mallik,T-Series Mixtape Season 2,Bollywood,0.99,11.99,2019-05-13 12:00:00+00:00,264694
1470816390,Galliyan-Dil Mein Ho Tum,Jonita Gandhi & Salim Merchant,T-Series Mixtape Season 2,Bollywood,0.99,11.99,2019-04-15 12:00:00+00:00,345141
1248349268,"Kabira-Naina (from ""T-Series Mixtape"")","Neha Kakkar, Mohd. Irfan, Abhijit Vaghani, Pritam & Amaal Mallik","Kabira-Naina (from ""T-Series Mixtape"") - Single",Bollywood,,,2017-06-15 12:00:00+00:00,319626
1325534786,"Ae Jo Silli Silli-Narazgi (From ""T-Series Mixtape Punjabi"")","Hans Raj Hans, Navraj Hans, Abhijit Vaghani, Anand Raj Anand & Rupin Kahlon","Ae Jo Silli Silli-Narazgi (From ""T-Series Mixtape Punjabi"") - Single",Indian Pop,,,2017-12-14 12:00:00+00:00,291053
1328287517,"Oh Ho Ho Ho-Soni De Nakhre (From ""T-Series Mixtape Punjabi"")","Sukhbir, Mehak Malhotra, Millind Gaba, Abhijit Vaghani & Sajid-Wajid","Oh Ho Ho Ho-Soni De Nakhre (From ""T-Series Mixtape Punjabi"") - Single",Indian Pop,,,2017-12-21 12:00:00+00:00,241491
1270555668,Ehna Akhiyan-Yaar Mangiyasi-Nachda,Harshdeep Kaur & Shahid Mallya,T-Series Mixtape,Bollywood,0.99,12.99,2017-07-03 12:00:00+00:00,387190
1259218560,"Humsafar Acoustic (From ""T-Series Acoustics"")",Dhvani Bhanushali & Akhil Sachdeva,"Humsafar Acoustic (From ""T-Series Acoustics"") - Single",Bollywood,1.29,1.29,2017-07-13 07:00:00+00:00,130041
1470816398,Kabhi Jo Badal Barse-Dil De Diya Hai,Tulsi Kumar & Mohammed Irfan,T-Series Mixtape Season 2,Bollywood,0.99,11.99,2019-05-20 12:00:00+00:00,274414
1341694967,3 Peg-Label Black,Sharry Maan & Gupz Sehra,T-Series Mixtape Punjabi,Punjabi Pop,0.99,10.99,2017-12-11 12:00:00+00:00,205708
1341694972,Yaar Bolda-Mukhda Dekh Ke,Surjit Bindrakhia & Gitaz Bindrakhia,T-Series Mixtape Punjabi,Punjabi Pop,0.99,10.99,2017-12-28 12:00:00+00:00,244412
1470816395,Tera Yaar Hoon Main-Yaar Mod Do,Neha Kakkar & Millind Gaba,T-Series Mixtape Season 2,Bollywood,0.99,11.99,2019-05-10 12:00:00+00:00,277014
1470816400,O Saathi-Humsafar,Nikhita Gandhi & Ash King,T-Series Mixtape Season 2,Bollywood,0.99,11.99,2019-05-30 12:00:00+00:00,302308
1470816391,Sanam Re-Phir Mohabbat,Tulsi Kumar & Benny Dayal,T-Series Mixtape Season 2,Bollywood,0.99,11.99,2019-04-22 12:00:00+00:00,317143
1470816402,Teri Meri-Phir Se,Amruta Fadnavis & B. Praak,T-Series Mixtape Season 2,Bollywood,0.99,11.99,2019-06-20 12:00:00+00:00,239676
1341694976,Car Nachdi-Hornn Blow,"Gippy Grewal, Harrdy Sandhu & Neha Kakkar",T-Series Mixtape Punjabi,Punjabi Pop,0.99,10.99,2018-01-08 12:00:00+00:00,240501
1341694969,Gallan Goriyan-Aaja Soniye,Harbhajan Mann & Akriti Kakar,T-Series Mixtape Punjabi,Punjabi Pop,0.99,10.99,2017-12-18 12:00:00+00:00,239399
1261800564,"Soch Na Sake-Sab Tera (From ""T-Series Mixtape"")","Neeti Mohan, Harrdy Sandhu, Abhijit Vaghani & Amaal Mallik","Soch Na Sake-Sab Tera (From ""T-Series Mixtape"") - Single",Bollywood,,,2017-07-20 12:00:00+00:00,283110
1696067038,"Dil Taan Pagal-Je Tu Na (From ""T-Series Mixtape Punjabi"")",Akhil Sachdeva & Amber Vashisht,"Best of T-Series Mixtape Punjabi, Vol. 1",Punjabi Pop,0.99,7.99,2018-01-18 12:00:00+00:00,291503
1332902997,"Car Nachdi-Hornn Blow (From ""T-Series Mixtape Punjabi"")","Gippy Grewal, Harrdy Sandhu, Neha Kakkar, Abhijit Vaghani & B. Praak","Car Nachdi-Hornn Blow (From ""T-Series Mixtape Punjabi"") - Single",Indian Pop,,,2018-01-08 12:00:00+00:00,240501
1579007182,"Pehli Pehli Baar-Dheere Dheere (From ""T-Series Mixtape Rewind Season 3"")","Prakriti Kakar, Darshan Raval & Abhijit Vaghani","Pehli Pehli Baar-Dheere Dheere (From ""T-Series Mixtape Rewind Season 3"") - Single",Bollywood,0.99,0.99,2021-07-24 12:00:00+00:00,286316
1329934846,"Yaar Bolda-Mukhda Dekh Ke (From ""T-Series Mixtape Punjabi"")","Surjit Bindrakhia, Gitaz Bindrakhia & Abhijit Vaghani","Yaar Bolda-Mukhda Dekh Ke (From ""T-Series Mixtape Punjabi"") - Single",Punjabi Pop,0.99,0.99,2017-12-28 12:00:00+00:00,244412
1341694968,Ae Jo Silli Silli-Narazgi,Hans Raj Hans & Navraj Hans,T-Series Mixtape Punjabi,Punjabi Pop,0.99,10.99,2017-12-14 12:00:00+00:00,291509
1476817982,"Teri Ban Jaungi Reprise (From ""T-Series Acoustics"")",Tulsi Kumar & Akhil Sachdeva,"Teri Ban Jaungi Reprise (From ""T-Series Acoustics"") - Single",Bollywood,1.29,1.29,2019-08-17 12:00:00+00:00,248161
1452622817,Bhumbro,"Shirley Setia, Parry G & Aditya Dev",T-Series Electro Folk - EP,Indian Folk,0.99,4.99,2019-01-17 12:00:00+00:00,208004
1666831256,"Manike (From ""Thank God"")","Yohani, Jubin Nautiyal & Surya Ragunaathan",Top Trending T-Series Youtube Songs 2022,Bollywood,0.99,,2022-09-17 12:00:00+00:00,197474
1341694970,Oh Ho Ho Ho-Soni De Nakhre,"Sukhbir, Mehak Malhotra & Millind Gaba",T-Series Mixtape Punjabi,Punjabi Pop,0.99,10.99,2017-12-21 12:00:00+00:00,241491
1341694974,Kudiyan Shehar Diyan-Na Na Na Re,Daler Mehndi,T-Series Mixtape Punjabi,Punjabi Pop,0.99,10.99,2017-12-30 12:00:00+00:00,240617
1336986928,"Dil Taan Pagal-Je Tu Na (From ""T-Series Mixtape Punjabi"")","Akhil Sachdeva, Amber Vashisht, Abhijit Vaghani, Jaidev Kumar & Goldboy","Dil Taan Pagal-Je Tu Na (From ""T-Series Mixtape Punjabi"") - Single",Indian Pop,,,2018-01-18 12:00:00+00:00,291503
1257757139,"Main Agar Kahoon-Bol Do Na Zara (From ""T-Series Mixtape"")","Armaan Malik, Jonita Gandhi, Abhijit Vaghani, Vishal & Shekhar & Amaal Mallik","Main Agar Kahoon-Bol Do Na Zara (From ""T-Series Mixtape"") - Single",Bollywood,,,2017-07-10 07:00:00+00:00,294754
1341694980,Saddi Galli-Rail Gaddi,"Deep Money, Amruta Fadnavis & Preet Harpal",T-Series Mixtape Punjabi,Punjabi Pop,0.99,10.99,2018-01-22 12:00:00+00:00,206039
1330346940,"Kudiyan Shehar Diyan-Na Na Na Re (From ""T-Series Mixtape Punjabi"")",Daler Mehndi & Abhijit Vaghani,"Kudiyan Shehar Diyan-Na Na Na Re (From ""T-Series Mixtape Punjabi"") - Single",Punjabi Pop,0.99,0.99,2017-12-30 12:00:00+00:00,240617
1575893167,"Tera Chehra-Jaan Meri (From ""T-Series Mixtape Rewind Season 3"")","Tulsi Kumar, Jubin Nautiyal, Abhijit Vaghani & Adnan Sami","Tera Chehra-Jaan Meri (From ""T-Series Mixtape Rewind Season 3"") - Single",Bollywood,1.29,1.29,2021-07-10 12:00:00+00:00,254403
1341694979,Dil Taan Pagal-Je Tu Na,Akhil Sachdeva & Amber Vashisht,T-Series Mixtape Punjabi,Punjabi Pop,0.99,10.99,2018-01-18 12:00:00+00:00,291503
1458312600,"Dilbar-Ishare Tere-Tere Te (From ""T-Series Mixtape Season 2"")",Neha Kakkar & Guru Randhawa,"Dilbar-Ishare Tere-Tere Te (From ""T-Series Mixtape Season 2"") - Single",Bollywood,0.99,0.99,2019-04-01 12:00:00+00:00,259685
1206976159,"Darkhaast Acoustic (From ""T-Series Acoustics"")",Prakriti Kakar & Mithoon,"Darkhaast Acoustic (From ""T-Series Acoustics"") - Single",Worldwide,0.99,0.99,2017-02-15 12:00:00+00:00,219249
1188183725,"Maahi Ve Unplugged (From ""T-Series Acoustics"")","Neha Kakkar, Gourov Roshin & Anand Raj Anand","Maahi Ve Unplugged (From ""T-Series Acoustics"") - Single",Bollywood,0.99,0.99,2016-12-16 12:00:00+00:00,269850
1341694978,Mauja Hi Mauja-Saj Dhaj Ke,Mika Singh,T-Series Mixtape Punjabi,Punjabi Pop,0.99,10.99,2018-01-15 12:00:00+00:00,256898
1473562956,"Bekhayali Acoustic - Dhvani Bhanushali Version (From ""T-Series Acoustics"")",Dhvani Bhanushali & Sachet-Parampara,"Bekhayali Acoustic - Dhvani Bhanushali Version (From ""T-Series Acoustics"") - Single",Bollywood,1.29,1.29,2019-07-19 12:00:00+00:00,241176
1441935645,"Naino Waale Acoustic (From ""T-Series Acoustics"")","Neeti Mohan, Sanjay Leela Bhansali & Abhijit Vaghani","Naino Waale Acoustic (From ""T-Series Acoustics"") - Single",Indian Pop,1.29,1.29,2018-11-07 08:00:00+00:00,204294
1355352255,"Aashiq Banaya Aapne Acoustic (From ""T-Series Acoustics"")","Neha Kakkar, Team Av & Himesh Reshammiya","Aashiq Banaya Aapne Acoustic (From ""T-Series Acoustics"") - Single",Bollywood,1.29,1.29,2018-03-03 12:00:00+00:00,208389
1477822594,"Tera Ban Jaunga Reprise (From ""T-Series Acoustics"")",Akhil Sachdeva,"Tera Ban Jaunga Reprise (From ""T-Series Acoustics"") - Single",Bollywood,1.29,1.29,2019-08-26 12:00:00+00:00,223555
1474446408,"Mere Sohneya Acoustic (From ""T-Series Acoustics"")","Sachet Tandon, Parampara Tandon & Sachet-Parampara","Mere Sohneya Acoustic (From ""T-Series Acoustics"") - Single",Bollywood,1.29,1.29,2019-07-27 12:00:00+00:00,196495
1341694975,Challa-Ni Main Kamli,Hans Raj Hans & Harshdeep Kaur,T-Series Mixtape Punjabi,Punjabi Pop,0.99,10.99,2017-01-06 12:00:00+00:00,336665
1489626709,"She Don’T Know-Akh Lad Jaave (From ""T-Series Mixtape Punjabi Season 2"")",Dhvani Bhanushali & Millind Gaba,"She Don’T Know-Akh Lad Jaave (From ""T-Series Mixtape Punjabi Season 2"") - Single",Punjabi Pop,0.99,0.99,2019-11-28 12:00:00+00:00,215360
1683815789,"Baithe Baithe (From ""T-Series Listed"")",Dikshant,"Baithe Baithe (From ""T-Series Listed"") - Single",Bollywood,1.29,1.29,2023-04-21 12:00:00+00:00,149084
1549149608,"Tujhe Kitna Chahein Aur Acoustic (From ""T-Series Acoustics"")",Mithoon & Jubin Nautiyal,"Tujhe Kitna Chahein Aur Acoustic (From ""T-Series Acoustics"") - Single",Bollywood,1.29,1.29,2021-01-15 12:00:00+00:00,341717
1326796169,"Gallan Goriyan-Aaja Soniye (From ""T-Series Mixtape Punjabi"")","Harbhajan Mann, Akriti Kakar, Abhijit Vaghani, Jaidev Kumar & Sajid Wajid","Gallan Goriyan-Aaja Soniye (From ""T-Series Mixtape Punjabi"") - Single",Indian Pop,,,2017-12-18 12:00:00+00:00,239399
1267744577,"Kaise Mujhe-Tum Ho (From ""T-Series Mixtape"")","Palak Muchhal, Aditya Narayan, Abhijit Vaghani & A.R. Rahman","Kaise Mujhe-Tum Ho (From ""T-Series Mixtape"") - Single",Bollywood,,,2017-08-03 12:00:00+00:00,399814
1450494505,"Aaoge Jab (From ""T-Series Electro Folk"")","Neeti Mohan, Payal Dev & Aditya Dev","Aaoge Jab (From ""T-Series Electro Folk"") - Single",Indian Folk,0.99,0.99,2019-01-24 08:00:00+00:00,248221
1477441374,"Bekhayali Reprise (From ""T-Series Acoustics"")","Sachet Tandon, Parampara Tandon & Sachet-Parampara","Bekhayali Reprise (From ""T-Series Acoustics"") - Single",Bollywood,1.29,1.29,2019-08-22 12:00:00+00:00,212132
1439179876,"Tere Mere Acoustic (From ""T-Series Acoustics"")","Neeti Mohan, Amaal Mallik & Abhijit Vaghani","Tere Mere Acoustic (From ""T-Series Acoustics"") - Single",Indian Pop,1.29,1.29,2018-10-16 07:00:00+00:00,232232
1361118110,"Sanu Ek Pal Acoustic - Female (From ""T-Series Acoustics"")","Neha Kakkar, Tony Kakkar & Tanishk Bagchi","Sanu Ek Pal Acoustic - Female (From ""T-Series Acoustics"") - Single",Bollywood,1.29,1.29,2018-03-19 12:00:00+00:00,223578
1212197536,"Sawan Aaya Hai Acoustic (From ""T-Series Acoustics"")",Tony Kakkar & Neha Kakkar,"Sawan Aaya Hai Acoustic (From ""T-Series Acoustics"") - Single",Bollywood,1.29,1.29,2017-03-04 12:00:00+00:00,286767
1201753210,"Kisi Se Pyar Ho Jaye - Unplugged (From ""T-Series Acoustics"")","Jubin Nautiyal, Gourov-Roshin & Rajesh Roshan","Kisi Se Pyar Ho Jaye - Unplugged (From ""T-Series Acoustics"") - Single",Bollywood,1.29,1.29,2017-02-01 12:00:00+00:00,176823
1303561105,"Tere Mere Acoustic (From ""T-Series Acoustics"")",Dhvani Bhanushali & Amaal Mallik,"Tere Mere Acoustic (From ""T-Series Acoustics"") - Single",Bollywood,1.29,1.29,2017-10-30 12:00:00+00:00,241399
1341694973,Marjaani-Lovely,Sukhwinder Singh & Kanika Kapoor,T-Series Mixtape Punjabi,Punjabi Pop,0.99,10.99,2017-12-30 12:00:00+00:00,198404
1341694977,Layi Vi Na Gayi-Sadde Naal Yaariyan,Jashan Singh & Shipra Goyal,T-Series Mixtape Punjabi,Punjabi Pop,0.99,10.99,2018-01-11 12:00:00+00:00,329794
1580722831,"Aye Mere Humsafar-Ab Mujhe Raat Din (From ""T-Series Mixtape Rewind Season 3"")","Palak Muchhal, Armaan Malik, Abhijit Vaghani, Anand-Milind & Sajid-Wajid","Aye Mere Humsafar-Ab Mujhe Raat Din (From ""T-Series Mixtape Rewind Season 3"") - Single",Bollywood,1.29,1.29,2021-08-07 12:00:00+00:00,243127
1181791938,"Dil Ke Paas (Unplugged) [From ""T-Series Acoustics""]","Armaan Malik, Tulsi Kumar, Abhijit Vaghani & Kalyanji-Anandji","Dil Ke Paas (Unplugged) [From ""T-Series Acoustics""] - Single",Bollywood,0.99,0.99,2016-11-05 12:00:00+00:00,296128
1264607394,"Roke Na Ruke-Mast Magan (From ""T-Series Mixtape"")","Tulsi Kumar, Dev Negi, Abhijit Vaghani, Amaal Mallik & Shankar Ehsaan Loy","Roke Na Ruke-Mast Magan (From ""T-Series Mixtape"") - Single",Bollywood,0.99,0.99,2017-07-27 12:00:00+00:00,275098
1268290831,"Sun Zara-Tujhe Bhula Diya (From ""T-Series Mixtape"")","Shaan, Shruti Pathak, Abhijit Vaghani, Adnan Sami, Vishal Dadlani & Shekhar Ravjiani","Sun Zara-Tujhe Bhula Diya (From ""T-Series Mixtape"") - Single",Bollywood,,,2017-08-07 12:00:00+00:00,241209
1256482610,"Gazab Ka Hai Din-Bawara Mann (From ""T-Series Mixtape"")","Shaan, Sukriti Kakar, Abhijit Vaghani, Anand-Milind & Chirrantan Bhatt","Gazab Ka Hai Din-Bawara Mann (From ""T-Series Mixtape"") - Single",Bollywood,,,2017-07-06 07:00:00+00:00,268218
1488722926,"Crazy Habibi-Enni Soni-Made In India (From ""T-Series Mixtape Punjabi Season 2"")",Guru Randhawa & Tulsi Kumar,"Crazy Habibi-Enni Soni-Made In India (From ""T-Series Mixtape Punjabi Season 2"") - Single",Bollywood,0.99,0.99,2019-11-11 12:00:00+00:00,239042
1487892618,"Wah Wai Wahh-Nikle Currant (From ""T-Series Mixtape Punjabi Season 2"")",Neeti Mohan & Sukh-E Muzical Doctorz,"Wah Wai Wahh-Nikle Currant (From ""T-Series Mixtape Punjabi Season 2"") - Single",Punjabi Pop,0.99,0.99,2019-11-14 12:00:00+00:00,215183
1560147398,"Achyutam Keshavam by Alka Yagnik (From ""Achyutam Keshavam by Alka Yagnik - Zee Music Devotional"")",Alka Yagnik & Sanjeev Chaturvedi,"Achyutam Keshavam by Alka Yagnik (From ""Achyutam Keshavam by Alka Yagnik - Zee Music Devotional"") - Single",Singer/Songwriter,1.29,1.29,2021-03-25 12:00:00+00:00,270968
1523939484,Shekhar Ravjianis Hanuman Chalisa - Zee Music Devotional,Shekhar Ravjiani,Shekhar Ravjianis Hanuman Chalisa - Zee Music Devotional - Single,Soundtrack,1.29,1.29,2014-07-29 12:00:00+00:00,541675
1710550283,"Achyutam Keshavam by Alka Yagnik (From ""Achyutam Keshavam by Alka Yagnik - Zee Music Devotional"")",Alka Yagnik & Sanjeev Chaturvedi,Krishna Bhajans - Janmashtami Special,Folk,1.29,11.99,2021-03-25 12:00:00+00:00,270968
1710550288,"Radhe Radhe Ki Japle Tu Maala (From ""Radhe Radhe Ki Japle Tu Maala - Zee Music Devotional"")",Biswajeeta Deb & Amjad Nadeem,Krishna Bhajans - Janmashtami Special,Folk,1.29,11.99,2020-10-27 12:00:00+00:00,290526
1710550287,"Ekli Khadi Re Meera Bai (From ""Ekli Khadi Re Meera Bai - Zee Music Devotional "")",Anita Bhatt & Amjad Nadeem,Krishna Bhajans - Janmashtami Special,Folk,1.29,11.99,2020-01-20 12:00:00+00:00,185685
1710550293,Achyutam Keshvam by Raj Barman - Zee Music Devotional,Raj Barman & Amjad Nadeem,Krishna Bhajans - Janmashtami Special,Folk,1.29,11.99,2022-11-04 12:00:00+00:00,270968
1529463315,Shekhar Ravjianis Gayatri Mantra - Zee Music Devotional,Shekhar Ravjiani,Shekhar Ravjianis Gayatri Mantra - Zee Music Devotional - Single,Soundtrack,1.29,1.29,2017-03-14 12:00:00+00:00,369231
1541627611,"Sai Baba Aarti (From ""Sai Baba Aarti - Zee Music Devotional"")",Suresh Wadkar & Sanjeev - Ajay,"Sai Baba Aarti (From ""Sai Baba Aarti - Zee Music Devotional"") - Single",Singer/Songwriter,1.29,1.29,2020-11-23 12:00:00+00:00,302712
1710550286,"Govind Chale Aao (From ""Govind Chale Aao - Zee Music Devotional"")",Aishwarya Pandit & Amjad Nadeem,Krishna Bhajans - Janmashtami Special,Folk,0.99,11.99,2020-10-27 12:00:00+00:00,288000
1710550285,"Jhoola Jhoole Re Nandlal (From ""Jhoola Jhoole Re Nandlal - Zee Music Devotional"")",Nirali Fozdar & Amjad Nadeem,Krishna Bhajans - Janmashtami Special,Folk,1.29,11.99,2020-01-16 12:00:00+00:00,367826
1710550291,Shree Krishna Govind by Sonal Pradhan - Zee Music Devotional,Sonal Pradhan,Krishna Bhajans - Janmashtami Special,Folk,1.29,11.99,2022-08-19 12:00:00+00:00,272689
1629175596,Hanuman Chalisa Version 2 - Zee Music Devotional,Raj Barman & Amjad Nadeem,Hanuman Chalisa Version 2 - Zee Music Devotional - Single,Singer/Songwriter,1.29,1.29,2022-06-11 12:00:00+00:00,532000
1539647081,"Hanuman Chalisa (From ""Hanuman Chalisa - Zee Music Devotional"")",Anup Jalota & Sanjeev - Ajay,"Hanuman Chalisa (From ""Hanuman Chalisa - Zee Music Devotional"") - Single",Singer/Songwriter,1.29,1.29,2020-11-10 12:00:00+00:00,532667
1529458712,"Taati Wao Na Lagaee (From ""Taati Wao Na Lagaee - Zee Music Devotional"")",Gurkirit Singh & Amjad Nadeem,"Taati Wao Na Lagaee (From ""Taati Wao Na Lagaee - Zee Music Devotional"") - Single",Singer/Songwriter,1.29,1.29,2020-01-17 12:00:00+00:00,264875
885188045,Yo Smile (feat. C Breezy),Nick Pro,Zeemusic Ni Zee,Hip-Hop/Rap,0.99,9.99,2014-07-01 12:00:00+00:00,195812
1710550290,Kanhaiya Re by Alka Yagnik - Zee Music Devotional,Alka Yagnik & Arko,Krishna Bhajans - Janmashtami Special,Folk,1.29,11.99,2022-02-08 12:00:00+00:00,250639
885188054,Dat Ting (feat. Emmy & Maro),Yba,Zeemusic Ni Zee,Hip-Hop/Rap,0.99,9.99,2014-07-01 12:00:00+00:00,279718
1710550300,Govind Bolo Hari Gopal Bolo - Zee Music Devotional,Aishwarya Pandit & Sanjeev Chaturvedi,Krishna Bhajans - Janmashtami Special,Folk,1.29,11.99,2022-06-03 12:00:00+00:00,256571
1710550301,"Jai Jai Radha Raman Hari Bol (From ""Jai Jai Radha Raman Hari Bol - Zee Music Devotional"")",Saumya Upadhyay & Amjad Nadeem,Krishna Bhajans - Janmashtami Special,Folk,1.29,11.99,2020-01-16 12:00:00+00:00,214056
1710550297,Kunj Bihari by Anuradha Paudwal - Zee Music Devotional,Anuradha Paudwal & Sanjeev Chaturvedi,Krishna Bhajans - Janmashtami Special,Folk,1.29,11.99,2022-07-02 12:00:00+00:00,218710
1710550294,Vrindavan Jaungi by Aishwarya Pandit - Zee Music Devotional,Aishwarya Pandit & Sanjeev Chaturvedi,Krishna Bhajans - Janmashtami Special,Folk,1.29,11.99,2022-05-20 12:00:00+00:00,163658
1710550296,"Radhe Radhe by Alka Yagnik (From ""Radhe Radhe by Alka Yagnik - Zee Music Devotional"")",Alka Yagnik & Sanjeev Chaturvedi,Krishna Bhajans - Janmashtami Special,Folk,1.29,11.99,2021-08-28 12:00:00+00:00,222056
1710550298,Govardhan Girdhari by Anuradha Paudwal - Zee Music Devotional,Anuradha Paudwal & Sanjeev Chaturvedi,Krishna Bhajans - Janmashtami Special,Folk,1.29,11.99,2022-08-12 12:00:00+00:00,160374
1643685275,Jugni 2.0,"Kanika Kapoor, Mumzy Stranger & DJ LYAN",Best of Zee Music Originals,Pop,1.29,11.99,2020-12-23 12:00:00+00:00,184615
1710550299,"Nikunj Mein Biraje (From ""Nikunj Mein Biraje - Zee Music Devotional"")",Nitin Kumar,Krishna Bhajans - Janmashtami Special,Folk,1.29,11.99,2020-01-16 12:00:00+00:00,261818
1623112625,Jai Dev by Sadhana Sargam - Zee Music Devotional,Sadhana Sargam & Sanjeev Chaturvedi,Jai Dev by Sadhana Sargam - Zee Music Devotional - Single,Singer/Songwriter,1.29,1.29,2022-05-09 12:00:00+00:00,179368
1640632828,Shree Krishna Govind by Sonal Pradhan - Zee Music Devotional,Sonal Pradhan,Shree Krishna Govind by Sonal Pradhan - Zee Music Devotional - Single,Singer/Songwriter,1.29,1.29,2022-08-19 12:00:00+00:00,272689
1565110741,"Ek Onkar (From ""Ek Onkar - Zee Music Devotional"")",Alka Yagnik & Sanjeev Chaturvedi,"Ek Onkar (From ""Ek Onkar - Zee Music Devotional"") - Single",Singer/Songwriter,1.29,1.29,2021-04-28 12:00:00+00:00,494167
1609034102,Kanhaiya Re by Alka Yagnik - Zee Music Devotional,Alka Yagnik & Arko,Kanhaiya Re by Alka Yagnik - Zee Music Devotional - Single,Singer/Songwriter,1.29,1.29,2022-02-08 12:00:00+00:00,250639
1537574405,"Radhe Radhe Ki Japle Tu Maala (From ""Radhe Radhe Ki Japle Tu Maala - Zee Music Devotional"")",Biswajeeta Deb & Amjad Nadeem,"Radhe Radhe Ki Japle Tu Maala (From ""Radhe Radhe Ki Japle Tu Maala - Zee Music Devotional"") - Single",Singer/Songwriter,1.29,1.29,2020-10-27 12:00:00+00:00,290526
1624622281,Hanuman Chalisa by Raj Barman - Zee Music Devotional,Raj Barman & Amjad Nadeem,Hanuman Chalisa by Raj Barman - Zee Music Devotional - Single,Singer/Songwriter,1.29,1.29,2022-05-17 12:00:00+00:00,532000
1627674141,Govind Bolo Hari Gopal Bolo - Zee Music Devotional,Aishwarya Pandit & Sanjeev Chaturvedi,Govind Bolo Hari Gopal Bolo - Zee Music Devotional - Single,Singer/Songwriter,1.29,1.29,2022-06-03 12:00:00+00:00,256571
1529566749,"Aaye Anubhav Kare (From ""Aaye Anubhav Kare - Zee Music Devotional"")","Satish Chandra, Sunaina Setia & Mukesh Tomar","Aaye Anubhav Kare (From ""Aaye Anubhav Kare - Zee Music Devotional"") - Single",Singer/Songwriter,1.29,1.29,2019-12-02 12:00:00+00:00,450133
1551796651,"Om Jai Shiv Omkara - Alka Yagnik (From ""Om Jai Shiv Omkara - Alka Yagnik - Zee Music Devotional"")",Alka Yagnik & Sanjeev Chaturvedi,"Om Jai Shiv Omkara - Alka Yagnik (From ""Om Jai Shiv Omkara - Alka Yagnik - Zee Music Devotional"") - Single",Singer/Songwriter,1.29,1.29,2021-02-02 12:00:00+00:00,515625
1653107172,Achyutam Keshvam by Raj Barman - Zee Music Devotional,Raj Barman & Amjad Nadeem,Achyutam Keshvam by Raj Barman - Zee Music Devotional - Single,Pop,1.29,1.29,2022-11-04 12:00:00+00:00,270968
1529549640,"Hey Govind Hey Gopal (From ""Hey Govind Hey Gopal - Zee Music Devotional"")",Nirali Fozdar & Amjad Nadeem,"Hey Govind Hey Gopal (From ""Hey Govind Hey Gopal - Zee Music Devotional"") - Single",Singer/Songwriter,1.29,1.29,2020-01-16 12:00:00+00:00,248727
1529544506,"Jhoola Jhoole Re Nandlal (From ""Jhoola Jhoole Re Nandlal - Zee Music Devotional"")",Nirali Fozdar & Amjad Nadeem,"Jhoola Jhoole Re Nandlal (From ""Jhoola Jhoole Re Nandlal - Zee Music Devotional"") - Single",Singer/Songwriter,1.29,1.29,2020-01-16 12:00:00+00:00,367826
1590112875,Jai Mata Di Karta Chal by Udit Narayan - Zee Music Devotional,Udit Narayan & Sanjeev Chaturvedi,Jai Mata Di Karta Chal by Udit Narayan - Zee Music Devotional - Single,Singer/Songwriter,1.29,1.29,2021-10-13 12:00:00+00:00,177805
1587834960,Pawan Putra Hanuman - Zee Music Devotional,Alka Yagnik & Sanjeev Chaturvedi,Pawan Putra Hanuman - Zee Music Devotional - Single,Singer/Songwriter,1.29,1.29,2021-09-28 12:00:00+00:00,191642
1551074688,"Jai Ambe Gauri - Alka Yagnik (From ""Jai Ambe Gauri - Alka Yagnik - Zee Music Devotional"")",Alka Yagnik,"Jai Ambe Gauri - Alka Yagnik (From ""Jai Ambe Gauri - Alka Yagnik - Zee Music Devotional"") - Single",Singer/Songwriter,1.29,1.29,2021-01-28 12:00:00+00:00,552500
1529554385,"Ekli Khadi Re Meera Bai (From ""Ekli Khadi Re Meera Bai - Zee Music Devotional "")",Anita Bhatt & Amjad Nadeem,"Ekli Khadi Re Meera Bai (From ""Ekli Khadi Re Meera Bai - Zee Music Devotional "") - Single",Singer/Songwriter,1.29,1.29,2020-01-20 12:00:00+00:00,185685
1607140301,Mann Kailash by Alka Yagnik - Zee Music Devotional,Alka Yagnik & Arko,Mann Kailash by Alka Yagnik - Zee Music Devotional - Single,Singer/Songwriter,1.29,1.29,2022-01-26 12:00:00+00:00,247154
1529533875,"Mara Ghat Ma Birajta Shreenathji (From ""Mara Ghat Ma Birajta Shreenathji - Zee Music Devotional"")",Shuchita Vyas & Amjad Nadeem,"Mara Ghat Ma Birajta Shreenathji (From ""Mara Ghat Ma Birajta Shreenathji - Zee Music Devotional"") - Single",Singer/Songwriter,1.29,1.29,2020-01-09 12:00:00+00:00,397557
1631267008,Jai Bajrang Bali by Anuradha Paudwal - Zee Music Devotional,Anuradha Paudwal & Sanjeev Chaturvedi,Jai Bajrang Bali by Anuradha Paudwal - Zee Music Devotional - Single,Singer/Songwriter,1.29,1.29,2022-06-23 12:00:00+00:00,162000
1537574521,"Govind Chale Aao (From ""Govind Chale Aao - Zee Music Devotional"")",Aishwarya Pandit & Amjad Nadeem,"Govind Chale Aao (From ""Govind Chale Aao - Zee Music Devotional"") - Single",Singer/Songwriter,0.99,0.99,2020-10-27 12:00:00+00:00,288000
1604771691,Diya Jalao Ram Naam Ka by Alka Yagnik - Zee Music Devotional,Alka Yagnik & Arko,Diya Jalao Ram Naam Ka by Alka Yagnik - Zee Music Devotional - Single,Singer/Songwriter,1.29,1.29,2022-01-13 12:00:00+00:00,232776
1559226248,"Jai Ganesh Deva by Alka Yagnik (From ""Jai Ganesh Deva by Alka Yagnik - Zee Music Devotional"")",Alka Yagnik & Sanjeev - Ajay,"Jai Ganesh Deva by Alka Yagnik (From ""Jai Ganesh Deva by Alka Yagnik - Zee Music Devotional"") - Single",Singer/Songwriter,1.29,1.29,2021-03-19 12:00:00+00:00,240000
1570753865,"Ambe Tu Hai Jagdambe Kali by Alka Yagnik (From ""Ambe Tu Hai Jagdambe Kali by Alka Yagnik - Zee Music Devotional"")",Alka Yagnik & Sanjeev Chaturvedi,"Ambe Tu Hai Jagdambe Kali by Alka Yagnik (From ""Ambe Tu Hai Jagdambe Kali by Alka Yagnik - Zee Music Devotional"") - Single",Singer/Songwriter,1.29,1.29,2021-06-04 12:00:00+00:00,207167
1529520138,"Shivoham Shivoham (From ""Shivoham Shivoham - Zee Music Devotional"")",Saumya Upadhyay & Amjad Nadeem,"Shivoham Shivoham (From ""Shivoham Shivoham - Zee Music Devotional"") - Single",Singer/Songwriter,0.99,0.99,2020-01-16 12:00:00+00:00,236000
1299856905,A Million Dreams,"Ziv Zaifman, Hugh Jackman & Michelle Williams",The Greatest Showman (Original Motion Picture Soundtrack),Soundtrack,1.29,9.99,2017-12-08 12:00:00+00:00,269453
1541628660,"Achyutam Keshavam (From ""Achyutam Keshavam - Zee Music Devotional"")",Suresh Wadkar & Sanjeev - Ajay,"Achyutam Keshavam (From ""Achyutam Keshavam - Zee Music Devotional"") - Single",Singer/Songwriter,1.29,1.29,2020-11-23 12:00:00+00:00,553636
1541459898,"Shani Dev Aarti - Om Jai Shani Dev Hareshani Dev Aarti - Om Jai Shani Dev Hare (From ""Shani Dev Aarti - Om Jai Shani Dev Hare - Zee Music Devotional"")",Anup Jalota & Sanjeev - Ajay,"Shani Dev Aarti - Om Jai Shani Dev Hareshani Dev Aarti - Om Jai Shani Dev Hare (From ""Shani Dev Aarti - Om Jai Shani Dev Hare - Zee Music Devotional"") - Single",Singer/Songwriter,1.29,1.29,2020-11-19 12:00:00+00:00,320668
1552315195,"Om Jai Lakshmi Mata - Alka Yagnik (From ""Om Jai Lakshmi Mata - Alka Yagnik - Zee Music Devotional"")",Alka Yagnik & Sanjeev Chaturvedi,"Om Jai Lakshmi Mata - Alka Yagnik (From ""Om Jai Lakshmi Mata - Alka Yagnik - Zee Music Devotional"") - Single",Singer/Songwriter,1.29,1.29,2021-02-04 12:00:00+00:00,445234
1583342689,"Radhe Radhe by Alka Yagnik (From ""Radhe Radhe by Alka Yagnik - Zee Music Devotional"")",Alka Yagnik & Sanjeev Chaturvedi,"Radhe Radhe by Alka Yagnik (From ""Radhe Radhe by Alka Yagnik - Zee Music Devotional"") - Single",Singer/Songwriter,1.29,1.29,2021-08-28 12:00:00+00:00,222056
1529529784,"Nikunj Mein Biraje (From ""Nikunj Mein Biraje - Zee Music Devotional"")",Nitin Kumar,"Nikunj Mein Biraje (From ""Nikunj Mein Biraje - Zee Music Devotional"") - Single",Singer/Songwriter,1.29,1.29,2020-01-16 12:00:00+00:00,261818
1564040654,"Jai Jai Shri Yamuna by Alka Yagnik (From ""Jai Jai Shri Yamuna by Alka Yagnik - Zee Music Devotional"")",Alka Yagnik & Sanjeev - Ajay,"Jai Jai Shri Yamuna by Alka Yagnik (From ""Jai Jai Shri Yamuna by Alka Yagnik - Zee Music Devotional"") - Single",Singer/Songwriter,1.29,1.29,2021-04-21 12:00:00+00:00,362105
1741531684,Shri Ram Chandra Kripalu by Raj Barman - Zee Music Devotional,Raj Barman & Amjad Nadeem,Ram Bhajans,Folk,1.29,11.99,2022-04-28 12:00:00+00:00,323647
885188051,Give It to Me,Brizzo,Zeemusic Ni Zee,Hip-Hop/Rap,0.99,9.99,2014-07-01 12:00:00+00:00,179480
1299856914,The Other Side,Hugh Jackman & Zac Efron,The Greatest Showman (Original Motion Picture Soundtrack),Soundtrack,1.29,9.99,2017-12-08 12:00:00+00:00,214373
1632707698,Kunj Bihari by Anuradha Paudwal - Zee Music Devotional,Anuradha Paudwal & Sanjeev Chaturvedi,Kunj Bihari by Anuradha Paudwal - Zee Music Devotional - Single,Singer/Songwriter,1.29,1.29,2022-07-02 12:00:00+00:00,218710
1584281139,Ambe Rani Ki Jai by Alka Yagnik - Zee Music Devotional,Alka Yagnik & Sanjeev Chaturvedi,Ambe Rani Ki Jai by Alka Yagnik - Zee Music Devotional - Single,Singer/Songwriter,1.29,1.29,2021-09-03 12:00:00+00:00,210612
1584757034,Mera Bhola Bhandari by Alka Yagnik - Zee Music Devotional,Alka Yagnik & Sanjeev Chaturvedi,Mera Bhola Bhandari by Alka Yagnik - Zee Music Devotional - Single,Singer/Songwriter,1.29,1.29,2021-09-07 12:00:00+00:00,168000
1537574609,"Majhe Maher Pandhari (From ""Majhe Maher Pandhari - Zee Music Devotional"")",Vishwajeet Borwankar & Amjad Nadeem,"Majhe Maher Pandhari (From ""Majhe Maher Pandhari - Zee Music Devotional"") - Single",Singer/Songwriter,1.29,1.29,2020-10-27 12:00:00+00:00,276571
1588846399,Chali Aa Sherawali by Alka Yagnik - Zee Music Devotional,Alka Yagnik & Sanjeev Chaturvedi,Chali Aa Sherawali by Alka Yagnik - Zee Music Devotional - Single,Singer/Songwriter,1.29,1.29,2021-10-05 12:00:00+00:00,231908
1529440422,"Vishvambhari Stuti (From ""Vishvambhari Stuti - Zee Music Devotional"")",Preeti Pinky & Amjad Nadeem,"Vishvambhari Stuti (From ""Vishvambhari Stuti - Zee Music Devotional"") - Single",Singer/Songwriter,1.29,1.29,2020-01-09 12:00:00+00:00,481963
1604772000,Diya Jalao Ram Naam Ka by Arko - Zee Music Devotional,Arko,Diya Jalao Ram Naam Ka by Arko - Zee Music Devotional - Single,Singer/Songwriter,1.29,1.29,2022-01-13 12:00:00+00:00,233090
1625234069,Vrindavan Jaungi by Aishwarya Pandit - Zee Music Devotional,Aishwarya Pandit & Sanjeev Chaturvedi,Vrindavan Jaungi by Aishwarya Pandit - Zee Music Devotional - Single,Singer/Songwriter,1.29,1.29,2022-05-20 12:00:00+00:00,163658
1440818685,Stay the Night (feat. Hayley Williams),Zedd,Clarity (Deluxe Edition),Dance,1.29,9.99,2012-10-02 12:00:00+00:00,217344
1744890091,Zee,Teon,Telescoped - EP,Hip-Hop/Rap,0.99,4.95,2024-03-30 12:00:00+00:00,102374
1608347308,Sherawali Maa by Arko - Zee Music Devotional,Arko,Sherawali Maa by Arko - Zee Music Devotional - Single,Singer/Songwriter,1.29,1.29,2022-02-03 12:00:00+00:00,230099
1621480808,Shri Ram Chandra Kripalu by Raj Barman - Zee Music Devotional,Raj Barman & Amjad Nadeem,Shri Ram Chandra Kripalu by Raj Barman - Zee Music Devotional - Single,Singer/Songwriter,1.29,1.29,2022-04-28 12:00:00+00:00,323647
1529720846,"Jagdamba Ghar Mein Diyara (From ""Jagdamba Ghar Mein Diyara - Zee Music Devotional"")",Mamta Raut & Amjad Nadeem,"Jagdamba Ghar Mein Diyara (From ""Jagdamba Ghar Mein Diyara - Zee Music Devotional"") - Single",Singer/Songwriter,1.29,1.29,2020-01-07 12:00:00+00:00,265600
1610696703,Jai Laxmi Mata by Arko - Zee Music Devotional,Arko,Jai Laxmi Mata by Arko - Zee Music Devotional - Single,Singer/Songwriter,1.29,1.29,2022-02-18 12:00:00+00:00,222897
1620150827,Om Sai Namo Namah by Sadhana Sargam - Zee Music Devotional,Sadhana Sargam & Sanjeev Chaturvedi,Om Sai Namo Namah by Sadhana Sargam - Zee Music Devotional - Single,Singer/Songwriter,1.29,1.29,2022-04-20 12:00:00+00:00,411429
1741531680,Diya Jalao Ram Naam Ka by Alka Yagnik - Zee Music Devotional,Alka Yagnik & Arko,Ram Bhajans,Folk,1.29,11.99,2022-01-13 12:00:00+00:00,232776
1639538447,Govardhan Girdhari by Anuradha Paudwal - Zee Music Devotional,Anuradha Paudwal & Sanjeev Chaturvedi,Govardhan Girdhari by Anuradha Paudwal - Zee Music Devotional - Single,Singer/Songwriter,1.29,1.29,2022-08-12 12:00:00+00:00,160374
1609034210,Kanhaiya Re by Arko - Zee Music Devotional,Arko,Kanhaiya Re by Arko - Zee Music Devotional - Single,Singer/Songwriter,1.29,1.29,2022-02-08 12:00:00+00:00,250525
1751833210,Shekhar Ravjianis Hanuman Chalisa - Zee Music Devotional,Shekhar Ravjiani,Hanuman Bhajans,Pop,1.29,11.99,2014-07-29 12:00:00+00:00,541675
1529868389,Saanson Ki Mala Pe Shiv Ka Naam,Aishwarya Pandit,Saanson Ki Maala Pe - Zee Music Devotional,Singer/Songwriter,1.29,11.99,2020-07-17 12:00:00+00:00,368769
1529566094,"Ami Bhareli Nazru Rakho (From ""Ami Bhareli Nazru Rakho - Zee Music Devotional"")",Nirali Fozdar & Amjad Nadeem,"Ami Bhareli Nazru Rakho (From ""Ami Bhareli Nazru Rakho - Zee Music Devotional"") - Single",Singer/Songwriter,1.29,1.29,2020-01-09 12:00:00+00:00,359083
1741531682,Jai Jai Ram by Alka Yagnik - Zee Music Devotional,Alka Yagnik & Sanjeev Chaturvedi,Ram Bhajans,Folk,1.29,11.99,2021-09-09 12:00:00+00:00,187164
1588021708,Jai Bhole by Alka Yagnik - Zee Music Devotional,Alka Yagnik & Sanjeev Chaturvedi,Jai Bhole by Alka Yagnik - Zee Music Devotional - Single,Singer/Songwriter,1.29,1.29,2021-09-29 12:00:00+00:00,152463
1607140159,Mann Kailash by Arko - Zee Music Devotional,Arko,Mann Kailash by Arko - Zee Music Devotional - Single,Singer/Songwriter,1.29,1.29,2022-01-26 12:00:00+00:00,248072
1529547720,"Jai Jai Radha Raman Hari Bol (From ""Jai Jai Radha Raman Hari Bol - Zee Music Devotional"")",Saumya Upadhyay & Amjad Nadeem,"Jai Jai Radha Raman Hari Bol (From ""Jai Jai Radha Raman Hari Bol - Zee Music Devotional"") - Single",Singer/Songwriter,1.29,1.29,2020-01-16 12:00:00+00:00,214056
843002547,"Don't Worry, Be Happy",Zee Avi,Zee Avi's Nightlight,Lullabies,1.29,10.99,2014-04-22 12:00:00+00:00,298183
1583759450,"Jai Govinda by Alka Yagnik (From ""Jai Govinda by Alka Yagnik - Zee Music Devotional"")",Alka Yagnik & Sanjeev Chaturvedi,"Jai Govinda by Alka Yagnik (From ""Jai Govinda by Alka Yagnik - Zee Music Devotional"") - Single",Singer/Songwriter,1.29,1.29,2021-08-31 12:00:00+00:00,235151
1529522049,"Sakali Tomari Ichha (From ""Sakali Tomari Ichha - Zee Music Devotional"")",Paroma Dasgupta & Amjad Nadeem,"Sakali Tomari Ichha (From ""Sakali Tomari Ichha - Zee Music Devotional"") - Single",Singer/Songwriter,1.29,1.29,2020-01-10 12:00:00+00:00,152727
1707303091,"Jai Ganesh Deva by Alka Yagnik (From ""Jai Ganesh Deva by Alka Yagnik - Zee Music Devotional"")",Alka Yagnik & Sanjeev - Ajay,Ganesh Chaturthi Special Bhajans & Aartis,Soundtrack,1.29,9.99,2021-03-19 12:00:00+00:00,240000
1621978891,Om Jai Jagdish Hare by Anup Jalota - Zee Music Devotional,Anup Jalota & Sanjeev Chaturvedi,Om Jai Jagdish Hare by Anup Jalota - Zee Music Devotional - Single,Singer/Songwriter,1.29,1.29,2022-05-02 12:00:00+00:00,325735
1529566273,"Aavo Sikh Satguru Ke Pyareyo (From ""Aavo Sikh Satguru Ke Pyareyo - Zee Music Devotional"")",Srishti Bhandari & Amjad Nadeem,"Aavo Sikh Satguru Ke Pyareyo (From ""Aavo Sikh Satguru Ke Pyareyo - Zee Music Devotional"") - Single",Singer/Songwriter,1.29,1.29,2020-01-17 12:00:00+00:00,300373
1541629217,"Mahamrityunjay Mantra Jaap (From ""Mahamrityunjay Mantra Jaap - Zee Music Devotional"")",Suresh Wadkar & Sanjeev - Ajay,"Mahamrityunjay Mantra Jaap (From ""Mahamrityunjay Mantra Jaap - Zee Music Devotional"")",Singer/Songwriter,,2.99,2020-11-23 12:00:00+00:00,2430698
1643685270,Raanjhana,Arijit Singh & Asad Khan,Best of Zee Music Originals,Pop,1.29,11.99,2019-12-12 12:00:00+00:00,273929
1641113787,"Jai Ganesh Deva by Alka Yagnik (From ""Jai Ganesh Deva by Alka Yagnik - Zee Music Devotional"")",Alka Yagnik & Sanjeev - Ajay,Ganesh Chaturthi Special Aartis and Bhajans 2022,Singer/Songwriter,1.29,9.99,2021-03-19 12:00:00+00:00,240000
1655255564,"Zone (feat. Antwoine Hill, Brandon Trejo & Bryann T)",ZEE,Legendz Never Die,Christian,0.99,9.99,2022-12-09 12:00:00+00:00,192743
1585097220,Jai Jai Ram by Alka Yagnik - Zee Music Devotional,Alka Yagnik & Sanjeev Chaturvedi,Jai Jai Ram by Alka Yagnik - Zee Music Devotional - Single,Singer/Songwriter,1.29,1.29,2021-09-09 12:00:00+00:00,187164
1655255544,King Coming Back,ZEE,Legendz Never Die,Christian,0.99,9.99,2022-12-09 12:00:00+00:00,214312
1741531692,Hey Ram by Anuradha Paudwal - Zee Music Devotional,Anuradha Paudwal & Sanjeev Chaturvedi,Ram Bhajans,Folk,1.29,11.99,2022-06-28 12:00:00+00:00,130256
346410402,India - Jana Gana Mana,"Otto Jensen, Julien Desabrais & Public Domain",World Anthems,Instrumental,0.99,9.99,1997-01-01 12:00:00+00:00,62589
1856679546,"Hamsa Naava (From ""Baahubali 2 - The Conclusion"")",Sony & Deepu,Prabhas Birthday Special Songs (Original Motion Picture Soundtrack),Telugu,0.99,9.99,2025-10-23 12:00:00+00:00,209491
961104549,36 Aayengi 36 Jayengi Meri Wali Toh Mummy Layengi (feat. Sony B),Indeep Bakshi,36 Aayengi 36 Jayengi Meri Wali Toh Mummy Layengi (feat. Sony B) - Single,Indian Pop,1.29,1.29,2015-02-17 12:00:00+00:00,176000
1766441458,Bhaagamathie Theme Song,"Damini Bhatla, Sony, Sahiti, Mohana Bhogaraju & Suchithra",Bhaagamathie (Original Motion Picture Soundtrack) - Single,Telugu,1.29,2.58,2018-01-01 12:00:00+00:00,287208
1839215228,Khathyayani,"Sony Komanduri, S.S. Kanchi & Sinjith Yerramilli",Little Hearts (Original Motion Picture Soundtrack) - EP,Telugu,1.29,2.99,2025-09-10 12:00:00+00:00,164000
1694712686,Holare Hola,J. V. Sudhanshu & Sony Komanduri,Samajavaragamana (Original Motion Picture Soundtrack) - EP,Telugu,0.99,3.96,2023-06-21 12:00:00+00:00,277275
1193595382,Anda Pinda,"Lokeswar, Koushik, Mohana Bhogaraju & Sony",Om Namo Venkatesaya (Original Motion Picture Soundtrack),Telugu,0.99,8.99,2017-01-08 12:00:00+00:00,140958
1822206921,"Sailore (From ""Ghaati"")","Nagavelli Vidya Sagar, Lipsika, Sony Komanduri & Krish Jagarlamudi","Sailore (From ""Ghaati"") - Single",Telugu,1.29,1.29,2025-06-21 12:00:00+00:00,226286
1836160912,Hamsa Naava,Sony & Deepu,Baahubali 2 - The Conclusion (Original Motion Picture Soundtrack),Telugu,0.99,4.95,2017-03-26 12:00:00+00:00,209491
1654878344,En Kanavil (The Love Story),"Sankar Sharma, Arun Alat & Sony Mohan",4 Years (Original Motion Picture Soundtrack),Soundtrack,1.29,9.99,2022-11-16 12:00:00+00:00,385875
1805576264,"Nayaaldhi (From ""Arjun Son Of Vyjayanthi"")","B. Ajaneesh Loknath, Nakash Aziz, Sony Komanduri & Raghu Ram","Nayaaldhi (From ""Arjun Son Of Vyjayanthi"") - Single",Telugu,1.29,1.29,2025-03-31 12:00:00+00:00,202014
1654878381,Oh Manase (The Following),"Sankar Sharma, Mithun Jayaraj & Sony Mohan",4 Years (Original Motion Picture Soundtrack),Soundtrack,1.29,9.99,2022-11-16 12:00:00+00:00,228444
1554244020,Jatt Te Jawani (feat. Karan Aujla),Dilpreet Dhillon,Jatt Te Jawani (feat. Karan Aujla) - Single,Indian Pop,1.29,1.29,2021-02-24 12:00:00+00:00,240000
1573277373,Jatt Te Jawani (feat. Karan Aujla),Dilpreet Dhillon,Next Chapter,Punjabi Pop,1.29,9.99,2021-02-24 12:00:00+00:00,240000
1598064131,Boo Bhabhiye,"Armaan Dhillon, Amninder Bugga, Chet Singh, Basant Kur, Prabh Bains, Kiran Bajwa, Jashan Inder, Sony Dhaliwal, Sofia Inder, Jagjit Jugnu, Jassi Dhaliwal & Bunty Bains",Boo Bhabhiye - Single,Indian Pop,1.29,1.29,2021-12-08 12:00:00+00:00,307069
1390585729,A Aa E Ee,Ankur Tewari,"Sony Music Kids Bachcha Party, Vol. 2",Children's Music,1.29,5.99,2018-06-01 12:00:00+00:00,150467
1338094343,Aachari America Yatra,"Sri Krishna, Aditya Iyengar, Raghuram, Dhanunjay & Sony",Aachari America Yatra (Original Motion Picture Soundtrack) - EP,Telugu,0.99,3.96,2018-01-20 12:00:00+00:00,237778
1835666656,Boogie Woogie,Karthikeya & Sony,Showtime (Original Motion Picture Soundtrack),Telugu,0.99,7.92,2016-09-26 12:00:00+00:00,198324
953908404,So NY,Heems,Eat Pray Thug,Hip-Hop,1.29,9.99,2015-03-10 12:00:00+00:00,220254
1862107914,Walking on Water,DIVINE,Walking on Water,Hip-Hop/Rap,,,2025-12-18 12:00:00+00:00,192000
1038388272,Sony,"Rahul, Ashwini & Dev Chitti",Ennallilaa - EP,Indian,1.29,4.99,2011-11-08 12:00:00+00:00,227303
1133146485,36 Aayengi 36 Jayengi Meri Wali Toh Mummy Layengi (feat. Sony B),Indeep Bakshi,Wakhra Nakhra,Indian Pop,1.29,9.99,2015-02-17 12:00:00+00:00,176000
928962358,Sony Cell Phone,Chakri & Kousalya,Chakram (Original Motion Picture Soundtrack),Telugu,1.29,5.99,2005-02-17 12:00:00+00:00,293637
1842459846,Vere Level,Hymath & Sony,Juvva (Original Motion Picture Soundtrack) - EP,Telugu,0.99,3.96,2018-01-10 12:00:00+00:00,196370
1835666651,Cool Night,Aditya & Sony,Showtime (Original Motion Picture Soundtrack),Telugu,0.99,7.92,2016-09-26 12:00:00+00:00,160481
1606228424,Dil Se Bandhi Ek Dor,Monu Music India,Dil Se Bandhi Ek Dor - Single,Worldwide,0.99,0.99,2021-11-03 12:00:00+00:00,196245
1524748727,Patlo,Sony,Akhiyan,Regional Indian,1.29,8.99,2014-10-10 12:00:00+00:00,137874
1842062468,Rangeeli Raat,"Nitin Arora, Sony Chandy, Daler Mehndi, Master Saleem, Sunidhi Chauhan & Arya",Money Hai Toh Honey Hai (Original Motion Picture Soundtrack),Bollywood,1.29,9.99,2008-06-15 12:00:00+00:00,285827
1702473297,"Neellaa Baayee (From ""Sarkaaru Noukari"")",Sony Komanduri & Sandilya Pisapati,"Neellaa Baayee (From ""Sarkaaru Noukari"") - Single",Telugu,0.99,0.99,2023-08-14 12:00:00+00:00,193498
1842062467,Ta Na Na,"Nitin Arora, Sony Chandy, Kunal Ganjawala, Rekha Bhardwaj, Nitz ""N"" Sony, Earl & Arya",Money Hai Toh Honey Hai (Original Motion Picture Soundtrack),Bollywood,1.29,9.99,2008-06-15 12:00:00+00:00,274520
1314223167,Manja,Sony Dhugga & Deep Jandu,Manja - Single,Indian Pop,0.99,0.99,2017-11-16 12:00:00+00:00,241492
1524748718,Makhan Malai,Sony,Akhiyan,Regional Indian,1.29,8.99,2014-10-10 12:00:00+00:00,120790
882495123,"Uchimandai (From ""Vettaikaaran"")","Krishna Iyer, Vijay Antony, Charulatha Mani, Shoba Chandrasekhar & Shakthisree Gopalan",Sony Music Premier League: Ultimate Dance Collection,Tamil,1.29,16.99,2009-09-23 12:00:00+00:00,252200
1782497734,Arike (feat. Sony Mohan & Jimmy Francis John),Keethan,Arike (feat. Sony Mohan & Jimmy Francis John) - Single,Indian,1.29,1.29,2024-12-13 12:00:00+00:00,245538
1693908389,"Holare Hola (From ""Samajavaragamana"")","J. V. Sudhanshu, Sony Komanduri, Gopi Sundar & Shree Mani","Holare Hola (From ""Samajavaragamana"") - Single",Telugu,0.99,0.99,2023-06-21 12:00:00+00:00,277275
1842062465,Awaara Dil,"Nitin Arora, Sony Chandy, Adnan Sami, Shruti Pathak, Nitz ""N"" Sony, Arya, Bob, Ishq Bector & Shantanu Hudlikar",Money Hai Toh Honey Hai (Original Motion Picture Soundtrack),Bollywood,1.29,9.99,2008-06-15 12:00:00+00:00,263013
1524748731,Saiyan,Sony,Akhiyan,Regional Indian,1.29,8.99,2014-10-10 12:00:00+00:00,138214
1842062466,Chhuriyaan,"Nitin Arora, Sony Chandy, Labh Janjua & Sunidhi Chauhan",Money Hai Toh Honey Hai (Original Motion Picture Soundtrack),Bollywood,1.29,9.99,2008-06-15 12:00:00+00:00,297907
1708444753,Chalte Chalte,Monu Music India,Chalte Chalte - Single,Folk,0.99,0.99,2020-03-18 12:00:00+00:00,138829
1437845114,Devi Kavacham (feat. N/A),J. Bhaktavatsalam & Ganesan,Devi Mahathmiyam,Devotional & Spiritual,,7.99,2018-09-20 12:00:00+00:00,749415
1755317268,Hey Shiva,R. P. Sony & Shreya Rathore,Hey Shiva - Single,Indian,0.99,0.99,2024-07-07 12:00:00+00:00,332349
1371330017,Welcome,Sony,New Year S.P.L. - Single,Indian,1.29,2.58,2018-04-10 12:00:00+00:00,164546
1805766428,Swapnam (feat. Sony Mohan & Shravan Sridhar),Keethan,Swapnam (feat. Sony Mohan & Shravan Sridhar) - Single,Telugu,0.99,0.99,2024-07-12 12:00:00+00:00,216429
1552799377,Apamarjana Stothram (feat. N/A),J. Bhakatavatsalam,Sarva Roga Nivarana Sri Dhanvantari Stothramala (Original),Devotional & Spiritual,,6.99,2021-02-10 12:00:00+00:00,1159019
883641561,"Why This Kolaveri Di ? (From ""3"") [The Soup of Love]",Anirudh Ravichander & Dhanush,Sony Music Premier League: Heartbreaking Hits,Tamil,1.29,16.99,2011-11-16 12:00:00+00:00,260013
1807337501,Sukh Rakhin,Kanwar Grewal & Sony Thulewal,Sukh Rakhin - Single,Indian Pop,1.29,1.29,2023-01-03 12:00:00+00:00,298615
882495158,"Aga Naga (From ""KO"")","Harris Jayaraj, Vijay Prakash, Tipu, Ranina Reddy, Priya Subramaniam & Solar Sai",Sony Music Premier League: Ultimate Dance Collection,Tamil,1.29,16.99,2011-01-17 12:00:00+00:00,322013
1864545590,Khathyayani,"Sony Komanduri, S.S. Kanchi, Sinjith Yerramilli & Kittu Vissapragada",Little Hearts (Original Motion Picture Soundtrack) - EP,Telugu,1.29,2.99,2025-12-26 12:00:00+00:00,164000
1842062464,Money Hai Toh Honey Hai,"Nitin Arora, Sony Chandy, Nitz ""N"" Sony & Harshdeep Kaur",Money Hai Toh Honey Hai (Original Motion Picture Soundtrack),Bollywood,1.29,9.99,2008-06-15 12:00:00+00:00,211253
1834043942,Kalale,Keethan & Sony Mohan,Kalale - Single,Indian Pop,1.29,1.29,2025-08-29 12:00:00+00:00,245538
1312272556,Bhedhe Supne,Sony Aulakh,Bhedhe Supne - Single,Indian Pop,1.29,1.29,2016-04-13 12:00:00+00:00,206292
1779674203,Ee Ormappuzhayum Kadann,"Sony Sai, Shiva Saran & Mahesh Mohan Shiva",Ee Ormappuzhayum Kadann - Single,Malayalam,0.99,0.99,2024-11-19 12:00:00+00:00,239847
1856505016,"Vanavaasam (From ""Mowgli 2025"")","Kaala Bhairava, Sony Komanduri & Kalyan Chakravarthy","Vanavaasam (From ""Mowgli 2025"") - Single",Telugu,1.29,1.29,2025-11-27 12:00:00+00:00,294013
1524748404,Akhiyan,Sony,Akhiyan,Regional Indian,1.29,8.99,2014-10-10 12:00:00+00:00,109087
1642119839,Ona Veyil Olangalil,"M. G. Sreekumar, Sony Sai & Sudheesh",Bombay March 12 (Original Motion Picture Soundtrack) - EP,Malayalam,0.99,5.94,2011-01-01 12:00:00+00:00,233762
1203751219,Shubharambh (Theme),Nitin Arora & Sony Chandy,Swami (Original Motion Picture Soundtrack),Bollywood,0.99,9.99,2007-01-01 08:00:00+00:00,113001
1437845117,Argala Stotram (feat. N/A),J. Bhaktavatsalam & Ganesan,Devi Mahathmiyam,Devotional & Spiritual,0.69,7.99,2018-09-20 12:00:00+00:00,346644
1838010365,Sailore,"Nagavelli Vidya Sagar, Lipsika & Sony Komanduri",GHAATI (Original Motion Picture Soundtrack) - EP,Telugu,1.29,2.99,2025-06-21 12:00:00+00:00,226286
882495103,"Aadu Machi (From ""Naan Sigappu Manithan"") [Club Mix by DJ Vijay Chawla]","G.V. Prakash Kumar, Gana Bala, Vijay Prakash, Megha & Aaryan Dinesh Kanagaratnam",Sony Music Premier League: Ultimate Dance Collection,Tamil,1.29,16.99,2014-03-13 12:00:00+00:00,306453
1524748736,Tere Nain,Sony,Akhiyan,Regional Indian,1.29,8.99,2014-10-10 12:00:00+00:00,106971
1596583942,"Eu Tava Macetando Você, Me Bota Vai","Mc J Mito, Mc India & Sony no beat","Eu Tava Macetando Você, Me Bota Vai - Single",Brazilian,1.29,1.29,2021-11-24 12:00:00+00:00,121091
1696091107,Jawai,Sony Maan,Jawai - Single,Regional Indian,0.69,0.69,2023-01-03 12:00:00+00:00,203125
1781404318,Psychedelic Thiruvonam,"Sreejith Edavana, Praveen Raveendran & Adhitya Sony",Psychedelic Thiruvonam - Single,Malayalam,0.99,0.99,2023-08-25 12:00:00+00:00,187298
1781390215,Gopala Krishnudu,"Jai Srinivas, Sony & Vasundhara Creations",Seenu Venu (Original Motion Picture Soundtrack) - EP,Telugu,0.99,4.95,2019-10-17 12:00:00+00:00,256839
1599345248,koi si (feat. Sony H),jag roop,koi si (feat. Sony H) - Single,Indian,0.99,0.99,2021-11-18 12:00:00+00:00,198397
1824859261,BETA BHOLENATH KA,"Satyam Tiwari, R P Sony & Janki Sony",BETA BHOLENATH KA - Single,Bhojpuri,0.99,0.99,2025-07-06 12:00:00+00:00,247576
213501632,"India: Sanai Gath: Raga Kaphi, Classical",,Music of the World's People: Volume One,Worldwide,0.99,11.99,1951-01-01 12:00:00+00:00,210093
882495152,"Ethir Neechal (From ""Ethir Neechal"")","Anirudh Ravichander, Yo Yo Honey Singh & Aadhi",Sony Music Premier League: Ultimate Dance Collection,Tamil,1.29,16.99,2012-12-15 12:00:00+00:00,270720
1842452028,Edu Swaralaloni,Usha Raj,Mondi Ghatam (Original Motion Picture Soundtrack) - EP,Telugu,0.99,3.96,1982-09-06 12:00:00+00:00,352627
1524748407,Boliyan,Sony,Akhiyan,Regional Indian,1.29,8.99,2014-10-10 12:00:00+00:00,88346
1357906262,Truck on Highway,Sony Nathowalia,Truck on Highway - Single,Indian,0.99,0.99,2018-03-09 12:00:00+00:00,191717
1650583626,Birthday Song - 1 Min Music,Sony Komanduri,Birthday Song - 1 Min Music - Single,Indian Pop,0.99,0.99,2022-08-18 12:00:00+00:00,60131
883641555,"Po Nee Po (From ""3"") [The Pain of Love]",Anirudh Ravichander & Mohit Chauhan,Sony Music Premier League: Heartbreaking Hits,Tamil,1.29,16.99,2011-12-23 12:00:00+00:00,251787
1805766521,kadhali (acoustic),"Keethan, Sony Mohan & Jimmy Francis John",kadhali (acoustic) - Single,Tamil,0.99,0.99,2024-04-12 12:00:00+00:00,95652
1524748412,Dhon Sarahi,Sony,Akhiyan,Regional Indian,1.29,8.99,2014-10-10 12:00:00+00:00,99213
1805766239,Kannorathil (feat. Sony Mohan & Shravan Sridhar),Keethan,Kannorathil (feat. Sony Mohan & Shravan Sridhar) - Single,Tamil,0.99,0.99,2024-07-12 12:00:00+00:00,216429
923032858,Sony Sony,Shaan Rahman,Saheba Subrahmanyam (Original Motion Picture Soundtrack),Telugu,1.29,7.99,2014-06-21 12:00:00+00:00,247680
1524748734,Sharbat Lagda,Sony,Akhiyan,Regional Indian,1.29,8.99,2014-10-10 12:00:00+00:00,117159
1221830153,Meri Toom,Sony Aulakh,Meri Toom - Single,Indian,1.29,1.29,2017-03-31 12:00:00+00:00,201176
1437845122,Rathri Suktham (feat. N/A),J. Bhaktavatsalam & Ganesan,Devi Mahathmiyam,Devotional & Spiritual,0.69,7.99,2018-09-20 12:00:00+00:00,114072
1528138801,Kaun Gali Gayo Shyam (feat. Na),Ustad Barkat Ali Khan,Thumris From Patiala,Indian Folk,,9.99,2020-08-21 12:00:00+00:00,1409627
1437845118,Keelaka Stotram (feat. N/A),J. Bhaktavatsalam & Ganesan,Devi Mahathmiyam,Devotional & Spiritual,0.69,7.99,2018-09-20 12:00:00+00:00,215154
1437845126,"Adhyayam, Pt. 1 (feat. N/A)",J. Bhaktavatsalam & Ganesan,Devi Mahathmiyam,Devotional & Spiritual,,7.99,2018-09-20 12:00:00+00:00,1095585
213501682,India: Bombay Orchestra,,Music of the World's People: Volume One,Worldwide,0.99,11.99,1951-01-01 12:00:00+00:00,192880
1528094219,Dil Ke Dardiya,Chandan Rawat Soni & Sony,Hoke Juda - Single,Regional Indian,1.29,2.58,2020-08-10 12:00:00+00:00,178286
1528093933,Hoke Juda,Chandan Rawat Soni & Sony,Hoke Juda - Single,Regional Indian,1.29,2.58,2020-08-10 12:00:00+00:00,381867
1634979631,Vaana Veetilae,"Simon K King, Sony Daffodil, Sanah Moidutty & Shilvi Sharon",Paper Rocket (Original Motion Picture Soundtrack),Tamil,1.29,3.99,2022-07-18 12:00:00+00:00,209600
1600011623,Yesu Raja Janam Din,Sony,Yesu Raja Janam Din - Single,Indian,0.99,0.99,2021-12-13 12:00:00+00:00,242349
1437845124,Poorva Nayasam (feat. N/A),J. Bhaktavatsalam & Ganesan,Devi Mahathmiyam,Devotional & Spiritual,0.69,7.99,2018-09-20 12:00:00+00:00,266406
882495102,"Aathangara Orathil (From ""Yaan"")","Harris Jayaraj, Gana Bala & MC Vickey",Sony Music Premier League: Ultimate Dance Collection,Tamil,1.29,16.99,2014-05-12 12:00:00+00:00,264667
1789327067,Bille Bille Nain,"Sony Bondli, Beatcop & Sandeep Singh Maan",Bille Bille Nain - Single,Indian Pop,1.29,1.29,2025-01-10 12:00:00+00:00,184000
1604772184,Rahasya Premikudu,Sony Komanduri,Super Machi (Original Motion Picture Soundtrack) - EP,Telugu,0.99,4.95,2022-01-13 12:00:00+00:00,243047
1707837721,"Cult Mama (From ""Skanda"")","Thaman S., Saicharan Bhaskaruni, Sony Komanduri & Deepak Ramakrishnan","Cult Mama (From ""Skanda"") - Single",Regional Indian,1.29,1.29,2023-09-18 12:00:00+00:00,248000
1704350180,Nee Kaanave,"M.M. Keeravani, Sony Komanduri & Madhan Karky",Chandramukhi 2 (Telugu) [Original Motion Picture Soundtrack],Telugu,1.29,9.99,2023-08-25 12:00:00+00:00,162075
1868341680,Qaid,Sony Dhaliwal,Qaid - Single,Punjabi Pop,0.69,0.69,2022-02-02 12:00:00+00:00,144000
1806586202,Kannorath (Duet),"Keethan, Sony Mohan & K.S. Harisankar",Karthi Kalyani - EP,Regional Indian,0.99,3.99,2024-05-18 12:00:00+00:00,216429
1805766334,Saniha (feat. Sony Mohan & Shravan Sridhar),Keethan,Saniha (feat. Sony Mohan & Shravan Sridhar) - Single,Regional Indian,0.99,0.99,2024-07-12 12:00:00+00:00,216429
883641553,"Oh Penne (From ""Vanakkam Chennai"")",Anirudh Ravichander & Vishal Dadlani,Sony Music Premier League: Heartbreaking Hits,Tamil,1.29,16.99,2013-07-27 12:00:00+00:00,276400
1419844352,Mere Wali Jatti,B Sony,Mere Wali Jatti - Single,Indian Pop,1.29,1.29,2018-02-02 12:00:00+00:00,221500
1636160860,Latest Bollywood Song 2022  Romantic Hindi Song 2022  Ehsaas  Yogesh Mintoo  DK Darvesh (Love Version),Yogesh Mintoo,Latest Bollywood Song 2022  Romantic Hindi Song 2022  Ehsaas  Yogesh Mintoo  DK Darvesh - Single,Singer/Songwriter,0.99,0.99,2022-07-20 12:00:00+00:00,231067
1328384481,"Kaun Tujhe (from ""M.S. Dhoni: The Untold Story"")",Palak Muchhal,Bollywood Romantic Hits 2017,Bollywood,0.99,10.99,2016-08-22 12:00:00+00:00,241449
1328384488,"Jab Tak (from ""M.S. Dhoni: The Untold Story"")",Armaan Malik,Bollywood Romantic Hits 2017,Bollywood,0.99,10.99,2016-08-22 12:00:00+00:00,174039
1328384477,Pehli Dafa,Atif Aslam,Bollywood Romantic Hits 2017,Bollywood,0.99,10.99,2017-01-06 12:00:00+00:00,298771
1328384485,"Hoor (from ""Hindi Medium"")",Atif Aslam,Bollywood Romantic Hits 2017,Bollywood,0.99,10.99,2017-04-19 12:00:00+00:00,237360
1328384476,"Humsafar (from ""Badrinath Ki Dulhania"")",Akhil Sachdeva & Mansheel Gujral,Bollywood Romantic Hits 2017,Bollywood,0.99,10.99,2017-02-21 12:00:00+00:00,268463
1328384474,"Ik Vaari Aa (from ""Raabta"")",Arijit Singh,Bollywood Romantic Hits 2017,Bollywood,0.99,10.99,2017-04-21 12:00:00+00:00,274687
1328384475,"Tere Mere Reprise (from ""Chef"")",Armaan Malik,Bollywood Romantic Hits 2017,Bollywood,0.99,10.99,2017-10-12 12:00:00+00:00,239560
1328384482,"Bawara Mann (from ""Jolly LLB 2"")",Jubin Nautiyal & Neeti Mohan,Bollywood Romantic Hits 2017,Bollywood,0.99,10.99,2017-01-11 12:00:00+00:00,216073
1328384483,"Darasal (from ""Raabta"")",Atif Aslam,Bollywood Romantic Hits 2017,Bollywood,0.99,10.99,2017-06-03 12:00:00+00:00,274354
1328384486,"Kisi Se Pyar Ho Jaye (from ""Kaabil"")",Jubin Nautiyal,Bollywood Romantic Hits 2017,Bollywood,0.99,10.99,2016-12-22 12:00:00+00:00,250457
1670639776,Bahon Ke Darmiyan (The Unwind Mix),Raman Mahadevan & Anwesshaa,Romantic Hindi Songs - Unplugged,Bollywood,0.99,9.99,2015-12-04 12:00:00+00:00,312667
1670639501,Neele Neele Ambar Par (The Unwind Mix),Ash King,Romantic Hindi Songs - Unplugged,Bollywood,0.99,9.99,2014-11-24 12:00:00+00:00,214075
1670639243,Pal Pal Dil Ke Paas (The Unwind Mix),Mohammed Irfan,Romantic Hindi Songs - Unplugged,Bollywood,0.99,9.99,2014-11-24 12:00:00+00:00,247869
1670638900,Dilbar Mere (The Unwind Mix),Rahul Vaidya,Romantic Hindi Songs - Unplugged,Bollywood,0.99,9.99,2015-12-04 12:00:00+00:00,248533
1670639481,Samne Yeh Kaun Aaya (The Unwind Mix),Ash King,Romantic Hindi Songs - Unplugged,Bollywood,0.99,9.99,2014-11-24 12:00:00+00:00,242581
1670639487,Kya Yahi Pyar Hai (The Unwind Mix),Meiyang Chang & Shashaa Tirupati,Romantic Hindi Songs - Unplugged,Bollywood,0.99,9.99,2014-11-24 12:00:00+00:00,272165
1670639956,Tu Hi Re (The Unwind Mix),Raman Mahadevan,Romantic Hindi Songs - Unplugged,Bollywood,0.99,9.99,2014-11-24 12:00:00+00:00,303886
1170698158,Love Me Now,John Legend,Darkness and Light,R&B/Soul,1.29,10.99,2016-10-07 07:00:00+00:00,210293
1670639974,Dil Kya Kare (The Unwind Mix),Arnab Chakraborty & Rajesh Roshan,Romantic Hindi Songs - Unplugged,Bollywood,0.99,9.99,2014-11-24 12:00:00+00:00,308182
1670639963,Hothon Se Chhu Lo Tum (The Unwind Mix),Mohammed Irfan,Romantic Hindi Songs - Unplugged,Bollywood,0.99,9.99,2015-12-04 12:00:00+00:00,194947
1670639981,Pyar Manga Hai Tumhi Se (The Unwind Mix),Sreerama Chandra,Romantic Hindi Songs - Unplugged,Bollywood,0.99,9.99,2016-09-09 12:00:00+00:00,264405
1670640305,Saagar Kinare (The Unwind Mix),Arnab Chakraborty & Anwesshaa,Romantic Hindi Songs - Unplugged,Bollywood,0.99,9.99,2015-12-04 12:00:00+00:00,256973
1670640948,Wada Karo (The Unwind Mix),"Arnab Chakraborty, Akriti Kakar & R.D. Burman",Romantic Hindi Songs - Unplugged,Bollywood,0.99,9.99,2014-11-24 12:00:00+00:00,229333
1443072098,"Love Me Like You Do (From ""Fifty Shades of Grey"")",Ellie Goulding,Delirium (Deluxe),Pop,1.29,13.99,2015-01-07 12:00:00+00:00,252534
1670640296,Kitne Bhi Tu Karle Sitam (The Unwind Mix),Sreerama Chandra & R.D. Burman,Romantic Hindi Songs - Unplugged,Bollywood,0.99,9.99,2014-01-01 12:00:00+00:00,222227
1670640961,Roz Roz Ankhon Tale (The Unwind Mix),Akriti Kakar & Anubhav Suman,Romantic Hindi Songs - Unplugged,Bollywood,0.99,9.99,2014-11-24 12:00:00+00:00,260645
1670638878,Tu Tu Hai Wohi (The Unwind Mix),Jonita Gandhi,Romantic Hindi Songs - Unplugged,Bollywood,0.99,9.99,2015-12-04 12:00:00+00:00,316013
724348972,Somebody Like You,Keith Urban,Golden Road,Country,1.29,9.99,2002-10-08 07:00:00+00:00,323040
1537031094,Pehli Nazar Mein,Atif Aslam & Pritam,Race (Original Motion Picture Soundtrack),Bollywood,1.29,13.99,2008-01-25 12:00:00+00:00,312893
1670639251,Saagar Jaisi Aankhon Wali (The Unwind Mix),Sreerama Chandra,Romantic Hindi Songs - Unplugged,Bollywood,0.99,9.99,2014-01-01 12:00:00+00:00,264000
1134725347,Tum Se Hi,Pritam & Mohit Chauhan,Jab We Met (Original Motion Picture Soundtrack),Bollywood,0.99,8.99,2007-09-18 07:00:00+00:00,321225
1670639790,Chhukar Mere Man Ko (The Unwind Mix),Mohammad Irfan,Romantic Hindi Songs - Unplugged,Bollywood,0.99,9.99,2014-11-24 12:00:00+00:00,222000
1637645960,Summer High,AP Dhillon,Summer High - Single,Pop,0.99,0.99,2022-05-08 12:00:00+00:00,177391
1123241929,Tum Ho,Mohit Chauhan & Suzanne D'Mello,Rockstar (Original Motion Picture Soundtrack),Bollywood,1.29,7.99,2011-09-30 07:00:00+00:00,316500
1121136870,Kabhi Kabhi Aditi,Rashid Ali,Jaane Tu... Ya Jaane Na (Original Motion Picture Soundtrack),Bollywood,0.99,5.99,2008-05-20 07:00:00+00:00,218836
1111741439,Galliyan,Ankit Tiwari,Ek Villain (Original Motion Picture Soundtrack),Bollywood,0.99,4.99,2014-05-11 07:00:00+00:00,340400
1158884517,Kaun Tujhe,Palak Muchhal,M.S. Dhoni: The Untold Story (Original Motion Picture Soundtrack),Bollywood,0.99,5.99,2016-08-22 07:00:00+00:00,241449
1119070358,Jag Ghoomeya,Vishal & Shekhar & Rahat Fateh Ali Khan,Sultan (Original Motion Picture Soundtrack),Bollywood,0.69,3.99,2016-05-31 07:00:00+00:00,281992
668941197,O Re Piya,Rahat Fateh Ali Khan,Aaja Nachle (Original Motion Picture Soundtrack),Bollywood,0.69,3.99,2004-01-01 12:00:00+00:00,379768
1670640313,Aise Na Mujhe Tum Dekho (The Unwind Mix),Ash King,Romantic Hindi Songs - Unplugged,Bollywood,0.99,9.99,2014-01-01 12:00:00+00:00,162587
1534551261,Bang Bang,"Benny Dayal, Neeti Mohan & Vishal & Shekhar",Bang Bang (Original Motion Picture Soundtrack),Bollywood,1.29,6.45,2014-09-15 12:00:00+00:00,320000
1670640291,Kehdoon Tumhe (The Unwind Mix),Arnab Chakraborty & Akriti Kakar,Romantic Hindi Songs - Unplugged,Bollywood,0.99,9.99,2014-01-01 12:00:00+00:00,231493
1536519898,Taal Se Taal,Alka Yagnik & Udit Narayan,Taal (Original Motion Picture Soundtrack),Bollywood,1.29,10.99,1999-06-12 12:00:00+00:00,378027
1670640287,Jaane Kya Baat Hai (The Unwind Mix),Prajakta Shukre,Romantic Hindi Songs - Unplugged,Bollywood,0.99,9.99,2014-11-24 12:00:00+00:00,295579
299583026,Zara Sa,KK & Pritam,Jannat (Original Motion Picture Soundtrack),Bollywood,1.29,6.99,2008-02-29 08:00:00+00:00,303680
1468448746,Pehla Pyaar,Vishal Mishra & Armaan Malik,Kabir Singh (Original Motion Picture Soundtrack),Bollywood,0.99,7.99,2019-06-14 12:00:00+00:00,272533
673686210,My Dil Goes Mmmm,"Vishal & Shekhar, Gayatri Iyer & Shaan",Salaam Namaste (Original Motion Picture Soundtrack),Bollywood,0.69,3.99,2005-03-08 12:00:00+00:00,452833
1111741440,Banjaara,Mohammed Irfan,Ek Villain (Original Motion Picture Soundtrack),Bollywood,0.99,4.99,2014-05-18 07:00:00+00:00,336567
1607899544,Chukar Mere Man Ko (The Unwind Mix),Mohammed Irfan,Old Hindi Songs Unplugged,Bollywood,0.99,9.99,2014-11-24 12:00:00+00:00,222000
1607899558,Maine Puchha Chand Se (The Unwind Mix),Rahul Vaidya,Old Hindi Songs Unplugged,Bollywood,0.99,9.99,2017-01-01 12:00:00+00:00,213626
1607899923,Hothon Se Chhu Lo Tum (The Unwind Mix),Mohammed Irfan,Old Hindi Songs Unplugged,Bollywood,0.99,9.99,2015-12-04 12:00:00+00:00,194947
1607900425,Pal Pal Dil Ke Paas (The Unwind Mix),Mohammed Irfan,Old Hindi Songs Unplugged,Bollywood,0.99,9.99,2014-11-24 12:00:00+00:00,247869
1607899897,Kitne Bhi Tu Karle Sitam (The Unwind Mix),Sreerama Chandra & R.D. Burman,Old Hindi Songs Unplugged,Bollywood,0.99,9.99,2014-01-01 12:00:00+00:00,222227
1607900084,Dilbar Mere (The Unwind Mix),Rahul Vaidya,Old Hindi Songs Unplugged,Bollywood,0.99,9.99,2015-12-04 12:00:00+00:00,248533
1607900092,Hum Bewafa Hargiz Na Thay (The Unwind Mix),Mohammed Irfan,Old Hindi Songs Unplugged,Bollywood,0.99,9.99,2015-12-04 12:00:00+00:00,283227
1607899913,Wada Karo (The Unwind Mix),"Arnab Chakraborty, Akriti Kakar & R.D. Burman",Old Hindi Songs Unplugged,Bollywood,0.99,9.99,2014-11-24 12:00:00+00:00,229333
1684677290,Old Hindi Songs,Sound Therapy Masters,"Healing Nature Sounds (Relaxing Raindrops, Forest Music, Wildlife Animals) - Old Hindi Songs",New Age,0.99,5.99,2023-04-20 12:00:00+00:00,184019
1696005554,"Kehna Hi Kya (From ""Bombay"")",Chitra,Old Hindi Songs,Soundtrack,,,1995-01-01 12:00:00+00:00,353893
1607900100,Dil Kya Kare (The Unwind Mix),Arnab Chakraborty & Rajesh Roshan,Old Hindi Songs Unplugged,Bollywood,0.99,9.99,2014-11-24 12:00:00+00:00,308182
1696005916,"Chori Chori Chupke Chupke (From ""Chori Chori Chupke Chupke"")",Alka Yagnik & Babul Supriyo,Old Hindi Songs,Soundtrack,,,2000-01-01 12:00:00+00:00,455000
1607899541,Tu Tu Hai Wohi (The Unwind Mix),Jonita Gandhi,Old Hindi Songs Unplugged,Bollywood,0.99,9.99,2015-12-04 12:00:00+00:00,316013
1607900078,Neele Neele Ambar Par (The Unwind Mix),Ash King,Old Hindi Songs Unplugged,Bollywood,0.99,9.99,2014-11-24 12:00:00+00:00,214075
1817507846,Main Teri Ho Gayee (Khoon Pasina / Soundtrack Version),Lata Mangeshkar,Old Hindi Songs - Vol.1,Soundtrack,,,1977-01-01 12:00:00+00:00,381440
1607900662,Chalte Chalte (The Unwind Mix),Abhijeet Sawant,Old Hindi Songs Unplugged,Bollywood,0.99,9.99,2015-12-04 12:00:00+00:00,278480
1607900418,Pyar Manga Hai Tumhi Se (The Unwind Mix),Sreerama Chandra,Old Hindi Songs Unplugged,Bollywood,0.99,9.99,2016-09-09 12:00:00+00:00,264405
1696004895,"Tu Hi Re (From ""Bombay"")",Hariharan & Kavita Krishnamurthy,Old Hindi Songs,Soundtrack,,,1995-01-01 12:00:00+00:00,435493
1817508139,Cham Cham Barse (Priyatama / Soundtrack Version),Asha Bhosle,Old Hindi Songs - Vol.1,Soundtrack,,,1977-01-01 12:00:00+00:00,328160
1607900430,Samne Yeh Kaun Aaya (The Unwind Mix),Ash King,Old Hindi Songs Unplugged,Bollywood,0.99,9.99,2014-11-24 12:00:00+00:00,242581
1696005462,"Bahon Ke Darmiyan (From ""Khamoshi - The Musical"")",Alka Yagnik & Hariharan,Old Hindi Songs,Soundtrack,,,1996-01-01 12:00:00+00:00,409027
1607900650,Kya Yahi Pyar Hai (The Unwind Mix),Meiyang Chang & Shashaa Tirupati,Old Hindi Songs Unplugged,Bollywood,0.99,9.99,2014-11-24 12:00:00+00:00,272165
1607900658,Roz Roz Ankhon Tale (The Unwind Mix),Akriti Kakar & Anubhav Suman,Old Hindi Songs Unplugged,Bollywood,0.99,9.99,2014-11-24 12:00:00+00:00,260645
1607899550,Kehdoon Tumhe (The Unwind Mix),Arnab Chakraborty & Akriti Kakar,Old Hindi Songs Unplugged,Bollywood,0.99,9.99,2014-01-01 12:00:00+00:00,231493
1696005205,"Kabhi Sham Dhale (From ""Sur (The Melody Of Life)"")",Mahalaxmi,Old Hindi Songs,Soundtrack,,,2002-01-01 12:00:00+00:00,485773
1696005142,"Badi Mushkil (From ""Lajja"")",Alka Yagnik,Old Hindi Songs,Soundtrack,,,2001-01-01 12:00:00+00:00,363186
1696005025,"Tu Jo Hans Hans Ke (From ""Raja Bhaiya"")",Udit Narayan & Kavita Krishnamurthy,Old Hindi Songs,Soundtrack,,,2003-01-01 12:00:00+00:00,302481
1696005165,Meri Chunar Udd Udd Jaye,Falguni Pathak,Old Hindi Songs,Pop,,,2000-01-01 12:00:00+00:00,409707
1607900424,Jaane Kya Baat Hai (The Unwind Mix),Prajakta Shukre,Old Hindi Songs Unplugged,Bollywood,0.99,9.99,2014-11-24 12:00:00+00:00,295579
1607900653,Aise Na Mujhe Tum Dekho (The Unwind Mix),Ash King,Old Hindi Songs Unplugged,Bollywood,0.99,9.99,2014-01-01 12:00:00+00:00,162587
1696005732,"Silsila Ye Chahat Ka (From ""Devdas"")",Shreya Ghoshal,Old Hindi Songs,Soundtrack,,,2002-01-01 12:00:00+00:00,326902
1696005527,Dekhne Walon Ne (From ''Chori Chori Chupke Chupke''),Udit Narayan & Alka Yagnik,Old Hindi Songs,Soundtrack,,,2000-01-01 12:00:00+00:00,373176
1696005535,Saawan Mein,Falguni Pathak,Old Hindi Songs,Pop,,,2001-01-01 12:00:00+00:00,295067
1696005216,"Chann Chann (From ""Munnabhai MBBS"")",Shreya Ghoshal & Vinod Rathod,Old Hindi Songs,Soundtrack,,,2003-10-17 12:00:00+00:00,419533
1696005923,"Aa Bhi Ja Aa Bhi Ja (From ""Sur (The Melody Of Life)"")",Lucky Ali & Sunidhi Chauhan,Old Hindi Songs,Soundtrack,,,2002-01-01 12:00:00+00:00,358745
1696005707,"Aap Mujhe Achche Lagne Lage (From ""Aap Mujhe Achche Lagne Lage"")",Alka Yagnik & Abhijeet,Old Hindi Songs,Soundtrack,,,2004-01-01 12:00:00+00:00,432747
1696005714,"Dil Mein Dard Sa (From ""Kranti"")",Udit Narayan & Alka Yagnik,Old Hindi Songs,Soundtrack,,,2001-01-01 12:00:00+00:00,246633
1817508117,Bheega Badan Jalne Laga (Abdullah / Soundtrack Version),Asha Bhosle & R.D. Burman,Old Hindi Songs - Vol.1,Soundtrack,,,1980-01-01 12:00:00+00:00,237547
1696005940,"Aaj Main Upar (From ""Khamoshi - The Musical"")",Kavita Krishnamurthy & Kumar Sanu,Old Hindi Songs,Soundtrack,,,1996-01-01 12:00:00+00:00,331333
1696005931,"Aaila Re (From ""Jung"")",Anu Malik & Alka Yagnik,Old Hindi Songs,Soundtrack,,,2000-01-01 12:00:00+00:00,346627
1696006626,"Maar Daala (From ""Devdas"")",Kavita Krishnamurthy & KK,Old Hindi Songs,Soundtrack,,,2002-01-01 12:00:00+00:00,280080
1696006438,"Jaane Kya Dhoondta Hai (From ""Sur (The Melody Of Life)"")",Lucky Ali,Old Hindi Songs,Soundtrack,,,2002-01-01 12:00:00+00:00,426173
1696006127,"Prem Jaal (From ""Jis Desh Mein Ganga Rehta Hai"")",Anuradah Sriram & Sukhwinder Singh,Old Hindi Songs,Soundtrack,,,2000-01-01 12:00:00+00:00,289369
1696006432,Pehli Baar (Jungle / Soundtrack Version),Sonu Nigam & Sunidhi Chauhan,Old Hindi Songs,Soundtrack,,,2000-01-01 12:00:00+00:00,291867
1696006622,"Jab Tum Aa Jaate Ho (From ""Maharaja"")",Sonu Nigam & Kavita Krishnamurthy,Old Hindi Songs,Soundtrack,,,1998-01-01 12:00:00+00:00,407586
1696006133,Maine Tujhko Pyar Kiya Hai (Talaashi / Soundtrack Version),Kavita Krishnamurthy & Unknown,Old Hindi Songs,Soundtrack,,,1995-01-01 12:00:00+00:00,482800
1696006148,"Kehna Hai (From ""Chori Chori"")",Alka Yagnik & Kumar Sanu,Old Hindi Songs,Soundtrack,,,2001-01-01 12:00:00+00:00,331411
1696006138,"Aaja Aaja (From ""Jaani Dushman"")",Udit Narayan & Alka Yagnik,Old Hindi Songs,Soundtrack,,,2002-01-01 12:00:00+00:00,415287
1696006131,"Tere Dil Pe Naam Na Likh Do (From ""Kohram"")",Hariharan & Alka Yagnik,Old Hindi Songs,Soundtrack,,,1999-01-01 12:00:00+00:00,362006
1696006607,"Mere Bina Tum (From ""Jung"")",Kumar Sanu & Alka Yagnik,Old Hindi Songs,Soundtrack,,,2000-01-01 12:00:00+00:00,330856
1696006632,"Janam Janam Jo Saath (From ""Raja Bhaiya"")",Udit Narayan & Alka Yagnik,Old Hindi Songs,Soundtrack,,,2003-01-01 12:00:00+00:00,319964
1696006450,"Saagar Kinare Do Dil Hai Pyase (From ""Khamoshi - The Musical"")",Udit Narayan & Sulakshana Pandit,Old Hindi Songs,Soundtrack,,,1996-01-01 12:00:00+00:00,359933
1749543046,Nahin Nahin Abhi Nahin (The Unwind Mix),Ash King & Jonita Gandhi,Old Hindi Songs - New Versions,Indian Pop,0.99,9.99,2014-01-01 12:00:00+00:00,234693
1749543548,Jaane Jaan Dhoondta (The Unwind Mix),Abhijeet Sawant & Sumedha Karmahe,Old Hindi Songs - New Versions,Indian Pop,0.99,9.99,2014-01-01 12:00:00+00:00,307368
1817490255,"Jane Jigar (From ""Pukar"")",Kishore Kumar & R.D. Burman,Old Hindi Songs - Vol.2,Soundtrack,,,1983-01-01 12:00:00+00:00,372200
1749543558,Pal Bhar Ke Liye (The Unwind Mix),Sreerama Chandra,Old Hindi Songs - New Versions,Indian Pop,0.99,9.99,2018-05-16 12:00:00+00:00,223529
1749543775,Dil Kya Kare (The Unwind Mix),Arnab Chakraborty,Old Hindi Songs - New Versions,Indian Pop,0.99,9.99,2014-11-24 12:00:00+00:00,308182
1749543554,Choodi Nahin Yeh Mera Dil Hai (The Unwind Mix),Abhijeet Sawant,Old Hindi Songs - New Versions,Indian Pop,0.99,9.99,2018-06-22 12:00:00+00:00,269352
1817507323,"Mere Dil Mein Tu Hi Tu Hai (From ""International Crook"")",Kishore Kumar,Old Hindi Songs - Vol.1,Soundtrack,,,2006-01-01 12:00:00+00:00,332105
1749543779,Bhool Gaya Sab Kuch (The Unwind Mix),Akriti Kakar & Sangeet Haldipur,Old Hindi Songs - New Versions,Indian Pop,0.99,9.99,2016-09-09 12:00:00+00:00,246340
1817507659,Aao Mil Jaye (Prem Geet / Soundtrack Version),Anuradha Paudwal & Suresh Wadkar,Old Hindi Songs - Vol.1,Soundtrack,,,1981-01-01 12:00:00+00:00,293160
1749543785,Maine Tujhe Manga (The Unwind Mix),Abhijeet Sawant & Bhavya Pandit,Old Hindi Songs - New Versions,Indian Pop,0.99,9.99,2017-04-14 12:00:00+00:00,224198
1749543793,Kasme Vaade Nibhayenge Hum (The Unwind Mix),Arnab Chakraborty & Arpita Mukherjee,Old Hindi Songs - New Versions,Indian Pop,0.99,9.99,2016-09-09 12:00:00+00:00,301506
1749544587,Aa Dekhen Zara (The Unwind Mix),Shashwat Singh & Nikhita Gandhi,Old Hindi Songs - New Versions,Indian Pop,0.99,9.99,2016-01-01 12:00:00+00:00,330693
1749544303,Pyar Karne Wale (The Unwind Mix),Aditi Singh Sharma,Old Hindi Songs - New Versions,Indian Pop,0.99,9.99,2016-09-09 12:00:00+00:00,254726
1749544291,Parda Hai Parda (The Unwind Mix),Keerti Sagathia,Old Hindi Songs - New Versions,Indian Pop,0.99,9.99,2016-01-01 12:00:00+00:00,288530
1749544909,Pucho Na Yaar Kya Hua (The Unwind Mix),Prajakta Shukre,Old Hindi Songs - New Versions,Indian Pop,0.99,9.99,2014-01-01 12:00:00+00:00,214147
1817507334,Baith Mere Paas Tujhe (Yadon Ki Kasam / Soundtrack Version),Suresh Wadkar,Old Hindi Songs - Vol.1,Soundtrack,,,1985-01-01 12:00:00+00:00,348400
1192697133,Clean White Noise - Loopable with no fade,White Noise For Babies,Best White Noise For Baby Sleep - Loopable With No Fade,New Age,1.29,5.99,2017-01-08 12:00:00+00:00,130000
1749544285,Koi Roko Na (The Unwind Mix),Abhijeet Sawant,Old Hindi Songs - New Versions,Indian Pop,0.99,9.99,2014-01-01 12:00:00+00:00,213600
1749543797,Pyar Mein Kabhi Kabhi (The Unwind Mix),Siddharth Slathia & Shweta Pandit,Old Hindi Songs - New Versions,Indian Pop,0.99,9.99,2016-01-01 12:00:00+00:00,222951
1749544581,Jahan Teri Yeh Nazar Hai (The Unwind Mix),Yasser Desai,Old Hindi Songs - New Versions,Indian Pop,0.99,9.99,2016-01-01 12:00:00+00:00,200000
1817507662,"Ye Mulaqat Ek Bahana Hai (From ""Khandaan"")",Lata Mangeshkar,Old Hindi Songs - Vol.1,Soundtrack,,,1979-07-20 12:00:00+00:00,277373
1749545277,Kiska Rasta Dekhe (The Unwind Mix),Shashwat Singh,Old Hindi Songs - New Versions,Indian Pop,0.99,9.99,2016-09-09 12:00:00+00:00,287274
1817490070,"Mausam Ye Mausam Suhaane Aa Gaye (From ""Judaai"")",Mohd. Rafi & Asha Bhosle,Old Hindi Songs - Vol.2,Soundtrack,,,1980-01-01 12:00:00+00:00,341907
1749544607,Hoga Tumse Pyara Kaun (Unwind Version),Shriram Iyer,Old Hindi Songs - New Versions,Indian Pop,0.99,9.99,2014-01-01 12:00:00+00:00,230533
1458638381,Old Town Road (feat. Billy Ray Cyrus) [Remix],Lil Nas X,Old Town Road (feat. Billy Ray Cyrus) [Remix] - Single,Country,1.29,1.29,2019-04-05 07:00:00+00:00,157067
1749544916,Tum Saath Ho Jab Apne (The Unwind Mix),Abhijeet Sawant & Prajakta Shukre,Old Hindi Songs - New Versions,Indian Pop,0.99,9.99,2018-06-22 12:00:00+00:00,239187
1749544925,Yeh Zameen Ga Rahi Hai (The Unwind Mix),Prajakta Shukre,Old Hindi Songs - New Versions,Indian Pop,0.99,9.99,2016-09-09 12:00:00+00:00,225363
1817507655,"Jab Bhi Koi Kangna Bole (From ""Shaukeeen"")",Kishore Kumar & R.D. Burman,Old Hindi Songs - Vol.1,Soundtrack,,,1982-01-01 12:00:00+00:00,246494
1749544935,Pyar Hamen Kis Mod Pe (The Unwind Mix),Ash King,Old Hindi Songs - New Versions,Indian Pop,0.99,9.99,2016-01-01 12:00:00+00:00,288973
1683552434,Burnin' It Down,Jason Aldean,"Old Boots, New Dirt",Country,1.29,9.99,2014-07-22 12:00:00+00:00,219278
1817507663,"Maar Gayi Mujhe Teree Judaai (From ""Judaai"")",Asha Bhosle & Kishore Kumar,Old Hindi Songs - Vol.1,Soundtrack,,,1980-01-01 12:00:00+00:00,338227
1851190555,Samne Yeh Kaun Aaya (Unwind Instrumental),"Shomu Seal, Ajay Singha & Nirmalya Humtoo Dey",Old Hindi Songs - Instrumental,Bollywood,0.99,9.99,2015-01-21 12:00:00+00:00,242160
266800009,Weak,SWV,It's About Time,R&B/Soul,1.29,9.99,1992-10-27 08:00:00+00:00,292000
1440745246,Day 'n' Nite,Kid Cudi,Man On the Moon: The End of Day,Hip-Hop/Rap,1.29,9.99,2008-02-05 12:00:00+00:00,221267
1065973980,Wish You Were Here,Pink Floyd,Wish You Were Here,Rock,1.29,12.99,1975-09-12 07:00:00+00:00,338467
1443711628,Kiss Me Thru the Phone (feat. Sammie),Soulja Boy Tell 'Em,iSouljaBoyTellem (Deluxe Version),Hip-Hop/Rap,1.29,10.99,2008-01-01 12:00:00+00:00,193387
1817507871,"Ye Vaada (From ""Professor Pyarelal"")",Mohd. Rafi & Asha Bhosle,Old Hindi Songs - Vol.1,Soundtrack,,,2007-01-01 12:00:00+00:00,288467
1810515850,Echoes Of Love Old Hindi Song,India Sangeet,Old Hindi Songs,Worldwide,0.99,9.99,2025-04-22 12:00:00+00:00,200342
30372391,Twisted,Keith Sweat,Keith Sweat,R&B/Soul,1.29,9.99,1996-06-04 07:00:00+00:00,260667
712330693,I Got 5 On It (feat. Michael Marshall),Luniz,Operation Stackola,Hip-Hop/Rap,1.29,7.99,1995-05-23 07:00:00+00:00,253533
1817490073,Dekh Lo Awaz Dekar (Prem Geet / Soundtrack Version),Anuradha Paudwal,Old Hindi Songs - Vol.2,Soundtrack,,,1981-01-01 12:00:00+00:00,355067
1817490077,Khwabon Ko (Prem Geet / Soundtrack Version),Suresh Wadkar,Old Hindi Songs - Vol.2,Soundtrack,,,1981-01-01 12:00:00+00:00,232027
1817490076,"Suhani Sham Aayi Hai (From ""Shaukeeen"")",Asha Bhosle & R.D. Burman,Old Hindi Songs - Vol.2,Soundtrack,,,1982-01-01 12:00:00+00:00,283403
1817507850,"Mujhe Tadpati Rahi (From ""Damaad"")",Asha Bhosle & Mohd. Rafi,Old Hindi Songs - Vol.1,Soundtrack,,,2007-05-07 12:00:00+00:00,300747
